child_id,tag,view,image_name,shoulder_width_ref,shoulder_width_512,total_arm_area,left_arm_area,right_arm_area,left_arm_width,right_arm_width,left_arm_height,right_arm_height,left_arm_aspect_ratio,right_arm_aspect_ratio,total_arm_area_norm,left_arm_area_norm,right_arm_area_norm,left_arm_width_norm,right_arm_width_norm,left_arm_height_norm,right_arm_height_norm,num_arms_detected
1,IMG_20221103_112119_1,frontal1,IMG_20221103_112119_1_frontal1.jpg,524.9209472768918,149.26285895298426,4230.0,2049.0,2181.0,44.0,40.0,75.0,79.0,1.7045454545454546,1.975,0.1898614773383356,0.09196836100856966,0.09789311632976595,0.2947819726128882,0.267983611466262,0.5024692714992413,0.5292676326458674,2
2,IMG_20221103_112803_2,frontal1,IMG_20221103_112803_2_frontal1.jpg,684.5036888914286,194.6482871405144,4732.0,2260.0,2472.0,55.0,56.0,72.0,91.0,1.309090909090909,1.625,0.12489457175058362,0.05964956300852049,0.06524500874206313,0.2825609246707428,0.28769839602839264,0.36989793775079055,0.46750989354613803,2
3,IMG_20221103_113616_3,frontal1,IMG_20221103_113616_3_frontal1.jpg,582.235610193321,165.43269232825784,4124.0,1880.0,2244.0,32.0,37.0,80.0,83.0,2.5,2.2432432432432434,0.150687067489606,0.06869342552872436,0.08199364196088163,0.19343214179519236,0.22365591395069115,0.48358035448798087,0.5017146177812801,2
4,IMG_20221103_120128_4,frontal1,IMG_20221103_120128_4_frontal1.jpg,672.5436755933735,191.28908504253133,4779.0,2236.0,2543.0,42.0,47.0,81.0,84.0,1.9285714285714286,1.7872340425531914,0.13060405187478125,0.061107064237708904,0.06949698763707234,0.21956297187924598,0.24570142091248956,0.4234428743385458,0.43912594375849195,2
5,IMG_20221103_122212_5,frontal1,IMG_20221103_122212_5_frontal1.jpg,563.1531136223953,160.14675110617387,4829.0,2346.0,2483.0,37.0,46.0,81.0,81.0,2.189189189189189,1.7608695652173914,0.18828726205435914,0.09147275145568991,0.09681451059866923,0.2310380931516356,0.287236548242574,0.5057860958184455,0.5057860958184455,2
6,IMG_20221103_122837_6,frontal1,IMG_20221103_122837_6_frontal1.jpg,669.4479908246404,190.41809627452764,6280.0,3113.0,3167.0,48.0,51.0,85.0,85.0,1.7708333333333333,1.6666666666666667,0.17319813286503058,0.08585442477847774,0.08734370808655284,0.2520768820774152,0.26783168720725364,0.44638614534542276,0.44638614534542276,2
7,IMG_20221103_123940_7,frontal1,IMG_20221103_123940_7_frontal1.jpg,668.9509559891698,190.27885190537435,4971.0,2725.0,2246.0,44.0,46.0,83.0,81.0,1.8863636363636365,1.7608695652173914,0.13729752816011873,0.07526368220404818,0.06203384595607054,0.23123957055343802,0.24175046012404885,0.436201917180349,0.4256910276097382,2
8,IMG_20221110_101308_8,frontal1,IMG_20221110_101308_8_frontal1.jpg,567.7252797412589,161.45884604485795,3985.0,2211.0,1774.0,42.0,37.0,70.0,70.0,1.6666666666666667,1.8918918918918919,0.15286379502827116,0.0848135133770408,0.06805028165123038,0.26012820621999977,0.22916056262238074,0.43354701036666626,0.43354701036666626,2
9,IMG_20221110_101801_9,frontal1,IMG_20221110_101801_9_frontal1.jpg,582.4739319237384,165.61465709875725,3342.0,1337.0,2005.0,32.0,43.0,65.0,73.0,2.03125,1.697674418604651,0.12184533492758053,0.04874542573254792,0.07309990919503259,0.1932196132913415,0.2596388553602401,0.3924773394980374,0.4407822428208728,2
10,IMG_20221110_102300_10,frontal1,IMG_20221110_102300_10_frontal1.jpg,559.7989903682632,159.20008022074447,3566.0,1827.0,1739.0,32.0,31.0,91.0,91.0,2.84375,2.935483870967742,0.1407002193045152,0.0720861751736818,0.06861404413083341,0.20100492383941815,0.19472351996943632,0.5716077521683454,0.5716077521683454,2
11,IMG_20221110_103009_11,frontal1,IMG_20221110_103009_11_frontal1.jpg,679.099430434848,193.06916650958144,7240.0,4007.0,3233.0,57.0,48.0,97.0,94.0,1.7017543859649122,1.9583333333333333,0.1942283956116503,0.10749629574805011,0.0867320998636002,0.2952309839550235,0.2486155654358093,0.502410621818198,0.4868721489784598,2
12,IMG_20221110_103448_12,frontal1,IMG_20221110_103448_12_frontal1.jpg,674.8325850924072,191.89854458704036,4647.0,2319.0,2328.0,42.0,48.0,74.0,79.0,1.7619047619047619,1.6458333333333333,0.12619126984177242,0.06297343549883155,0.06321783434294086,0.21886565158887827,0.2501321732444323,0.38562043375183314,0.41167586846479487,2
14,IMG_20221124_104636_14,frontal1,IMG_20221124_104636_14_frontal1.jpg,659.2608468468032,187.37558374518548,8546.0,4269.0,4277.0,70.0,71.0,89.0,92.0,1.2714285714285714,1.295774647887324,0.243409144959935,0.12159064355651328,0.12181850140342171,0.3735812244096537,0.37891809904407736,0.47498184246370256,0.49099246636697347,2
15,IMG_20221124_104707_15,frontal1,IMG_20221124_104707_15_frontal1.jpg,568.3365253552251,161.6437793625394,4121.0,1997.0,2124.0,53.0,52.0,66.0,72.0,1.2452830188679245,1.3846153846153846,0.15771922066383323,0.07642933357575224,0.08128988708808099,0.3278814700386957,0.32169502720777693,0.40830522684063997,0.44542388382615267,2
16,IMG_20221124_105118_16,frontal1,IMG_20221124_105118_16_frontal1.jpg,686.9093900333502,195.38241093685892,4685.0,2155.0,2530.0,34.0,43.0,84.0,85.0,2.4705882352941178,1.9767441860465116,0.1227265897836887,0.05645161173614709,0.0662749780475416,0.17401771140488007,0.22008122324734833,0.4299261105297037,0.4350442785122002,2
17,IMG_20221124_105407_17,frontal1,IMG_20221124_105407_17_frontal1.jpg,660.7283221672482,187.85964705952085,7872.0,3622.0,4250.0,52.0,64.0,96.0,97.0,1.8461538461538463,1.515625,0.22305814247618685,0.10263168090050163,0.12042646157568523,0.2768023937760539,0.3406798692628356,0.5110198038942534,0.5163429268514852,2
18,IMG_20221124_105726_18,frontal1,IMG_20221124_105726_18_frontal1.jpg,533.8075117965213,151.5005370824039,4469.0,2425.0,2044.0,46.0,40.0,76.0,73.0,1.6521739130434783,1.825,0.1947071992540694,0.10565338066482843,0.08905381858924095,0.3036292866406128,0.2640254666440111,0.5016483866236211,0.4818464766253203,2
19,IMG_20221124_110015_19,frontal1,IMG_20221124_110015_19_frontal1.jpg,603.5771513626374,171.6366058564711,4555.0,2497.0,2058.0,45.0,39.0,82.0,78.0,1.8222222222222222,2.0,0.15462102428229035,0.08476151429920505,0.0698595099830853,0.26218183338833134,0.2272242556032205,0.4777535630631815,0.454448511206441,2
20,IMG_20221124_110307_20,frontal1,IMG_20221124_110307_20_frontal1.jpg,699.9231376738246,199.03975924409968,4129.0,1933.0,2196.0,42.0,42.0,82.0,75.0,1.9523809523809523,1.7857142857142858,0.10422339298506429,0.04879239976752949,0.0554309932175348,0.21101311697474354,0.21101311697474354,0.4119779902840231,0.3768091374548992,2
21,IMG_20221124_110647_21,frontal1,IMG_20221124_110647_21_frontal1.jpg,549.733954804794,156.28432712841243,3462.0,1637.0,1825.0,34.0,29.0,71.0,80.0,2.088235294117647,2.7586206896551726,0.14174123386875334,0.06702206812338221,0.07471916574537113,0.21755220516810744,0.18555923381985634,0.4543001931451655,0.5118875415720175,2
22,IMG_20221124_113953_22,frontal1,IMG_20221124_113953_22_frontal1.jpg,643.160012767303,182.92044435909094,6183.0,3556.0,2627.0,56.0,43.0,95.0,84.0,1.6964285714285714,1.9534883720930232,0.18478841954780384,0.1062765033013085,0.07851191624649534,0.306144019036311,0.2350748717600245,0.5193514608651704,0.45921602855446647,2
23,IMG_20221124_114236_23,frontal1,IMG_20221124_114236_23_frontal1.jpg,673.7152966491137,191.62089077554256,7406.0,3712.0,3694.0,52.0,53.0,98.0,96.0,1.8846153846153846,1.8113207547169812,0.20169633106172977,0.1010932731435513,0.10060305791817847,0.27136915912216913,0.27658779679759543,0.5114264921917803,0.5009892168409276,2
24,IMG_20221124_114630_24,frontal1,IMG_20221124_114630_24_frontal1.jpg,616.3618052219625,175.16471813071752,4068.0,2312.0,1756.0,54.0,35.0,77.0,67.0,1.4259259259259258,1.9142857142857144,0.13258294913664473,0.07535196125956799,0.05723098787707673,0.3082812599264553,0.1998119277301099,0.4395862410062418,0.382497118797639,2
25,IMG_20221124_115350_25,frontal1,IMG_20221124_115350_25_frontal1.jpg,638.4503229074431,181.54447699477225,4210.0,2078.0,2132.0,43.0,35.0,79.0,79.0,1.8372093023255813,2.257142857142857,0.12773679447269287,0.06304918263996574,0.06468761183272713,0.2368565583035513,0.1927902218749836,0.43515507223210587,0.43515507223210587,2
26,IMG_20221124_115624_26,frontal1,IMG_20221124_115624_26_frontal1.jpg,571.9159174929173,162.65449836513716,5422.0,3335.0,2087.0,59.0,39.0,86.0,81.0,1.4576271186440677,2.076923076923077,0.20494029453176055,0.12605604615703087,0.07888424837472967,0.3627320522519645,0.23977203453943413,0.5287280761638804,0.49798807173574783,2
27,IMG_20221124_120039_27,frontal1,IMG_20221124_120039_27_frontal1.jpg,701.6448232049027,199.57507175944562,6439.0,3518.0,2921.0,51.0,49.0,93.0,84.0,1.8235294117647058,1.7142857142857142,0.16166121439907805,0.08832491881595847,0.07333629558311958,0.25554293705314046,0.24552164540399768,0.46599006168513846,0.42089424926399605,2
29,IMG_20221124_120851_29,frontal1,IMG_20221124_120851_29_frontal1.jpg,810.7351227085237,230.53494643843263,7595.0,3632.0,3963.0,68.0,69.0,87.0,91.0,1.2794117647058822,1.318840579710145,0.1429072429690727,0.06833957952122081,0.07456766344785189,0.2949661257459736,0.2993038628892967,0.37738313146911323,0.3947340800424058,2
30,IMG_20221124_121922_30,frontal1,IMG_20221124_121922_30_frontal1.jpg,512.3509524837692,145.7350656810234,2634.0,1175.0,1459.0,27.0,27.0,65.0,71.0,2.4074074074074074,2.6296296296296298,0.12401883533648751,0.055323512346383004,0.06869532299010452,0.1852676970626689,0.1852676970626689,0.4460148262619807,0.4871854256092405,2
31,IMG_20221124_122144_31,frontal1,IMG_20221124_122144_31_frontal1.jpg,545.7994978959371,154.8739381511807,3394.0,1627.0,1767.0,35.0,40.0,70.0,63.0,2.0,1.575,0.14149958118535846,0.06783141384460172,0.07366816734075675,0.22599024999180065,0.25827457141920074,0.4519804999836013,0.40678244998524116,2
32,IMG_20221124_122427_32,frontal1,IMG_20221124_122427_32_frontal1.jpg,492.008359430017,139.9489644163828,3086.0,1620.0,1466.0,38.0,33.0,66.0,64.0,1.736842105263158,1.9393939393939394,0.15756383525741804,0.08271335486617538,0.07485048039124266,0.27152755405135115,0.23580024430775232,0.47160048861550463,0.45730956471806505,2
33,IMG_20221124_122959_33,frontal1,IMG_20221124_122959_33_frontal1.jpg,621.3910799202763,176.71488937509932,3829.0,2170.0,1659.0,42.0,35.0,74.0,70.0,1.7619047619047619,2.0,0.12261372317023463,0.06948858168697027,0.05312514148326437,0.23767097468991297,0.1980591455749275,0.4187536220727038,0.396118291149855,2
34,IMG_20221124_123422_34,frontal1,IMG_20221124_123422_34_frontal1.jpg,630.0506656567703,178.61686091052854,5686.0,2474.0,3212.0,42.0,52.0,77.0,83.0,1.8333333333333333,1.5961538461538463,0.17822226145641828,0.07754517672233184,0.10067708473408644,0.23514017537817067,0.2911259314205923,0.4310903215266462,0.4646817751520992,2
35,IMG_20221124_123705_35,frontal1,IMG_20221124_123705_35_frontal1.jpg,568.8282640975888,161.30257102941493,3982.0,1989.0,1993.0,43.0,46.0,62.0,68.0,1.441860465116279,1.4782608695652173,0.1530448345508875,0.07644554895070699,0.0765992856001805,0.26657975583140936,0.2851783434475542,0.38437081073366003,0.4215679859659497,2
36,IMG_20221124_124009_36,frontal1,IMG_20221124_124009_36_frontal1.jpg,557.1667424387164,158.38643343532618,3520.0,1848.0,1672.0,34.0,32.0,78.0,73.0,2.2941176470588234,2.28125,0.14031584133242228,0.0736658166995217,0.06665002463290058,0.21466485015513148,0.20203750602835904,0.4924664209441251,0.460898060627194,2
38,IMG_20221124_124350_38,frontal1,IMG_20221124_124350_38_frontal1.jpg,529.8378730412618,150.52902883669768,1722.0,597.0,1125.0,16.0,25.0,46.0,63.0,2.875,2.52,0.07599633135824271,0.02634716017472178,0.04964917118352094,0.10629179051807805,0.16608092268449695,0.3055888977394744,0.4185239251649323,2
39,IMG_20221124_124641_39,frontal1,IMG_20221124_124641_39_frontal1.jpg,418.3418030336718,118.96770244862235,2996.0,1715.0,1281.0,38.0,38.0,69.0,62.0,1.8157894736842106,1.631578947368421,0.21168186844298312,0.12117303216946464,0.09050883627351848,0.3194144227204082,0.3194144227204082,0.579989346518636,0.5211498475964554,2
40,IMG_20221124_125619_40,frontal1,IMG_20221124_125619_40_frontal1.jpg,534.7815370873768,152.07725291036135,4033.0,1937.0,2096.0,36.0,44.0,73.0,66.0,2.0277777777777777,1.5,0.17438121695412356,0.08375314089762889,0.09062807605649466,0.23672179310879202,0.28932663602185693,0.4800191915817172,0.4339899540327854,2
41,IMG_20221124_130013_41,frontal1,IMG_20221124_130013_41_frontal1.jpg,739.5259350704554,210.11191095221722,4908.0,2895.0,2013.0,45.0,33.0,94.0,82.0,2.088888888888889,2.484848484848485,0.11117399412429727,0.06557634738994307,0.045597646734354194,0.2141715802595966,0.1570591588570375,0.4473806343200462,0.3902682129174871,2
42,IMG_20221124_130259_42,frontal1,IMG_20221124_130259_42_frontal1.jpg,665.0317539006793,189.05251562241938,9251.0,6092.0,3159.0,88.0,45.0,97.0,97.0,1.1022727272727273,2.1555555555555554,0.2588354516426722,0.17044920240051445,0.08838624924215777,0.46547912737514635,0.23802909922592713,0.5130849472203318,0.5130849472203318,2
43,IMG_20221124_131128_43,frontal1,IMG_20221124_131128_43_frontal1.jpg,594.3635659622755,168.57207166605326,3537.0,2063.0,1474.0,43.0,28.0,77.0,72.0,1.7906976744186047,2.5714285714285716,0.12446974837721211,0.07259855552790179,0.051871192849310334,0.25508377262625326,0.16610106124500212,0.4567779184237558,0.42711701463000545,2
44,IMG_20221125_115503_44,frontal1,IMG_20221125_115503_44_frontal1.jpg,496.0119545102219,141.0392809526137,2365.0,658.0,1707.0,26.0,38.0,46.0,69.0,1.7692307692307692,1.8157894736842106,0.1188915460848123,0.03307849358300486,0.08581305250180744,0.18434580653268834,0.2694284864708522,0.32615027309629474,0.4892254096444421,2
45,IMG_20221125_115709_45,frontal1,IMG_20221125_115709_45_frontal1.jpg,635.3184284288806,180.7101946011596,5034.0,2705.0,2329.0,41.0,44.0,84.0,76.0,2.048780487804878,1.7272727272727273,0.1541515528820035,0.08283272756174404,0.07131882532025947,0.2268826066536531,0.2434837729941643,0.4648326575343137,0.4205628806262838,2
46,IMG_20221125_120004_46,frontal1,IMG_20221125_120004_46_frontal1.jpg,638.0986850676271,181.28525672482408,5661.0,2590.0,3071.0,49.0,54.0,83.0,83.0,1.6938775510204083,1.537037037037037,0.1722535507578482,0.07880881407221813,0.09344473668563007,0.27029225037520793,0.2978730922502292,0.45784197512535224,0.45784197512535224,2
47,IMG_20221125_120154_47,frontal1,IMG_20221125_120154_47_frontal1.jpg,613.4776931474094,174.43756860201756,4812.0,2577.0,2235.0,38.0,36.0,90.0,87.0,2.3684210526315788,2.4166666666666665,0.15814139642818492,0.08469043611708905,0.07345096031109587,0.21784298132873933,0.2063775612588057,0.5159439031470142,0.49874577304211376,2
48,IMG_20221125_120347_48,frontal1,IMG_20221125_120347_48_frontal1.jpg,563.7296046790815,159.75002317091045,3877.0,2151.0,1726.0,45.0,47.0,74.0,65.0,1.6444444444444444,1.3829787234042554,0.15191964656523424,0.08428660298215601,0.06763304358307823,0.28169009998737976,0.29420965998681886,0.4632237199792467,0.40688569998177077,2
49,IMG_20221125_120655_49,frontal1,IMG_20221125_120655_49_frontal1.jpg,563.9209325259615,160.1121287157804,2542.0,843.0,1699.0,26.0,37.0,49.0,69.0,1.8846153846153846,1.864864864864865,0.0991578457770819,0.03288358142804093,0.06627426434904098,0.16238619902526774,0.23108805245903485,0.30603552893223535,0.43094798972090287,2
50,IMG_20221125_120803_50,frontal1,IMG_20221125_120803_50_frontal1.jpg,560.7513589757496,159.48363815212616,5012.0,2318.0,2694.0,46.0,45.0,83.0,86.0,1.8043478260869565,1.9111111111111112,0.1970510683425278,0.09113415331563836,0.10591691502688945,0.28843084176523565,0.28216060607468707,0.5204295623155338,0.5392402693871797,2
51,IMG_20221125_121118_51,frontal1,IMG_20221125_121118_51_frontal1.jpg,539.665733992677,152.85482702852735,3911.0,1815.0,2096.0,31.0,45.0,70.0,78.0,2.2580645161290325,1.7333333333333334,0.16738999641998042,0.07768162707805279,0.08970836934192764,0.20280681089786232,0.29439698356141303,0.4579508633177536,0.5102881048397826,2
52,IMG_20221125_121303_52,frontal1,IMG_20221125_121303_52_frontal1.jpg,690.6298328744721,196.13497641101583,5857.0,2426.0,3431.0,43.0,50.0,84.0,108.0,1.9534883720930232,2.16,0.15225274413803358,0.06306388206912573,0.08918886206890785,0.21923677656498256,0.2549264843778867,0.4282764937548496,0.5506412062562352,2
53,IMG_20221125_121449_53,frontal1,IMG_20221125_121449_53_frontal1.jpg,533.8177739506173,151.83567671135447,4661.0,2191.0,2470.0,44.0,43.0,70.0,80.0,1.5909090909090908,1.8604651162790697,0.2021768585588029,0.09503743769627486,0.10713942086252803,0.28978696544189486,0.2832008980454882,0.46102471774846915,0.5268853917125361,2
54,IMG_20221125_121859_54,frontal1,IMG_20221125_121859_54_frontal1.jpg,580.985198605924,165.254348280092,4573.0,2523.0,2050.0,48.0,44.0,73.0,71.0,1.5208333333333333,1.6136363636363635,0.16745395520580028,0.09238712639060444,0.07506682881519584,0.2904613433750264,0.2662562314271075,0.4417432930495193,0.4296407370755599,2
55,IMG_20221125_122110_55,frontal1,IMG_20221125_122110_55_frontal1.jpg,629.657481331169,179.0972280448378,5615.0,2847.0,2768.0,45.0,42.0,87.0,90.0,1.9333333333333333,2.142857142857143,0.17505399733573887,0.08875845599552068,0.0862955413402182,0.2512601701950074,0.2345094921820069,0.4857696623770143,0.5025203403900148,2
56,IMG_20221125_122248_56,frontal1,IMG_20221125_122248_56_frontal1.jpg,672.8145524223189,191.2258728575046,6075.0,3750.0,2325.0,57.0,45.0,88.0,76.0,1.543859649122807,1.6888888888888889,0.16613187948625482,0.1025505428927499,0.06358133659350494,0.29807681956549137,0.23532380492012478,0.4601887740660218,0.3974357594206552,2
57,IMG_20221125_122809_57,frontal1,IMG_20221125_122809_57_frontal1.jpg,646.047861033872,183.74984237644586,6734.0,3484.0,3250.0,49.0,46.0,98.0,92.0,2.0,2.0,0.19944316691958486,0.10318681222866552,0.09625635469091932,0.2666668954175991,0.25034035080019507,0.5333337908351982,0.5006807016003901,2
58,IMG_20221125_123105_58,frontal1,IMG_20221125_123105_58_frontal1.jpg,657.5457025608126,186.9843784092492,6244.0,3499.0,2745.0,55.0,42.0,93.0,91.0,1.690909090909091,2.1666666666666665,0.17858798799688413,0.10007677290216169,0.07851121509472245,0.2941422190875354,0.22461769457593614,0.4973677522752871,0.48667167158119495,2
59,IMG_20221125_123540_59,frontal1,IMG_20221125_123540_59_frontal1.jpg,509.3401291414935,144.83952985811513,4056.0,1801.0,2255.0,33.0,40.0,72.0,77.0,2.1818181818181817,1.925,0.19334089889996695,0.08584984194251491,0.10749105695745205,0.2278383534683302,0.27616770117373357,0.49710186211272045,0.5316228247594371,2
60,IMG_20221125_123733_60,frontal1,IMG_20221125_123733_60_frontal1.jpg,492.2242158220919,140.0020662194589,3467.0,2072.0,1395.0,43.0,32.0,73.0,64.0,1.697674418604651,2.0,0.17688253394731832,0.10571116537030388,0.07117136857701443,0.3071383241772715,0.22856805520169043,0.5214208759288563,0.45713611040338087,2
61,IMG_20221125_123801_61,frontal1,IMG_20221125_123801_61_frontal1.jpg,609.7714918961764,173.4400960316231,4521.0,2623.0,1898.0,46.0,35.0,85.0,79.0,1.8478260869565217,2.257142857142857,0.15029187284340373,0.08719654555811723,0.06309532728528651,0.2652212553642318,0.20179878125539377,0.49008275447738486,0.4554886776907459,2
62,IMG_20221125_123822_62,frontal1,IMG_20221125_123822_62_frontal1.jpg,711.9490637432607,202.36143062529294,7619.0,4172.0,3447.0,68.0,59.0,90.0,87.0,1.3235294117647058,1.4745762711864407,0.1860554908736693,0.1018799721649755,0.0841755187086938,0.3360324138344017,0.2915575355327897,0.44474878301611986,0.4299238235822492,2
63,IMG_20221125_124401_63,frontal1,IMG_20221125_124401_63_frontal1.jpg,632.4710521756767,179.89102526274343,4609.0,2022.0,2587.0,40.0,46.0,67.0,80.0,1.675,1.7391304347826086,0.1424254873286658,0.06248304087189461,0.07994244645677119,0.2223568404347977,0.2557103665000173,0.3724477077282861,0.4447136808695954,2
64,IMG_20221125_124533_64,frontal1,IMG_20221125_124533_64_frontal1.jpg,534.862380645418,152.0831642330152,3063.0,1592.0,1471.0,32.0,26.0,69.0,69.0,2.15625,2.6538461538461537,0.13242949321852082,0.06883047770286815,0.06359901551565267,0.21041119285873744,0.17095909419772418,0.4536991346016526,0.4536991346016526,2
65,IMG_20221125_124957_65,frontal1,IMG_20221125_124957_65_frontal1.jpg,606.7250431771623,172.55853354313,5865.0,3244.0,2621.0,63.0,44.0,76.0,82.0,1.2063492063492063,1.8636363636363635,0.19696775447388462,0.10894516547541035,0.08802258899847426,0.36509350599142354,0.2549859406924228,0.44043026119600304,0.4752010712904243,2
66,IMG_20221125_125729_66,frontal1,IMG_20221125_125729_66_frontal1.jpg,698.3359831246287,198.60949550886613,5653.0,2513.0,3140.0,46.0,53.0,77.0,95.0,1.673913043478261,1.7924528301886793,0.14331081603688703,0.06370778006380631,0.07960303597308072,0.23161027564236733,0.26685531758794495,0.387695461401354,0.4783255692614108,2
68,IMG_20221128_105950_68,frontal1,IMG_20221128_105950_68_frontal1.jpg,604.5119287020601,171.9077971190966,5414.0,2558.0,2856.0,37.0,48.0,86.0,81.0,2.324324324324324,1.6875,0.183200688334648,0.08655843383081448,0.09664225450383351,0.21523165685362508,0.27921944672902715,0.500268175389507,0.4711828163552333,2
69,IMG_20221128_110355_69,frontal1,IMG_20221128_110355_69_frontal1.jpg,623.5759679166703,177.3187460035612,6251.0,3054.0,3197.0,51.0,51.0,91.0,92.0,1.7843137254901962,1.803921568627451,0.19881090226593168,0.09713141825630385,0.10167948400962783,0.2876176442110398,0.2876176442110398,0.5132001102589142,0.518839671910111,2
70,IMG_20221128_110804_70,frontal1,IMG_20221128_110804_70_frontal1.jpg,461.5202890345272,131.27143359104178,2424.0,1265.0,1159.0,28.0,27.0,61.0,61.0,2.1785714285714284,2.259259259259259,0.14066697858458924,0.07340912867553852,0.0672578499090507,0.2132985009307522,0.20568069732608246,0.464686019884853,0.464686019884853,2
71,IMG_20221128_111029_71,frontal1,IMG_20221128_111029_71_frontal1.jpg,593.1831361257806,168.66944500194282,5243.0,3252.0,1991.0,46.0,41.0,95.0,72.0,2.0652173913043477,1.7560975609756098,0.18429223030144717,0.1143082839863258,0.06998394631512136,0.2727227803439452,0.24307899987177725,0.5632318289711912,0.4268704387992186,2
72,IMG_20221128_111319_72,frontal1,IMG_20221128_111319_72_frontal1.jpg,595.0835382499273,169.2513749276979,4973.0,2747.0,2226.0,45.0,41.0,80.0,77.0,1.7777777777777777,1.8780487804878048,0.1736017298723125,0.09589462134712297,0.07770710852518956,0.2658767175110007,0.24224323151002286,0.4726697200195568,0.45494460551882343,2
73,IMG_20221128_111721_73,frontal1,IMG_20221128_111721_73_frontal1.jpg,470.5216452330409,133.72336500917967,3654.0,1970.0,1684.0,37.0,30.0,73.0,70.0,1.972972972972973,2.3333333333333335,0.2043402638241977,0.11016702784172673,0.09417323598247097,0.2766906142203352,0.22434374125973122,0.5459031037320127,0.5234687296060395,2
74,IMG_20221128_113754_74,frontal1,IMG_20221128_113754_74_frontal1.jpg,654.033831059544,185.9930758425656,6046.0,3059.0,2987.0,50.0,52.0,88.0,93.0,1.76,1.7884615384615385,0.17477310006428085,0.08842721023761745,0.08634588982666339,0.2688272118383732,0.27958030031190817,0.4731358928355369,0.5000186140193742,2
75,IMG_20221128_114404_75,frontal1,IMG_20221128_114404_75_frontal1.jpg,616.0079996378373,175.21789437016295,5535.0,2755.0,2780.0,47.0,49.0,91.0,90.0,1.9361702127659575,1.836734693877551,0.1802854636659699,0.0897355830893852,0.0905498805765847,0.2682374432642618,0.2796518025521027,0.5193533475967622,0.5136461679528417,2
76,IMG_20221128_114824_76,frontal1,IMG_20221128_114824_76_frontal1.jpg,562.0949388695955,159.84136415206447,4189.0,1851.0,2338.0,40.0,41.0,77.0,85.0,1.925,2.073170731707317,0.16395777107660664,0.07244827745590807,0.09150949362069857,0.25024811451149875,0.2565043173742862,0.4817276204346351,0.5317772433369349,2
77,IMG_20221128_115043_77,frontal1,IMG_20221128_115043_77_frontal1.jpg,535.8664756476202,152.4164889576513,4165.0,2006.0,2159.0,34.0,38.0,80.0,80.0,2.3529411764705883,2.1052631578947367,0.17928794923097277,0.08635093065001954,0.09293701858095324,0.22307297742206128,0.24931685711877438,0.5248775939342618,0.5248775939342618,2
78,IMG_20221128_115616_78,frontal1,IMG_20221128_115616_78_frontal1.jpg,464.9182096752975,131.76125654709455,2557.0,1203.0,1354.0,27.0,28.0,64.0,65.0,2.3703703703703702,2.3214285714285716,0.14728389891104723,0.06929312881892445,0.07799077009212278,0.2049160785769341,0.2125055629686724,0.4857270010712512,0.4933164854629895,2
79,IMG_20221128_115919_79,frontal1,IMG_20221128_115919_79_frontal1.jpg,490.4989192483729,139.51457470186335,2670.0,1120.0,1550.0,24.0,25.0,67.0,77.0,2.7916666666666665,3.08,0.13717409458274216,0.05754119323321019,0.07963290134953196,0.17202503789505125,0.17919274780734504,0.4802365641236847,0.5519136632466227,2
80,IMG_20221128_120231_80,frontal1,IMG_20221128_120231_80_frontal1.jpg,472.82061322744033,134.46106657542313,1974.0,904.0,1070.0,23.0,26.0,54.0,57.0,2.347826086956522,2.1923076923076925,0.10918275399404584,0.050000612771336085,0.05918214122270975,0.1710532318818,0.1933645229968174,0.40160324007031306,0.4239145311853304,2
81,IMG_20221128_120545_81,frontal1,IMG_20221128_120545_81_frontal1.jpg,470.3620806719745,133.77202518908473,3845.0,1995.0,1850.0,32.0,39.0,81.0,71.0,2.53125,1.8205128205128205,0.21486503092502768,0.1114839367218284,0.10338109420319927,0.23921294422184672,0.2915407757703757,0.6055077650615495,0.5307537199922224,2
82,IMG_20221128_120834_82,frontal1,IMG_20221128_120834_82_frontal1.jpg,586.4795184207456,166.40999452146173,5618.0,2872.0,2746.0,51.0,47.0,77.0,86.0,1.5098039215686274,1.8297872340425532,0.20287237911232106,0.10371119131551905,0.099161187796802,0.3064719769185653,0.2824349591210308,0.4627125926025398,0.5167958826469925,2
83,IMG_20221128_124037_83,frontal1,IMG_20221128_124037_83_frontal1.jpg,599.621382239847,170.3844952433046,5750.0,2678.0,3072.0,45.0,47.0,78.0,98.0,1.7333333333333334,2.0851063829787235,0.19806498283280333,0.09224661287412997,0.10581836995867336,0.2641085383722338,0.27584669563322195,0.45778813317853856,0.5751697057884203,2
84,IMG_20221128_124256_84,frontal1,IMG_20221128_124256_84_frontal1.jpg,698.9909121213117,198.77206121963485,5062.0,2378.0,2684.0,40.0,41.0,85.0,91.0,2.125,2.2195121951219514,0.12811838581385876,0.060186788120378525,0.06793159769348021,0.201235524522743,0.20626641263581158,0.42762548961082886,0.4578108182892403,2
85,IMG_20221128_124853_85,frontal1,IMG_20221128_124853_85_frontal1.jpg,515.1711061333075,146.52897433792552,4255.0,2065.0,2190.0,38.0,38.0,77.0,78.0,2.026315789473684,2.0526315789473686,0.19817667842279924,0.0961774009266934,0.10199927749610584,0.2593343751411533,0.2593343751411533,0.5254933391018106,0.5323179279213146,2
86,IMG_20221128_125653_86,frontal1,IMG_20221128_125653_86_frontal1.jpg,439.6733649296222,125.06189678853369,1986.0,606.0,1380.0,23.0,31.0,43.0,63.0,1.8695652173913044,2.032258064516129,0.12697821616453756,0.03874561882966252,0.08823259733487504,0.1839089330213066,0.24787725755045673,0.3438297443441819,0.5037505556670572,2
87,IMG_20221128_131530_87,frontal1,IMG_20221128_131530_87_frontal1.jpg,480.2662079508374,136.50970483531765,3113.0,1574.0,1539.0,32.0,39.0,64.0,63.0,2.0,1.6153846153846154,0.1670521484499335,0.0844651723932526,0.0825869760566809,0.2344155680257613,0.2856939735313966,0.4688311360515226,0.46150564955071754,2
88,IMG_20221201_085854_88,frontal1,IMG_20221201_085854_88_frontal1.jpg,558.953296597613,158.91067210692628,4275.0,2079.0,2196.0,37.0,37.0,78.0,87.0,2.108108108108108,2.3513513513513513,0.16928948744302952,0.08232815073545224,0.08696133670757726,0.2328352118170125,0.2328352118170125,0.4908417978845128,0.5474773899481105,2
89,IMG_20221201_090220_89,frontal1,IMG_20221201_090220_89_frontal1.jpg,534.0170883096656,151.80632547395828,4890.0,2258.0,2632.0,41.0,44.0,82.0,90.0,2.0,2.0454545454545454,0.2121920569735636,0.09798152651253714,0.11421053046102646,0.27008097239685425,0.2898429947673558,0.5401619447937085,0.5928606711150459,2
90,IMG_20221201_090630_90,frontal1,IMG_20221201_090630_90_frontal1.jpg,696.3249337290168,197.88084331452944,6425.0,2984.0,3441.0,49.0,58.0,84.0,92.0,1.7142857142857142,1.5862068965517242,0.1640837704025665,0.07620637679085734,0.08787739361170915,0.24762376781523532,0.29310568435272755,0.4244978876832606,0.4649262579388092,2
91,IMG_20221201_092913_91,frontal1,IMG_20221201_092913_91_frontal1.jpg,638.9911854968053,181.7293948045763,5721.0,2999.0,2722.0,43.0,48.0,87.0,91.0,2.0232558139534884,1.8958333333333333,0.1732293944174769,0.09080841703513602,0.08242097738234086,0.23661554613242558,0.2641289817292192,0.47873377938420986,0.5007445278616448,2
92,IMG_20221201_093005_92,frontal1,IMG_20221201_093005_92_frontal1.jpg,491.5616734718055,139.8180231459902,1296.0,776.0,520.0,23.0,17.0,50.0,45.0,2.1739130434782608,2.6470588235294117,0.06629468122044838,0.03969496344681168,0.02659971777363669,0.16449953648668514,0.12158661392494118,0.3576076880145329,0.3218469192130796,2
93,IMG_20221201_093748_93,frontal1,IMG_20221201_093748_93_frontal1.jpg,661.7656021846406,188.23388261715172,7428.0,3600.0,3828.0,58.0,55.0,90.0,101.0,1.5517241379310345,1.8363636363636364,0.20964103464021966,0.10160308625535686,0.10803794838486279,0.3081273105223357,0.29218969101255976,0.47812858529327956,0.5365665234957915,2
94,IMG_20221201_094010_94,frontal1,IMG_20221201_094010_94_frontal1.jpg,626.1494583457404,178.09543905640737,4979.0,2030.0,2949.0,38.0,46.0,73.0,86.0,1.9210526315789473,1.8695652173913044,0.15697718298360938,0.06400154277098354,0.09297564021262585,0.2133687431937234,0.2582884786029283,0.40989258560899494,0.48288715564895296,2
95,IMG_20221201_094345_95,frontal1,IMG_20221201_094345_95_frontal1.jpg,543.651910070715,154.5495724680935,4268.0,1990.0,2278.0,36.0,44.0,71.0,79.0,1.9722222222222223,1.7954545454545454,0.17868528728632208,0.08331389917989243,0.09537138810642963,0.23293496982938688,0.28469829645813954,0.45939952383017973,0.5111628504589324,2
96,IMG_20221201_095011_96,frontal1,IMG_20221201_095011_96_frontal1.jpg,563.250232248792,160.1895568304096,2960.0,1567.0,1393.0,34.0,30.0,62.0,67.0,1.8235294117647058,2.2333333333333334,0.11535151724437151,0.061066157946598025,0.054285359297773485,0.2122485427436154,0.18727812595024887,0.387041460297181,0.41825448128888915,2
97,IMG_20221201_095245_97,frontal1,IMG_20221201_095245_97_frontal1.jpg,587.5718594941467,167.11488806658784,5114.0,2688.0,2426.0,46.0,39.0,90.0,85.0,1.9565217391304348,2.1794871794871793,0.18311774808247222,0.09624961025531587,0.08686813782715636,0.27525973617426025,0.2333723850173076,0.5385516577322483,0.5086321211915679,2
98,IMG_20221201_095631_98,frontal1,IMG_20221201_095631_98_frontal1.jpg,458.8233906198642,130.34959918650105,4047.0,2105.0,1942.0,39.0,39.0,73.0,78.0,1.8717948717948718,2.0,0.23818466898658552,0.12388898646324747,0.11429568252333805,0.29919539640624243,0.29919539640624243,0.5600324086578384,0.5983907928124849,2
99,IMG_20221201_100509_99,frontal1,IMG_20221201_100509_99_frontal1.jpg,654.3091135618017,186.10522328107155,4272.0,1925.0,2347.0,38.0,39.0,78.0,88.0,2.0526315789473686,2.2564102564102564,0.12334288981817075,0.05557936865636205,0.0677635211618087,0.20418556411288494,0.20955886843164506,0.4191177368632901,0.47285078005089143,2
100,IMG_20221201_101008_100,frontal1,IMG_20221201_101008_100_frontal1.jpg,631.6573929014414,179.6563318218175,5967.0,3140.0,2827.0,59.0,54.0,97.0,88.0,1.6440677966101696,1.6296296296296295,0.18487193275609584,0.09728471071797234,0.08758722203812351,0.32840479042239373,0.300573875979818,0.5399197401859693,0.489824094189333,2
101,IMG_20221201_101421_101,frontal1,IMG_20221201_101421_101_frontal1.jpg,691.7844224456805,196.70287687062248,6702.0,3524.0,3178.0,54.0,49.0,92.0,94.0,1.7037037037037037,1.9183673469387754,0.17321400365122774,0.09107820782854768,0.08213579582268006,0.27452572559738136,0.24910667693095717,0.4677104954622053,0.47787811492877497,2
102,IMG_20221201_102739_102,frontal1,IMG_20221201_102739_102_frontal1.jpg,555.3646720767766,157.96550560386353,4366.0,2068.0,2298.0,41.0,42.0,78.0,87.0,1.9024390243902438,2.0714285714285716,0.17496823368281997,0.08287547119928348,0.09209276248353648,0.25955033564617175,0.2658808316375418,0.49377868732686325,0.5507531512491937,2
103,IMG_20221201_103213_103,frontal1,IMG_20221201_103213_103_frontal1.jpg,625.9054465953951,177.99491299136648,4366.0,2471.0,1895.0,44.0,32.0,77.0,77.0,1.75,2.40625,0.1378061343235747,0.0779933481249549,0.059812786198619794,0.2471980758356515,0.17978041878956472,0.43259663271239013,0.43259663271239013,2
104,IMG_20221201_103953_104,frontal1,IMG_20221201_103953_104_frontal1.jpg,560.5762961986759,159.4484985317625,4986.0,2526.0,2460.0,43.0,43.0,78.0,81.0,1.813953488372093,1.8837209302325582,0.19611526818175976,0.09935562924731753,0.09675963893444224,0.2696795541880521,0.2696795541880521,0.48918616806204807,0.5080010206798191,2
105,IMG_20221201_104823_105,frontal1,IMG_20221201_104823_105_frontal1.jpg,537.0886124582097,152.62703831247305,3825.0,1942.0,1883.0,33.0,33.0,74.0,80.0,2.242424242424242,2.4242424242424243,0.16419823542887893,0.08336548319029617,0.08083275223858274,0.21621332867928134,0.21621332867928134,0.48484200976566116,0.524153524070985,2
106,IMG_20221201_105200_106,frontal1,IMG_20221201_105200_106_frontal1.jpg,558.6438722112542,158.9031146242079,3771.0,1890.0,1881.0,36.0,38.0,76.0,77.0,2.111111111111111,2.026315789473684,0.14934535268244803,0.07485089275253959,0.07449445992990844,0.22655314268154456,0.23913942838607483,0.47827885677214965,0.4845719996244148,2
107,IMG_20221201_112658_107,frontal1,IMG_20221201_112658_107_frontal1.jpg,590.0992789382968,167.84785926481487,4058.0,2163.0,1895.0,35.0,37.0,82.0,80.0,2.342857142857143,2.1621621621621623,0.14403911006820616,0.07677589824483241,0.06726321182337375,0.2085221709308799,0.22043772355550162,0.48853765760949003,0.47662210498486834,2
108,IMG_20221201_113032_108,frontal1,IMG_20221201_113032_108_frontal1.jpg,553.0988960813919,157.1772622062942,4389.0,2323.0,2066.0,43.0,41.0,72.0,71.0,1.6744186046511629,1.7317073170731707,0.1776585615228742,0.09403072189966662,0.08362783962320759,0.273576466445654,0.26085197963422824,0.4580815252113276,0.4517192818056147,2
109,IMG_20221201_113343_109,frontal1,IMG_20221201_113343_109_frontal1.jpg,563.5380457055323,160.23760580419093,6151.0,3219.0,2932.0,49.0,45.0,91.0,89.0,1.8571428571428572,1.9777777777777779,0.23956139446510089,0.12536955434614855,0.11419184011895234,0.3057958820220867,0.28083295287742654,0.567906638041018,0.555425173468688,2
110,IMG_20221201_114337_110,frontal1,IMG_20221201_114337_110_frontal1.jpg,525.8127985086137,149.5520442627684,3537.0,1908.0,1629.0,33.0,30.0,75.0,73.0,2.272727272727273,2.433333333333333,0.15814313795987012,0.08530876653305972,0.07283437142681042,0.22065896967625395,0.20059906334204905,0.5014976583551226,0.4881243874656527,2
111,IMG_20221201_114940_111,frontal1,IMG_20221201_114940_111_frontal1.jpg,594.6218469853028,168.80017255089132,6161.0,3158.0,3003.0,54.0,48.0,81.0,91.0,1.5,1.8958333333333333,0.21622476626946888,0.1108323018793999,0.105392464390069,0.319904886256675,0.2843598988948222,0.4798573293850125,0.5390989749881004,2
112,IMG_20221201_115626_112,frontal1,IMG_20221201_115626_112_frontal1.jpg,657.0460432515782,186.70781246835392,4483.0,2000.0,2483.0,46.0,51.0,67.0,68.0,1.4565217391304348,1.3333333333333333,0.1286008258610803,0.05737266377920156,0.07122816208187874,0.24637426464303297,0.2731540760172757,0.3588494724148524,0.3642054346897009,2
113,IMG_20221201_121100_113,frontal1,IMG_20221201_121100_113_frontal1.jpg,625.755741345315,177.9744608868564,5692.0,3008.0,2684.0,44.0,44.0,89.0,89.0,2.022727272727273,2.022727272727273,0.17970059673681968,0.0949647566732877,0.08473584006353198,0.24722648283773757,0.24722648283773757,0.5000717493763328,0.5000717493763328,2
114,IMG_20221201_121355_114,frontal1,IMG_20221201_121355_114_frontal1.jpg,497.7777098957196,141.5759146131441,3611.0,1856.0,1755.0,29.0,31.0,76.0,80.0,2.6206896551724137,2.5806451612903225,0.18015600243886312,0.09259749114553585,0.08755851129332727,0.20483710155955862,0.21896379821883855,0.5368144730526364,0.5650678663711962,2
115,IMG_20221201_121924_115,frontal1,IMG_20221201_121924_115_frontal1.jpg,490.5989540844353,139.08790202744015,3576.0,1583.0,1993.0,34.0,40.0,68.0,69.0,2.0,1.725,0.18484972013827441,0.08182805005002472,0.1030216700882497,0.24444972930350378,0.2875879168276515,0.48889945860700756,0.49608915652769886,2
116,IMG_20221201_122617_116,frontal1,IMG_20221201_122617_116_frontal1.jpg,499.9007088514361,142.0963249124554,3335.0,1895.0,1440.0,43.0,34.0,67.0,66.0,1.558139534883721,1.9411764705882353,0.16516961129461993,0.09385199802198044,0.0713176132726395,0.3026116264899322,0.2392743093176208,0.4715111389494292,0.46447365926361683,2
117,IMG_20221201_123046_117,frontal1,IMG_20221201_123046_117_frontal1.jpg,571.1786002510098,162.39852921158825,4877.0,2872.0,2005.0,48.0,38.0,87.0,76.0,1.8125,2.0,0.184921995918313,0.10889808740565816,0.07602390851265481,0.29556917930864407,0.23399226695267655,0.5357191374969174,0.4679845339053531,2
118,IMG_20221203_112316_118,frontal1,IMG_20221203_112316_118_frontal1.jpg,597.9995996014243,170.0739775664426,5451.0,2491.0,2960.0,42.0,53.0,85.0,83.0,2.0238095238095237,1.5660377358490567,0.18845186702727784,0.08611880402952653,0.10233306299775131,0.24695135964343462,0.3116290966929056,0.49978251356409387,0.4880229250096446,2
119,IMG_20221203_112934_119,frontal1,IMG_20221203_112934_119_frontal1.jpg,537.0308759813481,152.75350072988365,3680.0,1784.0,1896.0,39.0,33.0,66.0,75.0,1.6923076923076923,2.272727272727273,0.15771226709706787,0.07645616426662204,0.08125610283044583,0.25531329765701605,0.21603432878670586,0.43206865757341173,0.490987110878877,2
120,IMG_20221203_113052_120,frontal1,IMG_20221203_113052_120_frontal1.jpg,579.1965740853414,164.73646202059984,3914.0,1933.0,1981.0,33.0,37.0,81.0,81.0,2.4545454545454546,2.189189189189189,0.14422526717870465,0.07122826812887995,0.0729969990498247,0.2003199510007289,0.22460115718263546,0.49169442518360734,0.49169442518360734,2
121,IMG_20221203_113143_121,frontal1,IMG_20221203_113143_121_frontal1.jpg,579.9055269592847,164.79357428429591,4350.0,2052.0,2298.0,37.0,40.0,78.0,91.0,2.108108108108108,2.275,0.1601801551705458,0.07556084561148506,0.08461930955906075,0.22452331749397544,0.2427279108042978,0.4733194260683807,0.5522059970797775,2
122,IMG_20221203_113253_122,frontal1,IMG_20221203_113253_122_frontal1.jpg,517.8326006011927,147.23759402355412,4726.0,2207.0,2519.0,39.0,43.0,80.0,86.0,2.051282051282051,2.0,0.2179998993280433,0.10180401561933805,0.11619588370870527,0.26487800387284943,0.2920449786290391,0.5433394951237936,0.5840899572580782,2
123,IMG_20221203_113425_123,frontal1,IMG_20221203_113425_123_frontal1.jpg,572.9681150712646,162.97757516821753,5814.0,3171.0,2643.0,50.0,41.0,85.0,90.0,1.7,2.1951219512195124,0.21888667469245923,0.11938246395765191,0.09950421073480732,0.306790673185513,0.25156835201212063,0.5215441444153721,0.5522232117339234,2
124,IMG_20221203_113549_124,frontal1,IMG_20221203_113549_124_frontal1.jpg,506.9106166522896,143.80062307491795,3687.0,1908.0,1779.0,34.0,34.0,78.0,77.0,2.2941176470588234,2.264705882352941,0.1783001062557512,0.09226921690696319,0.08603088934878801,0.23643847483391303,0.23643847483391303,0.5424176775601534,0.5354636047709207,2
125,IMG_20221203_113712_125,frontal1,IMG_20221203_113712_125_frontal1.jpg,577.677439838115,164.3166153636832,3749.0,1605.0,2144.0,36.0,44.0,64.0,76.0,1.7777777777777777,1.7272727272727273,0.13885210855043653,0.059444554340744374,0.07940755420969217,0.21908922551940915,0.26777572007927786,0.3894919564789496,0.4625216983187526,2
126,IMG_20221203_113930_126,frontal1,IMG_20221203_113930_126_frontal1.jpg,557.3690954438788,158.5233969005955,4419.0,2034.0,2385.0,37.0,43.0,79.0,83.0,2.135135135135135,1.930232558139535,0.17584793048918773,0.08094018796447337,0.09490774252471436,0.23340403198148355,0.27125333446496736,0.49834914936587027,0.5235820176881928,2
127,IMG_20221203_114057_127,frontal1,IMG_20221203_114057_127_frontal1.jpg,598.9888873355465,170.3431134127744,5707.0,2979.0,2728.0,44.0,41.0,88.0,94.0,2.0,2.292682926829268,0.1966793259017505,0.10266474712831869,0.09401457877343182,0.2583021944267243,0.24069068117035675,0.5166043888534486,0.5518274153661837,2
128,IMG_20221203_114208_128,frontal1,IMG_20221203_114208_128_frontal1.jpg,556.0737618569484,158.08961412602616,4317.0,2054.0,2263.0,34.0,48.0,79.0,79.0,2.323529411764706,1.6458333333333333,0.1727330214752317,0.08218522726664951,0.0905477942085822,0.21506789163831988,0.30362525878351043,0.49971657174786094,0.49971657174786094,2
129,IMG_20221203_114306_129,frontal1,IMG_20221203_114306_129_frontal1.jpg,627.1287569730256,178.2352555729267,8689.0,4283.0,4406.0,55.0,60.0,103.0,108.0,1.8727272727272728,1.8,0.27351589562002493,0.1348220256577934,0.13869386996223154,0.3085809248187501,0.3366337361659092,0.5778879137514774,0.6059407250986365,2
130,IMG_20221203_114432_130,frontal1,IMG_20221203_114432_130_frontal1.jpg,588.293116028296,167.14027693401277,6064.0,3205.0,2859.0,45.0,44.0,88.0,97.0,1.9555555555555555,2.2045454545454546,0.21706857628505621,0.11472704271002723,0.10234153357502898,0.26923492544987265,0.26325192710654216,0.5265038542130843,0.5803508393030589,2
131,IMG_20221203_114529_131,frontal1,IMG_20221203_114529_131_frontal1.jpg,570.9580852032482,162.27019720246798,3581.0,1811.0,1770.0,31.0,32.0,72.0,79.0,2.3225806451612905,2.46875,0.13599620614192565,0.06877663482910566,0.06721957131282,0.19103939315067597,0.1972019542200526,0.4437043969951184,0.4868423244807549,2
132,IMG_20221203_114700_132,frontal1,IMG_20221203_114700_132_frontal1.jpg,603.6125732567143,171.68326787189653,5050.0,2072.0,2978.0,37.0,40.0,72.0,98.0,1.945945945945946,2.45,0.1713307972289741,0.07029651719968996,0.10103428002928412,0.21551313915813847,0.2329871774682578,0.41937691944286404,0.5708185847972316,2
133,IMG_20221203_114835_133,frontal1,IMG_20221203_114835_133_frontal1.jpg,545.5054226491201,155.13678084358963,3271.0,1826.0,1445.0,40.0,32.0,78.0,74.0,1.95,2.3125,0.1359098688301372,0.07587019886390417,0.060039669966233035,0.2578369860615348,0.20626958884922783,0.5027821228199929,0.47699842421383937,2
134,IMG_20221203_114935_134,frontal1,IMG_20221203_114935_134_frontal1.jpg,515.186378145206,146.1648136559134,4906.0,2419.0,2487.0,40.0,41.0,79.0,91.0,1.975,2.2195121951219514,0.22963700256050515,0.11322705038602975,0.11640995217447539,0.27366367458425395,0.28050526644886026,0.5404857573039015,0.6225848596791776,2
135,IMG_20221203_115037_135,frontal1,IMG_20221203_115037_135_frontal1.jpg,523.4362563434405,148.86807912814393,3642.0,1943.0,1699.0,31.0,32.0,78.0,74.0,2.5161290322580645,2.3125,0.164337536427991,0.08767375982415886,0.07666377660383217,0.20823806004318465,0.21495541681877126,0.5239538284957549,0.49708440139340854,2
136,IMG_20221203_115156_136,frontal1,IMG_20221203_115156_136_frontal1.jpg,512.7349281226223,145.52480975130004,3043.0,1649.0,1394.0,31.0,32.0,76.0,71.0,2.4516129032258065,2.21875,0.14369043911404278,0.07786576868191146,0.06582467043213133,0.2130220960465682,0.21989377656419942,0.5222477193399736,0.48788931675181746,2
137,IMG_20221203_115338_137,frontal1,IMG_20221203_115338_137_frontal1.jpg,585.9605221463156,166.60652298496188,6157.0,3343.0,2814.0,47.0,44.0,92.0,88.0,1.9574468085106382,2.0,0.22181205824126232,0.120434905099974,0.10137715314128831,0.2821017998451494,0.26409530198269304,0.5521992677819946,0.5281906039653861,2
138,IMG_20221203_115531_138,frontal1,IMG_20221203_115531_138_frontal1.jpg,577.0465869289613,164.13113642348333,4223.0,1575.0,2648.0,38.0,44.0,61.0,82.0,1.605263157894737,1.8636363636363635,0.15676139819552876,0.05846535689272029,0.09829604130280846,0.23152218907419378,0.2680783241911717,0.3716540403559426,0.49960051326536553,2
139,IMG_20221203_115626_139,frontal1,IMG_20221203_115626_139_frontal1.jpg,577.9359314180853,164.24682504032384,4096.0,2329.0,1767.0,45.0,37.0,76.0,83.0,1.6888888888888889,2.2432432432432434,0.15183293301027265,0.08633273949729614,0.0655001935129765,0.273977898744479,0.22527071674546048,0.4627182289906756,0.5053370132398168,2
140,IMG_20221203_115744_140,frontal1,IMG_20221203_115744_140_frontal1.jpg,555.5736557934644,158.02915128532715,4176.0,1844.0,2332.0,32.0,43.0,83.0,85.0,2.59375,1.9767441860465116,0.16721917430207914,0.07383911815446215,0.09338005614761699,0.20249428500835825,0.2721016954799814,0.5252195517404292,0.5378754445534516,2
141,IMG_20221203_115939_141,frontal1,IMG_20221203_115939_141_frontal1.jpg,588.208712506451,167.23648947343491,5171.0,2856.0,2315.0,47.0,41.0,86.0,89.0,1.8297872340425532,2.1707317073170733,0.1848895871597715,0.10211654630212867,0.08277304085764281,0.28103914491380083,0.2451618072652305,0.5142418396295079,0.532180508453793,2
142,IMG_20221203_120059_142,frontal1,IMG_20221203_120059_142_frontal1.jpg,547.2413826501642,155.1760942377455,5006.0,2317.0,2689.0,39.0,49.0,81.0,86.0,2.076923076923077,1.7551020408163265,0.20789364423792056,0.0962224478024894,0.11167119643543116,0.2513273722449029,0.3157702882051344,0.5219876192778753,0.5542090772579911,2
143,IMG_20221203_120151_143,frontal1,IMG_20221203_120151_143_frontal1.jpg,590.7306194574015,168.01609881943315,4459.0,1553.0,2906.0,31.0,39.0,74.0,105.0,2.3870967741935485,2.6923076923076925,0.15795583701186178,0.055013548974976755,0.10294228803688503,0.18450612898300708,0.23212061388184763,0.440433985314275,0.6249401142972821,2
144,IMG_20221203_120300_144,frontal1,IMG_20221203_120300_144_frontal1.jpg,656.4674477496523,186.56768549544682,6776.0,3256.0,3520.0,45.0,54.0,100.0,99.0,2.2222222222222223,1.8333333333333333,0.19467068167919713,0.09354305483286096,0.10112762684633618,0.24119932602743374,0.2894391912329205,0.5359985022831861,0.5306385172603543,2
145,IMG_20221203_120416_145,frontal1,IMG_20221203_120416_145_frontal1.jpg,635.2971593932651,180.3109504776264,5671.0,3132.0,2539.0,42.0,43.0,92.0,95.0,2.1904761904761907,2.2093023255813953,0.17442769504692474,0.09633354626820106,0.07809414877872366,0.2329309445086171,0.23847691937786988,0.5102296879712566,0.5268676125790149,2
146,IMG_20221203_120521_146,frontal1,IMG_20221203_120521_146_frontal1.jpg,505.2539438655402,143.70579644544898,4907.0,2551.0,2356.0,41.0,39.0,86.0,90.0,2.097560975609756,2.3076923076923075,0.23761151646180698,0.12352699785899116,0.11408451860281582,0.285305123482362,0.2713878003856614,0.5984448931581252,0.6262795393515264,2
147,IMG_20221203_120655_147,frontal1,IMG_20221203_120655_147_frontal1.jpg,633.7644546690128,180.09586330249084,4549.0,1765.0,2784.0,34.0,41.0,76.0,101.0,2.235294117647059,2.4634146341463414,0.14025180588433697,0.05441733070693664,0.08583447517740034,0.18878834514312667,0.2276565338490645,0.4219974773787537,0.5608124370428175,2
148,IMG_20221203_120758_148,frontal1,IMG_20221203_120758_148_frontal1.jpg,532.4790609213605,151.34529834062096,3993.0,1846.0,2147.0,30.0,32.0,80.0,94.0,2.6666666666666665,2.9375,0.17432570995621446,0.08059235176037363,0.09373335819584083,0.19822221323639244,0.21143702745215195,0.5285925686303798,0.6210962681406963,2
149,IMG_20221203_120907_149,frontal1,IMG_20221203_120907_149_frontal1.jpg,469.4006681383304,133.51365831582893,3053.0,1527.0,1526.0,32.0,34.0,64.0,67.0,2.0,1.9705882352941178,0.1712676791179575,0.08566188863842815,0.08560579047952938,0.23967585341945638,0.2546555942581724,0.47935170683891276,0.5018213180969868,2
150,IMG_20221203_121048_150,frontal1,IMG_20221203_121048_150_frontal1.jpg,558.9141413059067,158.58970885376294,4742.0,2331.0,2411.0,37.0,46.0,80.0,88.0,2.1621621621621623,1.9130434782608696,0.18854349185092614,0.0926813326664928,0.09586215918443335,0.23330643751996574,0.2900566520518493,0.5044463513945205,0.5548909865339725,2
151,IMG_20221203_121210_151,frontal1,IMG_20221203_121210_151_frontal1.jpg,561.780935005243,159.72429835362001,4026.0,2555.0,1471.0,42.0,31.0,102.0,82.0,2.4285714285714284,2.6451612903225805,0.1578090089791079,0.10014953252399918,0.05765947645510873,0.2629531037726929,0.19408443373698758,0.6386003948765399,0.5133846311752575,2
152,IMG_20221203_121346_152,frontal1,IMG_20221203_121346_152_frontal1.jpg,551.0043398255315,156.72968083806185,5087.0,2879.0,2208.0,46.0,34.0,87.0,104.0,1.891304347826087,3.0588235294117645,0.20709005298499536,0.11720311825118962,0.08988693473380573,0.29349897067377223,0.2169340218023534,0.5550958793177866,0.6635628902189633,2
153,IMG_20221203_121500_153,frontal1,IMG_20221203_121500_153_frontal1.jpg,533.348630424742,151.707968667403,3555.0,1067.0,2488.0,26.0,44.0,55.0,83.0,2.1153846153846154,1.8863636363636365,0.15446241421166557,0.0463604489349781,0.10810196527668746,0.17138190055791402,0.2900309086364699,0.36253863579558737,0.547103759473341,2
154,IMG_20221203_121618_154,frontal1,IMG_20221203_121618_154_frontal1.jpg,566.2002749041701,160.87185113993058,4454.0,2386.0,2068.0,40.0,41.0,83.0,75.0,2.075,1.829268292682927,0.17210365523630056,0.0921956267161682,0.07990802852013236,0.2486451154540824,0.2548612433404345,0.515938614567221,0.4662095914764045,2
155,IMG_20221203_121844_155,frontal1,IMG_20221203_121844_155_frontal1.jpg,612.9342525527912,174.16209514886177,3423.0,1803.0,1620.0,35.0,32.0,73.0,77.0,2.085714285714286,2.40625,0.11284949448891057,0.05944132005945246,0.05340817442945812,0.2009622126449754,0.18373688013254896,0.4191497578023773,0.44211686781894594,2
156,IMG_20221203_122011_156,frontal1,IMG_20221203_122011_156_frontal1.jpg,570.2424268794497,162.1866741994931,4130.0,1925.0,2205.0,38.0,37.0,79.0,80.0,2.0789473684210527,2.1621621621621623,0.1570072529671914,0.07318134672199599,0.08382590624519541,0.2342979174309918,0.22813218276175518,0.48709303886969346,0.4932587735389301,2
157,IMG_20221203_122055_157,frontal1,IMG_20221203_122055_157_frontal1.jpg,559.7970691400105,158.95896236728316,5288.0,2791.0,2497.0,47.0,44.0,81.0,84.0,1.7234042553191489,1.9090909090909092,0.20927695522176834,0.11045612368077826,0.09882083154099008,0.2956737971867481,0.2768010016216365,0.5095654802580126,0.5284382758231242,2
158,IMG_20221203_122157_158,frontal1,IMG_20221203_122157_158_frontal1.jpg,536.1054530523913,151.90259781384938,4067.0,2021.0,2046.0,41.0,38.0,74.0,77.0,1.8048780487804879,2.026315789473684,0.1762559432540851,0.0875862457134266,0.0886696975406585,0.269909801346807,0.2501603036872845,0.487154275601554,0.5069037732610765,2
159,IMG_20221203_122251_159,frontal1,IMG_20221203_122251_159_frontal1.jpg,642.1775270134669,182.66158162638357,4358.0,2132.0,2226.0,41.0,42.0,71.0,82.0,1.7317073170731707,1.9523809523809523,0.13061492287979617,0.0638988103670779,0.06671611251271829,0.22445880318643852,0.22993340814220528,0.3886969518594423,0.44891760637287703,2
160,IMG_20221203_122336_160,frontal1,IMG_20221203_122336_160_frontal1.jpg,673.2673217794578,191.35877000739063,5439.0,2697.0,2742.0,49.0,42.0,81.0,89.0,1.653061224489796,2.119047619047619,0.1485327826100126,0.07365194239735319,0.07488084021265942,0.25606351879303746,0.2194830161083178,0.4232886739231843,0.46509496270572104,2
161,IMG_20221203_122443_161,frontal1,IMG_20221203_122443_161_frontal1.jpg,616.7908108302304,175.0362883429075,3714.0,1779.0,1935.0,34.0,39.0,74.0,79.0,2.176470588235294,2.0256410256410255,0.12122319001884992,0.05806571218188853,0.06315747783696139,0.1942454351716587,0.22281094034396146,0.4227694765500807,0.45133498172238345,2
162,IMG_20221203_122522_162,frontal1,IMG_20221203_122522_162_frontal1.jpg,550.9199998562718,156.3929475273291,2087.0,1126.0,961.0,31.0,27.0,59.0,54.0,1.903225806451613,2.0,0.08532732276156912,0.046036686837339164,0.03929063592422996,0.198218656852048,0.1726420559679128,0.3772548630409946,0.3452841119358256,2
163,IMG_20221203_122609_163,frontal1,IMG_20221203_122609_163_frontal1.jpg,524.7835816840726,149.1687250615946,3592.0,1950.0,1642.0,36.0,33.0,72.0,68.0,2.0,2.0606060606060606,0.161428708523258,0.08763529555132324,0.07379341297193476,0.24133745183606625,0.22122599751639407,0.4826749036721325,0.45585963124590295,2
164,IMG_20221203_122758_164,frontal1,IMG_20221203_122758_164_frontal1.jpg,631.0372130938887,179.15974383652014,3286.0,1560.0,1726.0,31.0,34.0,69.0,73.0,2.225806451612903,2.1470588235294117,0.1023732977570171,0.04860083521026983,0.053772462546747266,0.17302994152685836,0.18977477457784464,0.38513116017268473,0.40745760424066646,2
165,IMG_20221203_122918_165,frontal1,IMG_20221203_122918_165_frontal1.jpg,534.1060840067971,151.74841106647838,3004.0,1370.0,1634.0,32.0,34.0,68.0,69.0,2.125,2.0294117647058822,0.13045226488956943,0.05949387579850536,0.07095838909106406,0.2108753546419761,0.22405506430709962,0.44811012861419924,0.454699983446761,2
166,IMG_20221203_122949_166,frontal1,IMG_20221203_122949_166_frontal1.jpg,561.1019260283863,159.5999890557607,2683.0,1547.0,1136.0,34.0,27.0,65.0,64.0,1.911764705882353,2.3703703703703702,0.10533069704188297,0.06073298111211068,0.04459771592977229,0.21303259606190297,0.16917294393151117,0.40726819835363803,0.401002533763582,2
167,IMG_20221203_123042_167,frontal1,IMG_20221203_123042_167_frontal1.jpg,496.7375511040128,141.0908212100207,2658.0,1279.0,1379.0,34.0,33.0,59.0,63.0,1.7352941176470589,1.9090909090909092,0.13352342199412218,0.06424998372102417,0.069273438273098,0.2409795315415261,0.23389189826089296,0.4181703635573541,0.4465208966798866,2
168,IMG_20221203_123108_168,frontal1,IMG_20221203_123108_168_frontal1.jpg,528.4857855129935,150.25350275565037,2590.0,1463.0,1127.0,32.0,26.0,66.0,68.0,2.0625,2.6153846153846154,0.11472301543625493,0.06480300061128995,0.049920014824964984,0.21297340436741746,0.17304089104852668,0.4392576465077985,0.4525684842807621,2
169,IMG_20221203_123154_169,frontal1,IMG_20221203_123154_169_frontal1.jpg,595.7931062146965,169.44740557277072,3388.0,1755.0,1633.0,35.0,36.0,67.0,63.0,1.9142857142857144,1.75,0.11799770328927331,0.061123367553918145,0.05687433573535517,0.20655376741645615,0.2124553036283549,0.39540292619721606,0.3717967813496211,2
170,IMG_20221203_123230_170,frontal1,IMG_20221203_123230_170_frontal1.jpg,618.6269513799481,175.96435202838856,4720.0,2504.0,2216.0,42.0,36.0,77.0,81.0,1.8333333333333333,2.25,0.15243777791301158,0.08086953302842818,0.07156824488458341,0.2386847081005594,0.20458689265762234,0.43758863151769223,0.4603205084796503,2
171,IMG_20221203_123324_171,frontal1,IMG_20221203_123324_171_frontal1.jpg,563.7795596375098,160.36181314293228,4032.0,1964.0,2068.0,36.0,40.0,72.0,77.0,2.0,1.925,0.15679008929721766,0.07637295024298996,0.08041713905422772,0.22449234823700076,0.24943594248555642,0.4489846964740015,0.4801641892846961,2
172,IMG_20221203_123405_172,frontal1,IMG_20221203_123405_172_frontal1.jpg,493.053569813536,140.2440280058961,2850.0,1502.0,1348.0,32.0,29.0,63.0,63.0,1.96875,2.1724137931034484,0.14490257606263957,0.07636619973546828,0.06853637632717127,0.22817370874897194,0.2067824235537558,0.4492169890995385,0.4492169890995385,2
173,IMG_20221203_123505_173,frontal1,IMG_20221203_123505_173_frontal1.jpg,603.6906553257617,171.7118353788627,4440.0,2127.0,2313.0,37.0,42.0,81.0,74.0,2.189189189189189,1.7619047619047619,0.1505852760829768,0.07213848698839903,0.07844678909457778,0.21547728447700587,0.24459583643335803,0.4717205416929047,0.43095456895401174,2
174,IMG_20221203_123550_174,frontal1,IMG_20221203_123550_174_frontal1.jpg,542.8561119525896,154.40199617686744,4077.0,2261.0,1816.0,39.0,33.0,80.0,69.0,2.051282051282051,2.090909090909091,0.1710152697969116,0.09484069781967552,0.07617457197723607,0.252587407971886,0.213727806745442,0.5181280163525867,0.44688541410410604,2
175,IMG_20221203_123644_175,frontal1,IMG_20221203_123644_175_frontal1.jpg,566.5158264039569,161.125809991176,3679.0,1864.0,1815.0,36.0,35.0,76.0,76.0,2.111111111111111,2.1714285714285713,0.14170969412787815,0.0717985511971636,0.06991114293071456,0.22342789154618697,0.21722156122545955,0.4716811043752836,0.4716811043752836,2
176,IMG_20221203_123719_176,frontal1,IMG_20221203_123719_176_frontal1.jpg,546.0549376685225,155.23578093817014,2949.0,1544.0,1405.0,35.0,34.0,61.0,65.0,1.7428571428571429,1.911764705882353,0.12237455088804162,0.06407131453751654,0.05830323635052509,0.2254634839241114,0.2190216700977082,0.39295064341059416,0.41871789871620685,2
177,IMG_20221203_123756_177,frontal1,IMG_20221203_123756_177_frontal1.jpg,651.5804734562856,185.3143958052985,3947.0,1773.0,2174.0,30.0,40.0,80.0,84.0,2.6666666666666665,2.1,0.11493407645025708,0.05162860844851933,0.06330546800173775,0.16188704536219437,0.21584939381625917,0.43169878763251834,0.45328372701414427,2
178,IMG_20221203_123835_178,frontal1,IMG_20221203_123835_178_frontal1.jpg,596.0696381764321,169.48087832239307,3784.0,1992.0,1792.0,40.0,37.0,73.0,71.0,1.825,1.9189189189189189,0.13173759043715816,0.06935023259799657,0.06238735783916158,0.23601482595523524,0.2183137140085926,0.4307270573683043,0.41892631607054254,2
179,IMG_20221203_123919_179,frontal1,IMG_20221203_123919_179_frontal1.jpg,595.585234255431,169.3546023274117,4645.0,2492.0,2153.0,41.0,36.0,83.0,80.0,2.024390243902439,2.2222222222222223,0.16195401219505284,0.08688684572445031,0.07506716647060253,0.2420955760076427,0.21257172527500334,0.49009592216181325,0.47238161172222964,2
180,IMG_20221203_124015_180,frontal1,IMG_20221203_124015_180_frontal1.jpg,552.0296467742259,156.9402830058954,3706.0,1935.0,1771.0,35.0,31.0,76.0,75.0,2.1714285714285713,2.4193548387096775,0.1504653681701805,0.07856192320812176,0.07190344496205874,0.2230147628743937,0.19752736140303442,0.4842606279558263,0.4778887775879865,2
181,IMG_20221203_124159_181,frontal1,IMG_20221203_124159_181_frontal1.jpg,502.5587773551501,142.94924150275406,2592.0,1127.0,1465.0,30.0,29.0,58.0,68.0,1.9333333333333333,2.3448275862068964,0.1268443965204672,0.055151865308088945,0.07169253121237826,0.20986470221615006,0.20286921214227838,0.40573842428455675,0.47569332502327344,2
182,IMG_20221203_124224_182,frontal1,IMG_20221203_124224_182_frontal1.jpg,603.7730913102922,171.6210075488043,4235.0,2317.0,1918.0,41.0,36.0,80.0,83.0,1.951219512195122,2.3055555555555554,0.14378464850619685,0.07866565067033249,0.06511899783586435,0.23889849258891413,0.20976453007807094,0.466143400173491,0.48362377767999687,2
183,IMG_20221203_124313_183,frontal1,IMG_20221203_124313_183_frontal1.jpg,533.4426756577702,151.73445001160903,3191.0,1680.0,1511.0,34.0,30.0,70.0,71.0,2.0588235294117645,2.3666666666666667,0.13859846311647187,0.07296941962885388,0.06562904348761799,0.22407567956649727,0.19771383491161523,0.46133228146043553,0.467922742624156,2
184,IMG_20221203_124359_184,frontal1,IMG_20221203_124359_184_frontal1.jpg,568.9404611496857,161.81033089916122,2667.0,1171.0,1496.0,26.0,27.0,57.0,73.0,2.1923076923076925,2.7037037037037037,0.10186160704941534,0.04472438764711862,0.05713721940229672,0.16068195309607872,0.16686202821515866,0.3522642817875572,0.4511454836928364,2
185,IMG_20221203_124423_185,frontal1,IMG_20221203_124423_185_frontal1.jpg,489.2014390722306,139.04007879583963,2945.0,1610.0,1335.0,32.0,33.0,69.0,60.0,2.15625,1.8181818181818181,0.15233696140523714,0.08328098738962031,0.06905597401561683,0.23014946680940393,0.2373416376471978,0.4962597878077772,0.43153025026763236,2
186,IMG_20221203_124509_186,frontal1,IMG_20221203_124509_186_frontal1.jpg,558.0108077433856,158.6912729597889,3931.0,2138.0,1793.0,40.0,36.0,72.0,70.0,1.8,1.9444444444444444,0.1560978624507229,0.08489881198668166,0.07119905046404126,0.25206175017661925,0.2268555751589573,0.4537111503179146,0.44110806280908366,2
187,IMG_20221203_124536_187,frontal1,IMG_20221203_124536_187_frontal1.jpg,533.7280699880389,151.7238930683619,3141.0,1389.0,1752.0,35.0,35.0,58.0,67.0,1.6571428571428573,1.9142857142857144,0.13644573999714338,0.06033846954983514,0.07610727044730825,0.2306821904723347,0.2306821904723347,0.3822733442112975,0.44159162176132644,2
188,IMG_20221203_124629_188,frontal1,IMG_20221203_124629_188_frontal1.jpg,570.4355033453721,162.24581373201636,2660.0,1148.0,1512.0,26.0,30.0,65.0,69.0,2.5,2.3,0.10104960884556259,0.04361088381755859,0.057438725028004005,0.1602506678104161,0.18490461670432626,0.40062666952604026,0.4252806184199504,2
189,IMG_20221203_124656_189,frontal1,IMG_20221203_124656_189_frontal1.jpg,553.7179813584186,157.49916450654607,2578.0,1453.0,1125.0,34.0,31.0,62.0,58.0,1.8235294117647058,1.8709677419354838,0.10392652462003417,0.058574569539530504,0.04535195508050366,0.21587416102506926,0.19682644093462198,0.39365288186924396,0.3682559217486476,2
190,IMG_20221203_130042_190,frontal1,IMG_20221203_130042_190_frontal1.jpg,574.7121215547497,163.4476603270958,4129.0,1916.0,2213.0,41.0,40.0,70.0,80.0,1.7073170731707317,2.0,0.15455656832316608,0.0717196379043803,0.0828369304187858,0.2508448265209163,0.24472666002040613,0.42827165503571074,0.48945332004081227,2
191,IMG_20221203_130146_191,frontal1,IMG_20221203_130146_191_frontal1.jpg,438.4449108525265,124.69649292296667,1898.0,1049.0,849.0,28.0,26.0,58.0,60.0,2.0714285714285716,2.3076923076923075,0.12206403716256342,0.06746321126634827,0.05460082589621514,0.22454520847909865,0.2085062650163059,0.46512936042099007,0.48116830388378284,2
192,IMG_20221203_130301_192,frontal1,IMG_20221203_130301_192_frontal1.jpg,508.290636886486,144.56768002612918,3531.0,1817.0,1714.0,37.0,30.0,68.0,81.0,1.837837837837838,2.7,0.16894887111102186,0.08693857230493535,0.08201029880608651,0.2559354898225704,0.20751526201830034,0.47036792724148074,0.5602912074494109,2
193,IMG_20221203_130404_193,frontal1,IMG_20221203_130404_193_frontal1.jpg,422.5101566675257,120.16918949519444,2145.0,1076.0,1069.0,28.0,28.0,59.0,59.0,2.107142857142857,2.107142857142857,0.14853918356784288,0.07451196341212071,0.07402722015572215,0.23300481693870223,0.23300481693870223,0.4909744356922654,0.4909744356922654,2
194,IMG_20221203_130638_194,frontal1,IMG_20221203_130638_194_frontal1.jpg,436.66185999836034,124.12460002293078,1825.0,790.0,1035.0,26.0,24.0,52.0,58.0,2.0,2.4166666666666665,0.11845329466386562,0.05127567275860484,0.06717762190526078,0.20946693882757134,0.19335409737929662,0.4189338776551427,0.46727240199996684,2
195,IMG_20221203_130716_195,frontal1,IMG_20221203_130716_195_frontal1.jpg,400.1926965184837,113.74709190065275,2609.0,1240.0,1369.0,30.0,31.0,63.0,68.0,2.1,2.193548387096774,0.20164779380137812,0.09583873680096161,0.1058090570004165,0.2637430065130996,0.2725344400635363,0.5538603136775092,0.5978174814296925,2
196,IMG_20221203_130745_196,frontal1,IMG_20221203_130745_196_frontal1.jpg,485.6344063060684,138.1340438819738,1926.0,796.0,1130.0,29.0,27.0,53.0,59.0,1.8275862068965518,2.185185185185185,0.10093803149072757,0.04171686036688429,0.05922117112384327,0.2099410050195775,0.1954623150182273,0.38368528503577953,0.42712135503983006,2
197,IMG_20221203_130949_197,frontal1,IMG_20221203_130949_197_frontal1.jpg,393.41841295807393,111.89520742779219,1750.0,782.0,968.0,24.0,27.0,49.0,50.0,2.0416666666666665,1.8518518518518519,0.1397703579134866,0.06245738279334088,0.07731297512014573,0.21448639804781267,0.24129719780378925,0.4379097293476175,0.44684666259960976,2
198,IMG_20221203_131027_198,frontal1,IMG_20221203_131027_198_frontal1.jpg,488.3067925407786,138.86120190534473,3450.0,1824.0,1626.0,38.0,32.0,68.0,73.0,1.7894736842105263,2.28125,0.17891932669487226,0.09459387011346289,0.08432545658140936,0.2736545520173651,0.23044593854093906,0.48969761939949547,0.5257047972965172,2
199,IMG_20221203_131100_199,frontal1,IMG_20221203_131100_199_frontal1.jpg,520.2535661055084,147.94929377432453,3192.0,1721.0,1471.0,30.0,30.0,75.0,65.0,2.5,2.1666666666666665,0.14582671404557665,0.07862398962169091,0.06720272442388572,0.20277217440294582,0.20277217440294582,0.5069304360073645,0.4393397112063826,2
200,IMG_20221203_131145_200,frontal1,IMG_20221203_131145_200_frontal1.jpg,454.6820936877048,129.33176447837076,2094.0,984.0,1110.0,27.0,27.0,52.0,59.0,1.9259259259259258,2.185185185185185,0.1251890292832098,0.058828082528499734,0.06636094675471006,0.20876541898966697,0.20876541898966697,0.40206673286898825,0.4561911007551982,2
201,IMG_20221203_131223_201,frontal1,IMG_20221203_131223_201_frontal1.jpg,458.8314856910033,130.4068799327093,3356.0,1412.0,1944.0,28.0,41.0,70.0,76.0,2.5,1.853658536585366,0.1973426444720579,0.08302974195308277,0.11431290251897515,0.21471259809642068,0.31440059006975885,0.5367814952410517,0.5827913376902847,2
202,IMG_20221203_131309_202,frontal1,IMG_20221203_131309_202_frontal1.jpg,467.7276645921218,133.01541658881538,1851.0,813.0,1038.0,23.0,26.0,58.0,60.0,2.5217391304347827,2.3076923076923075,0.10461704789557072,0.04595011341928633,0.05866693447628439,0.17291228783727283,0.1954660645116997,0.4360396823722532,0.4510755334885378,2
203,IMG_20221203_132103_203,frontal1,IMG_20221203_132103_203_frontal1.jpg,412.06491985829535,117.09856347429564,2153.0,1302.0,851.0,29.0,28.0,60.0,58.0,2.0689655172413794,2.0714285714285716,0.15701491020765296,0.09495281611257043,0.062062094095082516,0.24765461795238677,0.2391148035402355,0.5123888647290761,0.49530923590477355,2
204,IMG_20221203_132142_204,frontal1,IMG_20221203_132142_204_frontal1.jpg,426.2823057209631,121.25333995085313,2545.0,1317.0,1228.0,33.0,27.0,58.0,61.0,1.7575757575757576,2.259259259259259,0.17310131468830048,0.08957737974243289,0.08352393494586757,0.2721574516081428,0.2226742785884805,0.47833733919006916,0.5030789256999003,2
205,IMG_20221203_132240_205,frontal1,IMG_20221203_132240_205_frontal1.jpg,473.8996017515747,134.3628991607625,3466.0,1520.0,1946.0,31.0,41.0,68.0,80.0,2.193548387096774,1.951219512195122,0.19198611757523568,0.08419471976755863,0.10779139780767703,0.2307184512512574,0.30514375810650174,0.5060920866156614,0.5954024548419546,2
206,IMG_20221203_132322_206,frontal1,IMG_20221203_132322_206_frontal1.jpg,416.2224928174863,118.2456291046171,1983.0,841.0,1142.0,25.0,28.0,46.0,63.0,1.84,2.25,0.14182491167999767,0.060148638791163916,0.08167627288883376,0.21142430539974888,0.23679522204771875,0.38902072193553794,0.5327892496073672,2
207,IMG_20221203_132404_207,frontal1,IMG_20221203_132404_207_frontal1.jpg,449.4238226649268,127.81092940775349,3024.0,1640.0,1384.0,30.0,34.0,73.0,63.0,2.433333333333333,1.8529411764705883,0.18511678579259225,0.10039402404095611,0.08472276175163614,0.23472171072546857,0.2660179388221977,0.5711561627653069,0.492915592523484,2
208,IMG_20221203_132439_208,frontal1,IMG_20221203_132439_208_frontal1.jpg,408.2720747952806,116.03075372423106,1915.0,768.0,1147.0,23.0,25.0,47.0,69.0,2.0434782608695654,2.76,0.14224026460493502,0.057044659643127986,0.08519560496180703,0.19822330943970107,0.2154601189561968,0.40506502363765,0.5946699283191031,2
209,IMG_20221203_132803_209,frontal1,IMG_20221203_132803_209_frontal1.jpg,465.5663322773564,132.41912340463227,2667.0,1207.0,1460.0,27.0,34.0,57.0,63.0,2.111111111111111,1.8529411764705883,0.15209733288467203,0.06883445099055087,0.08326288189412118,0.20389804210904094,0.25676049747064417,0.43045142223019756,0.47576209825442883,2
210,IMG_20221203_132848_210,frontal1,IMG_20221203_132848_210_frontal1.jpg,370.8332193058461,105.45294751983188,1392.0,717.0,675.0,20.0,20.0,52.0,48.0,2.6,2.4,0.12517620731173568,0.06447653781789833,0.06069966949383734,0.18965804626977092,0.18965804626977092,0.4931109203014044,0.45517931104745024,2
211,IMG_20221203_132951_211,frontal1,IMG_20221203_132951_211_frontal1.jpg,435.6304908486044,123.89820515924943,3434.0,1840.0,1594.0,31.0,30.0,75.0,74.0,2.4193548387096775,2.466666666666667,0.2237022028501431,0.11986373128837022,0.1038384715617729,0.25020540015212434,0.24213425821173323,0.605335645529333,0.597264503588942,2
212,IMG_20221203_133032_212,frontal1,IMG_20221203_133032_212_frontal1.jpg,423.61489744080086,120.42505943322593,2297.0,1290.0,1007.0,38.0,30.0,54.0,55.0,1.4210526315789473,1.8333333333333333,0.15838981682312356,0.08895205211224613,0.06943776471087741,0.3155489412157649,0.2491175851703407,0.44841165330661326,0.4567155728122913,2
213,IMG_20221203_133116_213,frontal1,IMG_20221203_133116_213_frontal1.jpg,448.0384883263499,127.41620346104799,2950.0,1516.0,1434.0,31.0,33.0,74.0,83.0,2.3870967741935485,2.515151515151515,0.1817074337475478,0.09337914222416355,0.08832829152338426,0.24329715654631723,0.2589937472912409,0.5807738575621766,0.6514085159143332,2
214,IMG_20221203_133147_214,frontal1,IMG_20221203_133147_214_frontal1.jpg,411.3728713418802,116.91231955632425,2363.0,937.0,1426.0,30.0,35.0,42.0,63.0,1.4,1.8,0.17287936851671576,0.06855182746515559,0.10432754105156017,0.2566025557772554,0.299369648406798,0.35924357808815754,0.5388653671322363,2
215,IMG_20221203_133619_215,frontal1,IMG_20221203_133619_215_frontal1.jpg,384.5003837552189,109.31790811946122,1743.0,890.0,853.0,21.0,25.0,60.0,55.0,2.857142857142857,2.2,0.14585279702281703,0.07447446319581592,0.07137833382700111,0.19210027305911734,0.22869080126085395,0.5488579230260495,0.5031197627738787,2
216,IMG_20221203_133707_216,frontal1,IMG_20221203_133707_216_frontal1.jpg,365.7873364711734,104.01773592928478,1365.0,691.0,674.0,17.0,18.0,54.0,49.0,3.176470588235294,2.7222222222222223,0.1261588896934761,0.0638650496543531,0.062293840039123,0.16343366684655825,0.1730474119551793,0.519142235865538,0.47107351032243255,2
217,IMG_20221203_134335_217,frontal1,IMG_20221203_134335_217_frontal1.jpg,375.2648634235293,106.72574732289607,2419.0,993.0,1426.0,26.0,31.0,51.0,57.0,1.9615384615384615,1.8387096774193548,0.21237209891690229,0.08717879050206034,0.12519330841484194,0.24361506620644832,0.29046411739999606,0.47786032217418706,0.5340791836064444,2
218,IMG_20221203_134429_218,frontal1,IMG_20221203_134429_218_frontal1.jpg,431.52724184846056,122.74428742277,2087.0,1305.0,782.0,26.0,23.0,68.0,53.0,2.6153846153846154,2.3043478260869565,0.1385223565162565,0.08661795651831083,0.05190439999794565,0.21182248515116478,0.18738142917218423,0.5539972688568925,0.4317919889619897,2
219,IMG_20221203_134553_219,frontal1,IMG_20221203_134553_219_frontal1.jpg,440.2426206033514,125.1762076427793,2285.0,974.0,1311.0,26.0,26.0,55.0,69.0,2.1153846153846154,2.6538461538461537,0.14582857247346231,0.06216062564076687,0.08366794683269545,0.2077072032266492,0.2077072032266492,0.43938062221021945,0.5512229624091844,2
220,IMG_20221203_134636_220,frontal1,IMG_20221203_134636_220_frontal1.jpg,406.8743853302704,115.72503857330337,2103.0,1193.0,910.0,32.0,24.0,61.0,54.0,1.90625,2.25,0.15703071359557422,0.08908114185426537,0.06794957174130886,0.2765175142260189,0.20738813566951417,0.5271115114933486,0.4666233052564069,2
221,IMG_20221203_134745_221,frontal1,IMG_20221203_134745_221_frontal1.jpg,496.6178431275016,141.1597221807321,3028.0,1723.0,1305.0,36.0,35.0,66.0,54.0,1.8333333333333333,1.542857142857143,0.1519617481338817,0.08646964730339438,0.06549210083048733,0.25503025540038854,0.24794608163926665,0.46755546823404565,0.38254538310058284,2
222,IMG_20221203_134851_222,frontal1,IMG_20221203_134851_222_frontal1.jpg,403.1544225367858,114.63194604702484,1315.0,503.0,812.0,17.0,26.0,41.0,55.0,2.411764705882353,2.1153846153846154,0.10007242462421277,0.03827865367755059,0.061793770946662184,0.14830071883300475,0.22681286409753665,0.3576664395384232,0.4797964432832506,2
223,IMG_20221203_134953_223,frontal1,IMG_20221203_134953_223_frontal1.jpg,405.7115427937641,115.40220797897271,2752.0,1616.0,1136.0,39.0,31.0,62.0,62.0,1.5897435897435896,2.0,0.20664275968168824,0.12134255074331693,0.08530020893837131,0.337948473283164,0.26862570953277143,0.5372514190655429,0.5372514190655429,2
224,IMG_20221203_135134_224,frontal1,IMG_20221203_135134_224_frontal1.jpg,385.71146732552586,109.71346104010667,2059.0,1058.0,1001.0,25.0,26.0,59.0,52.0,2.36,2.0,0.17105529229722596,0.08789533717846773,0.08315995511875823,0.22786629610436812,0.23698094794854282,0.5377644588063087,0.47396189589708565,2
225,IMG_20221203_135617_225,frontal1,IMG_20221203_135617_225_frontal1.jpg,511.0359940486391,145.3404996867534,3012.0,1416.0,1596.0,30.0,30.0,63.0,69.0,2.1,2.3,0.1425875705915171,0.06703320051712756,0.07555437007438955,0.20641184022800121,0.20641184022800121,0.43346486447880256,0.47474723252440276,2
226,IMG_20221203_135651_226,frontal1,IMG_20221203_135651_226_frontal1.jpg,414.5810991634782,117.8960393780495,2047.0,1091.0,956.0,27.0,23.0,63.0,55.0,2.3333333333333335,2.391304347826087,0.14727173780659417,0.07849216704787212,0.06877957075872204,0.22901532691374704,0.19508713033393266,0.5343690961320764,0.4665127029724477,2
227,IMG_20221203_135726_227,frontal1,IMG_20221203_135726_227_frontal1.jpg,450.1480397533948,127.64556410898953,2510.0,1207.0,1303.0,25.0,34.0,61.0,66.0,2.44,1.9411764705882353,0.15405020037856,0.07407912026172188,0.07997108011683811,0.1958548279723522,0.266362566042399,0.47788578025253936,0.5170567458470098,2
228,IMG_20221203_135801_228,frontal1,IMG_20221203_135801_228_frontal1.jpg,413.563936373156,117.28835035418734,1812.0,965.0,847.0,24.0,17.0,62.0,62.0,2.5833333333333335,3.6470588235294117,0.13171900374735648,0.07014836568222904,0.061570638065127456,0.20462390277913198,0.14494193113521847,0.528611748846091,0.528611748846091,2
229,IMG_20221203_135825_229,frontal1,IMG_20221203_135825_229_frontal1.jpg,429.2021247119664,122.04465520543472,3169.0,1414.0,1755.0,28.0,35.0,62.0,71.0,2.2142857142857144,2.0285714285714285,0.21275741726392466,0.09493183591391274,0.11782558135001192,0.22942422142836405,0.2867802767854551,0.508010776019949,0.5817542757647803,2
230,IMG_20221203_135856_230,frontal1,IMG_20221203_135856_230_frontal1.jpg,465.9328157436192,132.49925289722924,3869.0,1838.0,2031.0,31.0,38.0,75.0,78.0,2.4193548387096775,2.0526315789473686,0.22037984371211589,0.10469324185651822,0.11568660185559766,0.23396358335729345,0.2867940699218436,0.5660409274773229,0.5886825645764158,2
231,IMG_20221203_135923_231,frontal1,IMG_20221203_135923_231_frontal1.jpg,355.04051763278943,100.97812038034391,1321.0,481.0,840.0,18.0,25.0,40.0,52.0,2.2222222222222223,2.08,0.12955323225378365,0.04717267578657831,0.08238055646720535,0.17825643745596817,0.24757838535551135,0.39612541656881817,0.5149630415394636,2
232,IMG_20221203_140054_232,frontal1,IMG_20221203_140054_232_frontal1.jpg,377.3129467941365,107.32105327989272,1786.0,932.0,854.0,27.0,27.0,49.0,52.0,1.8148148148148149,1.9259259259259258,0.15506422107557236,0.08091817135634571,0.07414604971922666,0.251581578589097,0.251581578589097,0.4565739759579909,0.4845274846901128,2
233,IMG_20221203_140123_233,frontal1,IMG_20221203_140123_233_frontal1.jpg,382.2279081216239,108.7222564630255,1320.0,575.0,745.0,18.0,22.0,42.0,50.0,2.3333333333333335,2.272727272727273,0.11167012866941045,0.048644184837053794,0.06302594383235666,0.165559477751655,0.20235047280757834,0.386305448087195,0.45988743819904165,2
234,IMG_20221203_140202_234,frontal1,IMG_20221203_140202_234_frontal1.jpg,388.4811178806932,110.4945430667118,917.0,265.0,652.0,16.0,25.0,32.0,44.0,2.0,1.76,0.07510825552195147,0.021705221061414544,0.053403034460536916,0.1448035310697642,0.22625551729650656,0.2896070621395284,0.39820971044185155,2
235,IMG_20221210_112858_235,frontal1,IMG_20221210_112858_235_frontal1.jpg,307.77106260077534,87.51969435363674,1696.0,809.0,887.0,22.0,23.0,51.0,54.0,2.3181818181818183,2.347826086956522,0.22141868303620085,0.10561775623601798,0.11580092680018288,0.2513719930408535,0.2627979927245287,0.5827259838674331,0.6170039829184586,2
236,IMG_20221210_113050_236,frontal1,IMG_20221210_113050_236_frontal1.jpg,273.0762601993076,77.65645053682805,1735.0,1066.0,669.0,28.0,17.0,70.0,52.0,2.5,3.0588235294117645,0.28770301068666004,0.17676738293485855,0.11093562775180148,0.3605624491776274,0.21891291557213094,0.9014061229440685,0.6696159770441652,2
237,IMG_20221210_113132_237,frontal1,IMG_20221210_113132_237_frontal1.jpg,260.946035461063,73.97016797948041,2134.0,1120.0,1014.0,27.0,24.0,68.0,60.0,2.5185185185185186,2.5,0.3900149055772529,0.20469385859724612,0.18532104698000676,0.3650120141337234,0.32445512367442086,0.9192895170775257,0.811137809186052,2
238,IMG_20221210_113210_238,frontal1,IMG_20221210_113210_238_frontal1.jpg,262.0426880640628,74.53627342616318,1186.0,502.0,684.0,15.0,23.0,43.0,54.0,2.8666666666666667,2.347826086956522,0.21347613818960065,0.09035836540571629,0.12311777278388435,0.20124429771578586,0.30857458983087166,0.5769003201185862,0.724479471776829,2
239,IMG_20221210_113329_239,frontal1,IMG_20221210_113329_239_frontal1.jpg,278.32941996867135,79.13510783646868,766.0,506.0,260.0,24.0,19.0,44.0,22.0,1.8333333333333333,1.1578947368421053,0.12231800034774876,0.08080014122188103,0.04151785912586772,0.3032787931444484,0.24009571123935497,0.5560111207648221,0.27800556038241103,2
240,IMG_20221210_113427_240,frontal1,IMG_20221210_113427_240_frontal1.jpg,337.6723108478623,95.85822735102381,1605.0,774.0,831.0,20.0,24.0,57.0,55.0,2.85,2.2916666666666665,0.17466916719413672,0.08423298156277995,0.09043618563135677,0.20864145470541492,0.2503697456464979,0.5946281459104324,0.5737640004398911,2
241,IMG_20221210_113521_241,frontal1,IMG_20221210_113521_241_frontal1.jpg,357.4208650559964,101.66555385810575,2164.0,918.0,1246.0,28.0,25.0,48.0,66.0,1.7142857142857142,2.64,0.20936765775081645,0.08881677902737962,0.12055087872343682,0.27541285064043913,0.24590433092896352,0.47213631538360995,0.6491874336524637,2
242,IMG_20221210_113615_242,frontal1,IMG_20221210_113615_242_frontal1.jpg,476.25495207284655,135.44544428882404,3627.0,1835.0,1792.0,34.0,34.0,74.0,70.0,2.176470588235294,2.0588235294117645,0.19770550008041787,0.10002470158466137,0.0976807984957565,0.25102357763689975,0.25102357763689975,0.5463454336803112,0.5168132480759701,2
243,IMG_20221210_113657_243,frontal1,IMG_20221210_113657_243_frontal1.jpg,440.06987807071255,124.88702750677535,3096.0,1693.0,1403.0,32.0,32.0,70.0,60.0,2.1875,1.875,0.19850264327579092,0.10854811856134174,0.08995452471444917,0.2562315769607371,0.2562315769607371,0.5605065746016124,0.48043420680138205,2
244,IMG_20221210_113732_244,frontal1,IMG_20221210_113732_244_frontal1.jpg,415.9874152251482,118.22361930232938,2439.0,1360.0,1079.0,29.0,25.0,59.0,61.0,2.0344827586206895,2.44,0.17450316122712092,0.09730393573960003,0.0771992254875209,0.24529785309515226,0.21146366646133816,0.49905425284875804,0.5159713461656651,2
245,IMG_20221210_113808_245,frontal1,IMG_20221210_113808_245_frontal1.jpg,470.86094011099584,133.93354598387967,3683.0,1881.0,1802.0,35.0,40.0,71.0,72.0,2.0285714285714285,1.8,0.20531608968572143,0.10486005014902036,0.10045603953670107,0.2613236268993626,0.2986555735992716,0.5301136431387071,0.5375800324786889,2
246,IMG_20221210_113840_246,frontal1,IMG_20221210_113840_246_frontal1.jpg,404.92685467287527,115.13640225948247,2249.0,911.0,1338.0,27.0,31.0,50.0,70.0,1.8518518518518519,2.2580645161290325,0.16965401659845322,0.06872156919572737,0.10093244740272583,0.23450446140526612,0.26924586309493515,0.4342675211208632,0.6079745295692084,2
247,IMG_20221210_113937_247,frontal1,IMG_20221210_113937_247_frontal1.jpg,464.7645390345092,132.19854776305868,3480.0,1638.0,1842.0,32.0,35.0,73.0,74.0,2.28125,2.1142857142857143,0.199125039647311,0.09372609624778604,0.10539894339952495,0.24206014772079076,0.2647532865696149,0.552199711988054,0.5597640916043287,2
248,IMG_20221210_114006_248,frontal1,IMG_20221210_114006_248_frontal1.jpg,399.2580652907316,113.45553150068706,2929.0,1727.0,1202.0,34.0,30.0,71.0,58.0,2.088235294117647,1.9333333333333333,0.22754538008493638,0.13416554162058217,0.09337983846435423,0.2996768826541887,0.2644207788125194,0.6257958431896292,0.5112135057042042,2
249,IMG_20221210_114043_249,frontal1,IMG_20221210_114043_249_frontal1.jpg,412.2556056008793,117.2586146385958,2420.0,1372.0,1048.0,30.0,30.0,64.0,64.0,2.1333333333333333,2.1333333333333333,0.1760053415129846,0.09978484651066731,0.07622049500231731,0.2558447419190766,0.2558447419190766,0.5458021160940301,0.5458021160940301,2
250,IMG_20221210_114122_250,frontal1,IMG_20221210_114122_250_frontal1.jpg,447.3271157539135,127.09815009465446,3423.0,2008.0,1415.0,34.0,34.0,79.0,67.0,2.323529411764706,1.9705882352941178,0.21189877215026107,0.12430404162364131,0.08759473052661976,0.26750979439652744,0.26750979439652744,0.6215668752154608,0.5271516536637453,2
251,IMG_20221210_114156_251,frontal1,IMG_20221210_114156_251_frontal1.jpg,438.66989789485706,124.7396199945527,2419.0,1163.0,1256.0,28.0,29.0,55.0,61.0,1.9642857142857142,2.103448275862069,0.15546299673235514,0.07474306126487351,0.08071993546748163,0.22446757494709976,0.2324842740523533,0.4409184507889459,0.4890186454204673,2
252,IMG_20221210_114234_252,frontal1,IMG_20221210_114234_252_frontal1.jpg,367.7583943041326,104.45390560016551,2529.0,1030.0,1499.0,26.0,32.0,58.0,73.0,2.230769230769231,2.28125,0.23179254451142994,0.09440344833798847,0.13738909617344147,0.2489136222395001,0.3063552273716924,0.5552688496111925,0.6988728624416733,2
253,IMG_20221210_114316_253,frontal1,IMG_20221210_114316_253_frontal1.jpg,431.5655865599336,122.7558539489193,3544.0,1782.0,1762.0,32.0,30.0,69.0,71.0,2.15625,2.3666666666666667,0.2351848215248658,0.1182560248186543,0.1169287967062115,0.2606800325246869,0.244387530491894,0.5620913201313562,0.5783838221641491,2
254,IMG_20221210_114347_254,frontal1,IMG_20221210_114347_254_frontal1.jpg,389.2325550160084,110.7073140819424,2080.0,697.0,1383.0,19.0,27.0,53.0,65.0,2.789473684210526,2.4074074074074074,0.16971127897137056,0.05686959684761792,0.11284168212375263,0.1716237102991835,0.2438863251619976,0.47873982346614347,0.5871337457603646,2
255,IMG_20221210_114421_255,frontal1,IMG_20221210_114421_255_frontal1.jpg,386.8073078074594,109.87349670686328,2245.0,1188.0,1057.0,32.0,31.0,54.0,53.0,1.6875,1.7096774193548387,0.18596467401647057,0.09840803239713454,0.08755664161933603,0.2912440302630426,0.2821426543173225,0.4914743010688844,0.4823729251231643,2
256,IMG_20221210_114454_256,frontal1,IMG_20221210_114454_256_frontal1.jpg,389.56278955245455,110.6592741827041,3058.0,1729.0,1329.0,37.0,34.0,68.0,57.0,1.837837837837838,1.6764705882352942,0.2497248991426631,0.1411950132824279,0.10852988586023521,0.3343596844753483,0.30724943978815794,0.6144988795763159,0.5150946490566177,2
257,IMG_20221210_114533_257,frontal1,IMG_20221210_114533_257_frontal1.jpg,373.5189688208002,106.082835776605,2657.0,1461.0,1196.0,33.0,34.0,59.0,60.0,1.7878787878787878,1.7647058823529411,0.23610289545887803,0.12982549125533338,0.10627740420354465,0.31107765698772605,0.32050425265402077,0.556169144311389,0.5655957399776836,2
258,IMG_20221210_115037_258,frontal1,IMG_20221210_115037_258_frontal1.jpg,370.05265441334313,105.2594039269238,1989.0,915.0,1074.0,26.0,24.0,58.0,60.0,2.230769230769231,2.5,0.17952005410927493,0.0825846402765141,0.09693541383276082,0.24700880899962596,0.22800813138427012,0.5510196508453195,0.5700203284606753,2
259,IMG_20221210_115125_259,frontal1,IMG_20221210_115125_259_frontal1.jpg,372.9520313665715,105.8927149600346,2261.0,995.0,1266.0,25.0,31.0,52.0,58.0,2.08,1.8709677419354838,0.20163614970954064,0.0887341746842074,0.11290197502533324,0.23608800670976612,0.29274912832011,0.49106305395631356,0.5477241755666574,2
260,IMG_20221210_115232_260,frontal1,IMG_20221210_115232_260_frontal1.jpg,416.8942780971336,118.39299567485865,2404.0,1061.0,1343.0,24.0,36.0,66.0,60.0,2.75,1.6666666666666667,0.17150723452582128,0.07569433270877553,0.09581290181704574,0.20271469492934302,0.30407204239401453,0.5574654110556934,0.5067867373233576,2
261,IMG_20221210_115419_261,frontal1,IMG_20221210_115419_261_frontal1.jpg,343.83833074164875,97.8010527065425,2044.0,966.0,1078.0,23.0,27.0,60.0,64.0,2.608695652173913,2.3703703703703702,0.21369474011144218,0.10099271964170899,0.11270202046973321,0.23517129277752027,0.276070648043176,0.6134903289848355,0.6543896842504913,2
262,IMG_20221210_115514_262,frontal1,IMG_20221210_115514_262_frontal1.jpg,436.0011603376711,123.92299640232312,1904.0,844.0,1060.0,24.0,27.0,55.0,59.0,2.2916666666666665,2.185185185185185,0.12398328305335928,0.05495897631146808,0.0690243067418912,0.19366865470297878,0.21787723654085114,0.44382400036099307,0.4761021094781562,2
263,IMG_20221210_115558_263,frontal1,IMG_20221210_115558_263_frontal1.jpg,416.3797888062173,118.32787488739997,2250.0,892.0,1358.0,23.0,31.0,56.0,69.0,2.4347826086956523,2.225806451612903,0.1606972291339837,0.06370752372778377,0.09698970540619994,0.19437516326467155,0.2619839157045573,0.47326126707920035,0.5831254897940147,2
264,IMG_20221210_115650_264,frontal1,IMG_20221210_115650_264_frontal1.jpg,385.1140846779314,109.25227817245239,2155.0,1315.0,840.0,32.0,26.0,56.0,50.0,1.75,1.9230769230769231,0.18054533475764528,0.11017035508413157,0.07037497967351371,0.2929000706922439,0.23798130743744816,0.5125751237114268,0.4576563604566311,2
265,IMG_20221210_115757_265,frontal1,IMG_20221210_115757_265_frontal1.jpg,365.20088160481055,103.84406317153534,2007.0,1034.0,973.0,23.0,30.0,65.0,54.0,2.8260869565217392,1.8,0.18611613583714234,0.09588643968889148,0.09022969614825088,0.22148594052995918,0.28889470503907716,0.6259385275846673,0.520010469070339,2
266,IMG_20221210_115910_266,frontal1,IMG_20221210_115910_266_frontal1.jpg,393.7599648751884,111.87722373818545,2607.0,1338.0,1269.0,26.0,32.0,66.0,68.0,2.5384615384615383,2.125,0.20828484420075927,0.10689878079808819,0.10138606340267108,0.2323976152719438,0.2860278341808539,0.5899324079980112,0.6078091476343146,2
267,IMG_20221210_115956_267,frontal1,IMG_20221210_115956_267_frontal1.jpg,388.4940861429618,110.12811175941067,3223.0,1633.0,1590.0,38.0,36.0,70.0,65.0,1.8421052631578947,1.8055555555555556,0.2657442765074159,0.13464486612988213,0.13109941037753375,0.3450526790381732,0.32689201172037463,0.6356233561229506,0.5902216878284542,2
268,IMG_20221210_120037_268,frontal1,IMG_20221210_120037_268_frontal1.jpg,395.6332917964709,112.47354849557944,2810.0,1586.0,1224.0,31.0,32.0,80.0,65.0,2.5806451612903225,2.03125,0.22212913507435877,0.1253725296184815,0.09675660545587728,0.2756203606505613,0.28451134002638584,0.7112783500659646,0.5779136594285963,2
269,IMG_20221210_120150_269,frontal1,IMG_20221210_120150_269_frontal1.jpg,365.1171053267141,103.85553027048086,1515.0,782.0,733.0,25.0,24.0,46.0,46.0,1.84,1.9166666666666667,0.14046023083466508,0.07250158449683702,0.06795864633782805,0.24071900586218295,0.23109024562769565,0.4429229707864166,0.4429229707864166,2
270,IMG_20221210_120225_270,frontal1,IMG_20221210_120225_270_frontal1.jpg,380.7564458982091,108.26751904677673,2103.0,1093.0,1010.0,26.0,27.0,58.0,55.0,2.230769230769231,2.037037037037037,0.17940845351735066,0.0932446218233306,0.08616383169402005,0.24014589259006444,0.2493822730742977,0.5357100680855283,0.5080009266328286,2
271,IMG_20221210_120305_271,frontal1,IMG_20221210_120305_271_frontal1.jpg,363.2363532909697,103.25200415690013,2100.0,910.0,1190.0,24.0,28.0,54.0,60.0,2.25,2.142857142857143,0.19698008218114027,0.08535803561182745,0.11162204656931281,0.2324410087336414,0.271181176855915,0.5229922696506931,0.5811025218341035,2
272,IMG_20221210_120348_272,frontal1,IMG_20221210_120348_272_frontal1.jpg,330.2469130387107,93.89275777742199,3004.0,1303.0,1701.0,26.0,37.0,67.0,78.0,2.576923076923077,2.108108108108108,0.3407499007572534,0.1478019709343213,0.1929479298229321,0.2769116661972423,0.3940666018960755,0.7135800628928936,0.8307349985917267,2
273,IMG_20221210_124240_273,frontal1,IMG_20221210_124240_273_frontal1.jpg,380.17244495845176,108.07709947096583,2780.0,1197.0,1583.0,27.0,35.0,63.0,70.0,2.3333333333333335,2.0,0.2380002615987943,0.1024770910553082,0.13552317054348612,0.2498216563190925,0.3238428878210458,0.5829171980778824,0.6476857756420916,2
274,IMG_20221210_124341_274,frontal1,IMG_20221210_124341_274_frontal1.jpg,399.154117741993,113.47376302713077,2863.0,1541.0,1322.0,32.0,27.0,67.0,65.0,2.09375,2.4074074074074074,0.2223465696636256,0.11967728391604857,0.10266928574757703,0.2820035147010065,0.23794046552897424,0.5904448589052324,0.5728196392364194,2
275,IMG_20221210_124437_275,frontal1,IMG_20221210_124437_275_frontal1.jpg,437.5025445856648,124.4406713003751,2381.0,1172.0,1209.0,33.0,30.0,59.0,58.0,1.7878787878787878,1.9333333333333333,0.15375693206899624,0.0756837985656714,0.07807313350332484,0.2651866118621664,0.2410787380565149,0.4741215181778126,0.46608556024259545,2
276,IMG_20221210_124541_276,frontal1,IMG_20221210_124541_276_frontal1.jpg,407.3288806877889,115.73113335555414,2453.0,972.0,1481.0,27.0,27.0,52.0,72.0,1.9259259259259258,2.6666666666666665,0.18314587261293488,0.07257145869538227,0.11057441391755261,0.23329936566895484,0.23329936566895484,0.449317296843913,0.6221316417838796,2
277,IMG_20221210_124622_277,frontal1,IMG_20221210_124622_277_frontal1.jpg,420.9147990256336,119.71902053039736,3134.0,1758.0,1376.0,38.0,35.0,65.0,64.0,1.7105263157894737,1.8285714285714285,0.21866168077211487,0.12265706279431332,0.09600461797780155,0.31740988049891017,0.2923512057226804,0.542937953484978,0.5345850618929013,2
278,IMG_20221210_124713_278,frontal1,IMG_20221210_124713_278_frontal1.jpg,421.7825862498751,119.97353961603503,3280.0,1741.0,1539.0,36.0,36.0,66.0,66.0,1.8333333333333333,1.8333333333333333,0.22787826246999524,0.12095611431715296,0.10692214815284228,0.30006616554962784,0.30006616554962784,0.550121303507651,0.550121303507651,2
279,IMG_20221210_124807_279,frontal1,IMG_20221210_124807_279_frontal1.jpg,425.1491270866336,120.91975727206285,3200.0,1689.0,1511.0,30.0,32.0,75.0,70.0,2.5,2.1875,0.2188544818752439,0.11551413121477717,0.10334035066046673,0.24809841399616472,0.2646383082625757,0.6202460349904119,0.5788962993243844,2
280,IMG_20221210_124848_280,frontal1,IMG_20221210_124848_280_frontal1.jpg,400.8154499431269,113.97780364787036,2787.0,1321.0,1466.0,25.0,31.0,64.0,65.0,2.56,2.096774193548387,0.21453413372144112,0.10168625426839746,0.11284787945304366,0.21934095235978096,0.2719827809261284,0.5615128380410392,0.5702864761354305,2
281,IMG_20221210_124927_281,frontal1,IMG_20221210_124927_281_frontal1.jpg,415.7986053275664,118.11267083242596,2620.0,1413.0,1207.0,37.0,30.0,64.0,62.0,1.7297297297297298,2.066666666666667,0.18780550187704423,0.10128594433292501,0.08651955754411923,0.31326020941897315,0.253994764393762,0.541855497373359,0.5249225130804415,2
282,IMG_20221210_125001_282,frontal1,IMG_20221210_125001_282_frontal1.jpg,390.22626171644737,110.61586920290083,2704.0,1302.0,1402.0,30.0,35.0,59.0,60.0,1.9666666666666666,1.7142857142857142,0.22098958923174059,0.10640844866114135,0.11458114057059922,0.271208825787659,0.3164102967522688,0.533377357382396,0.542417651575318,2
283,IMG_20221210_125058_283,frontal1,IMG_20221210_125058_283_frontal1.jpg,408.10801465779,115.82392699110187,2907.0,1555.0,1352.0,38.0,32.0,62.0,67.0,1.631578947368421,2.09375,0.2166947855205783,0.11591344736308884,0.10078133815748946,0.32808419630703195,0.2762814284690795,0.5352952676588416,0.5784642408571352,2
284,IMG_20221210_125146_284,frontal1,IMG_20221210_125146_284_frontal1.jpg,406.6787176529887,115.50849820151352,3323.0,1586.0,1737.0,36.0,34.0,58.0,71.0,1.6111111111111112,2.088235294117647,0.24905912991759585,0.11887083359894884,0.130188296318647,0.31166538012809425,0.29435063678764456,0.5021275568730407,0.6146733885859637,2
285,IMG_20221210_125236_285,frontal1,IMG_20221210_125236_285_frontal1.jpg,411.5411592129446,117.05892627601017,2599.0,1386.0,1213.0,31.0,26.0,60.0,64.0,1.935483870967742,2.4615384615384617,0.1896693723515237,0.10114726821054706,0.08852210414097662,0.2648238881578831,0.22211035780983743,0.5125623641765479,0.5467331884549844,2
286,IMG_20221210_125306_286,frontal1,IMG_20221210_125306_286_frontal1.jpg,397.23535976820784,112.9106724211507,2481.0,1261.0,1220.0,28.0,29.0,57.0,59.0,2.0357142857142856,2.0344827586206895,0.19460624672657348,0.09891111532535636,0.0956951314012171,0.24798364405768053,0.25684020277402625,0.5048238468317068,0.5225369642643983,2
287,IMG_20221210_125335_287,frontal1,IMG_20221210_125335_287_frontal1.jpg,429.4744989420349,122.13067948481918,2453.0,1255.0,1198.0,26.0,27.0,65.0,59.0,2.5,2.185185185185185,0.16445534817067872,0.0841383864468821,0.08031696172379661,0.21288672190865682,0.22107467275129747,0.532216804771642,0.48308909971579816,2
288,IMG_20221210_125417_288,frontal1,IMG_20221210_125417_288_frontal1.jpg,442.65982827204175,125.73443084470387,3496.0,1417.0,2079.0,29.0,41.0,61.0,78.0,2.103448275862069,1.9024390243902438,0.22113779939684564,0.08963165381731415,0.1315061455795315,0.2306448584144645,0.3260841101721739,0.48514952976835635,0.6203551364251114,2
289,IMG_20221210_125456_289,frontal1,IMG_20221210_125456_289_frontal1.jpg,413.3258721425789,117.29127358566475,2732.0,1350.0,1382.0,29.0,42.0,61.0,55.0,2.103448275862069,1.3095238095238095,0.19858630307916406,0.09813012780266159,0.10045617527650245,0.24724772025618413,0.3580829051986115,0.5200727908836977,0.4689180901410389,2
290,IMG_20221210_125551_290,frontal1,IMG_20221210_125551_290_frontal1.jpg,382.2978140946267,108.7019228628246,2570.0,1399.0,1171.0,37.0,32.0,54.0,53.0,1.4594594594594594,1.65625,0.21749970401324997,0.11839769879943063,0.09910200521381934,0.3403803633417949,0.29438301694425506,0.4967713410934304,0.4875718718139224,2
291,IMG_20221210_125616_291,frontal1,IMG_20221210_125616_291_frontal1.jpg,385.6425800678027,109.65528248046279,1485.0,602.0,883.0,22.0,23.0,50.0,55.0,2.272727272727273,2.391304347826087,0.12350010807133055,0.05006536367605454,0.073434744395276,0.2006287294359916,0.2097482171376276,0.4559743850817991,0.501571823589979,2
292,IMG_20221210_125724_292,frontal1,IMG_20221210_125724_292_frontal1.jpg,433.1763055916418,123.19969173616421,3124.0,1471.0,1653.0,27.0,37.0,67.0,67.0,2.4814814814814814,1.8108108108108107,0.20582199473976687,0.09691554233745105,0.10890645240231582,0.21915639251615418,0.30032542678139645,0.5438325295771234,0.5438325295771234,2
293,IMG_20221210_125824_293,frontal1,IMG_20221210_125824_293_frontal1.jpg,415.76538477838994,118.25205969945182,3626.0,1991.0,1635.0,34.0,31.0,80.0,77.0,2.3529411764705883,2.4838709677419355,0.2593046899904298,0.1423815879125609,0.11692310207786893,0.28752141896229155,0.26215188199503053,0.6765209857936272,0.6511514488263662,2
294,IMG_20221210_125913_294,frontal1,IMG_20221210_125913_294_frontal1.jpg,415.4631691133399,117.77848944873561,3579.0,2182.0,1397.0,36.0,29.0,80.0,62.0,2.2222222222222223,2.1379310344827585,0.2580059599577814,0.1572978498541154,0.100708110103666,0.3056585304201019,0.24622492728285983,0.6792411787113375,0.5264119135012866,2
295,IMG_20221210_125952_295,frontal1,IMG_20221210_125952_295_frontal1.jpg,474.5720593913516,134.87892343387523,4998.0,2457.0,2541.0,40.0,45.0,81.0,83.0,2.025,1.8444444444444446,0.27473125498749346,0.13505696148544846,0.139674293502045,0.2965622721596685,0.3336325561796271,0.6005386011233288,0.6153667147313122,2
296,IMG_20221210_130024_296,frontal1,IMG_20221210_130024_296_frontal1.jpg,418.5242909028752,118.69849506054246,4504.0,2058.0,2446.0,33.0,47.0,83.0,83.0,2.515151515151515,1.7659574468085106,0.31967447191630366,0.14606795364204106,0.1736065182742626,0.27801531926052026,0.3959612122801349,0.6992506514734298,0.6992506514734298,2
297,IMG_20221210_130109_297,frontal1,IMG_20221210_130109_297_frontal1.jpg,448.5029121765911,127.39980871163749,4038.0,1660.0,2378.0,35.0,36.0,65.0,84.0,1.8571428571428572,2.3333333333333335,0.24878761844594946,0.10227524681037051,0.14651237163557895,0.27472568721999097,0.28257499256913354,0.5102048476942689,0.6593416493279783,2
298,IMG_20221210_130141_298,frontal1,IMG_20221210_130141_298_frontal1.jpg,479.38829928559727,135.02873835336845,4072.0,2133.0,1939.0,35.0,47.0,78.0,64.0,2.2285714285714286,1.3617021276595744,0.22333425984376223,0.11698722402916131,0.10634703581460092,0.25920408075209483,0.3480740512956702,0.5776548085332399,0.473973176232402,2
299,IMG_20221210_130213_299,frontal1,IMG_20221210_130213_299_frontal1.jpg,435.5234900020637,123.285412845284,4173.0,2302.0,1871.0,41.0,41.0,77.0,69.0,1.8780487804878048,1.6829268292682926,0.27455224360700964,0.15145441284048317,0.1230978307665265,0.3325616474306868,0.3325616474306868,0.6245669963942166,0.5596769188467655,2
300,IMG_20221210_130257_300,frontal1,IMG_20221210_130257_300_frontal1.jpg,422.0736712884832,119.88800804499559,4823.0,2496.0,2327.0,40.0,41.0,88.0,91.0,2.2,2.2195121951219514,0.33555659060040516,0.173657319124738,0.16189927147566718,0.3336447126970986,0.3419858305145261,0.734018367933617,0.7590417213858993,2
301,IMG_20221210_130354_301,frontal1,IMG_20221210_130354_301_frontal1.jpg,502.457383651223,142.57306404933868,4451.0,2009.0,2442.0,39.0,43.0,72.0,87.0,1.8461538461538463,2.0232558139534884,0.21896899644302448,0.09883368093777492,0.12013531550524956,0.2735439562868881,0.3015997466752869,0.5050042269911781,0.6102134409476735,2
302,IMG_20221210_130429_302,frontal1,IMG_20221210_130429_302_frontal1.jpg,509.3683695555612,144.88507264899138,4794.0,2519.0,2275.0,42.0,44.0,81.0,76.0,1.9285714285714286,1.7272727272727273,0.22837614823342392,0.11999989933249788,0.10837624890092604,0.2898849359157386,0.30368898048315474,0.559063804980353,0.5245536935618127,2
303,IMG_20221210_130505_303,frontal1,IMG_20221210_130505_303_frontal1.jpg,494.4743895163812,140.568520838183,4679.0,2258.0,2421.0,33.0,41.0,83.0,86.0,2.515151515151515,2.097560975609756,0.23679738135243336,0.11427409427095415,0.12252328708147919,0.23476095361342186,0.29167269994394834,0.5904593681792125,0.61180127305316,2
304,IMG_20221210_130536_304,frontal1,IMG_20221210_130536_304_frontal1.jpg,615.6786872032213,175.11638450096552,6829.0,3939.0,2890.0,52.0,42.0,101.0,93.0,1.9423076923076923,2.2142857142857144,0.2226914527936305,0.12844949956862067,0.09424195322500983,0.29694537234871526,0.23984049305088542,0.5767592809080816,0.5310753774698177,2
305,IMG_20221210_130625_305,frontal1,IMG_20221210_130625_305_frontal1.jpg,503.9234430188351,143.2658864274472,3720.0,1917.0,1803.0,34.0,32.0,75.0,73.0,2.2058823529411766,2.28125,0.18124137879297256,0.09339777503928183,0.08784360375369073,0.237320976038621,0.2233609186245845,0.5235021530263699,0.5095420956123333,2
306,IMG_20221210_130652_306,frontal1,IMG_20221210_130652_306_frontal1.jpg,510.7753428306997,145.21360981127478,4245.0,2170.0,2075.0,40.0,41.0,77.0,75.0,1.925,1.829268292682927,0.20130893512430703,0.1029070410411652,0.09840189408314183,0.27545627473888673,0.28234268160735887,0.5302533288723569,0.5164805151354126,2
307,IMG_20221210_130718_307,frontal1,IMG_20221210_130718_307_frontal1.jpg,557.214045343548,158.35526408013058,4531.0,2359.0,2172.0,44.0,38.0,84.0,79.0,1.9090909090909092,2.0789473684210527,0.18068789251932849,0.09407255317878965,0.08661533934053885,0.2778562509784027,0.2399667622086205,0.5304528427769506,0.4988782688021321,2
308,IMG_20221210_130743_308,frontal1,IMG_20221210_130743_308_frontal1.jpg,483.8074698866319,137.53836324325303,3342.0,1831.0,1511.0,33.0,31.0,72.0,67.0,2.1818181818181817,2.161290322580645,0.17666834554941696,0.09679226232824131,0.07987608322117565,0.23993305738003845,0.22539165996306643,0.523490307010993,0.4871368134685629,2
309,IMG_20221210_130815_309,frontal1,IMG_20221210_130815_309_frontal1.jpg,523.5556403728958,148.90973410142897,5269.0,2833.0,2436.0,54.0,47.0,84.0,84.0,1.5555555555555556,1.7872340425531914,0.23761946968638706,0.12776161655371693,0.10985785313267013,0.3626357962819155,0.31562745231944495,0.5641001275496463,0.5641001275496463,2
310,IMG_20221210_130844_310,frontal1,IMG_20221210_130844_310_frontal1.jpg,486.4997639166148,138.217317030098,3245.0,1811.0,1434.0,33.0,34.0,73.0,63.0,2.212121212121212,1.8529411764705883,0.16985947760500297,0.09479676854935605,0.07506270905564692,0.23875445355963587,0.24598943700083695,0.5281537912076794,0.4558039567956685,2
311,IMG_20221210_130915_311,frontal1,IMG_20221210_130915_311_frontal1.jpg,544.1324391726812,154.65899393893991,4226.0,2060.0,2166.0,43.0,47.0,68.0,81.0,1.5813953488372092,1.7234042553191489,0.17667663994608965,0.08612254573803707,0.09055409420805256,0.27803103398549583,0.30389438598414664,0.43967698397706323,0.5237328779726782,2
312,IMG_20221210_130949_312,frontal1,IMG_20221210_130949_312_frontal1.jpg,490.60096924356327,139.51933400624418,2912.0,1386.0,1526.0,32.0,36.0,60.0,59.0,1.875,1.6388888888888888,0.14959689574074575,0.07120236864583572,0.07839452709491003,0.22935889300165269,0.25802875462685926,0.43004792437809874,0.4228804589717971,2
313,IMG_20221210_131018_313,frontal1,IMG_20221210_131018_313_frontal1.jpg,405.7036381968964,115.16778024426046,3043.0,1563.0,1480.0,35.0,31.0,63.0,67.0,1.8,2.161290322580645,0.22942458764296061,0.11784115362666693,0.1115834340162937,0.30390444207371337,0.26917250583671753,0.547027995732684,0.5817599319696798,2
314,IMG_20221210_132640_314,frontal1,IMG_20221210_132640_314_frontal1.jpg,449.94547291697234,127.90182703774519,2827.0,1222.0,1605.0,30.0,31.0,59.0,67.0,1.9666666666666666,2.161290322580645,0.17281136950037534,0.07469950248654357,0.09811186701383177,0.2345548980402499,0.24237339464159155,0.4612912994791581,0.5238392722898915,2
315,IMG_20221210_132732_315,frontal1,IMG_20221210_132732_315_frontal1.jpg,417.28522392763335,118.62205990963837,2676.0,1405.0,1271.0,25.0,26.0,74.0,62.0,2.96,2.3846153846153846,0.19017577127353774,0.09984938663651739,0.09032638463702036,0.21075337942237743,0.21918351459927252,0.6238300030902372,0.522668380967496,2
316,IMG_20221210_132952_316,frontal1,IMG_20221210_132952_316_frontal1.jpg,509.8170828088192,144.97042608511842,5250.0,1985.0,3265.0,32.0,48.0,78.0,95.0,2.4375,1.9791666666666667,0.24980462376761303,0.09444993870070703,0.15535468506690603,0.2207346757828484,0.33110201367427256,0.5380407722206929,0.6553060687303311,2
317,IMG_20221210_133046_317,frontal1,IMG_20221210_133046_317_frontal1.jpg,484.9462990759257,137.9311025525043,5051.0,2327.0,2724.0,39.0,41.0,82.0,91.0,2.1025641025641026,2.2195121951219514,0.26549292545541453,0.12231281677583639,0.14318010867957814,0.28274986046134454,0.29724985330551607,0.5944997066110321,0.6597496744098039,2
318,IMG_20221210_133110_318,frontal1,IMG_20221210_133110_318_frontal1.jpg,504.85791811153337,143.59754755806136,3873.0,1621.0,2252.0,31.0,42.0,73.0,78.0,2.3548387096774195,1.8571428571428572,0.1878250232673962,0.07861202238999464,0.10921300087740154,0.21588112420559027,0.29248410376241263,0.5083652279680029,0.5431847641301949,2
319,IMG_20221210_133237_319,frontal1,IMG_20221210_133237_319_frontal1.jpg,114.99894098808736,32.27245866583555,2317.0,729.0,1588.0,25.0,30.0,43.0,71.0,1.72,2.3666666666666667,2.2246511953815395,0.6999442043302297,1.5247069910513098,0.7746543347955587,0.9295852017546704,1.332405455848361,2.2000183108193867,2
320,IMG_20221210_133321_320,frontal1,IMG_20221210_133321_320_frontal1.jpg,461.44684807254873,131.25133515880185,2501.0,930.0,1571.0,22.0,28.0,64.0,69.0,2.909090909090909,2.4642857142857144,0.1451798127013843,0.05398529620643239,0.09119451649495192,0.1676173425084176,0.21333116319253145,0.4876140872972148,0.5257089378673097,2
321,IMG_20221210_133609_321,frontal1,IMG_20221210_133609_321_frontal1.jpg,411.1661118559349,116.61459243280515,3085.0,1711.0,1374.0,36.0,31.0,72.0,62.0,2.0,2.0,0.22685553022147267,0.12581841562688484,0.10103711459458783,0.30870922111007393,0.26583294040034144,0.6174184422201479,0.5316658808006829,2
322,IMG_20221210_133643_322,frontal1,IMG_20221210_133643_322_frontal1.jpg,467.6446289412996,132.92667585965393,4962.0,2256.0,2706.0,37.0,44.0,82.0,83.0,2.2162162162162162,1.8863636363636365,0.2808228685374349,0.12767762825885795,0.15314524027857696,0.27834894509109054,0.3310095563245401,0.616881445877552,0.6244043903394734,2
323,IMG_20221210_134000_323,frontal1,IMG_20221210_134000_323_frontal1.jpg,476.3882208351236,135.22724123077134,4896.0,2591.0,2305.0,43.0,43.0,87.0,78.0,2.0232558139534884,1.813953488372093,0.2677398606157655,0.14168994666165205,0.12604991395411344,0.31798326734048044,0.31798326734048044,0.6433614943865534,0.5768068570362203,2
324,IMG_20221210_134034_324,frontal1,IMG_20221210_134034_324_frontal1.jpg,451.8103252514072,128.27812626850445,3720.0,2054.0,1666.0,40.0,31.0,78.0,70.0,1.95,2.2580645161290325,0.226067288111268,0.12482317467218938,0.10124411343907863,0.31182245300554423,0.2416624010792968,0.6080537833608113,0.5456892927597025,2
325,IMG_20221210_134509_325,frontal1,IMG_20221210_134509_325_frontal1.jpg,448.92739052518414,127.53350654278937,3103.0,1410.0,1693.0,29.0,30.0,73.0,77.0,2.5172413793103448,2.566666666666667,0.19078014475214458,0.08669030103142888,0.10408984372071568,0.22739122279422366,0.23523229944230034,0.5723985953095976,0.6037629019019043,2
326,IMG_20221210_134601_326,frontal1,IMG_20221210_134601_326_frontal1.jpg,626.2518698797564,178.1268804220372,6135.0,2542.0,3593.0,51.0,50.0,72.0,101.0,1.411764705882353,2.02,0.19335510501568348,0.08011551376525955,0.11323959125042392,0.28631276693986535,0.28069879111751506,0.40420625920922165,0.5670115580573803,2
327,IMG_20221210_134942_327,frontal1,IMG_20221210_134942_327_frontal1.jpg,427.4705080168822,121.40639003863203,4262.0,2062.0,2200.0,38.0,39.0,75.0,85.0,1.9736842105263157,2.1794871794871793,0.28915476525759143,0.13989608774311438,0.14925867751447702,0.312998351964079,0.3212351506999758,0.6177599051922612,0.7001278925512293,2
328,IMG_20221210_135112_328,frontal1,IMG_20221210_135112_328_frontal1.jpg,510.4666572685875,145.12657630661212,3629.0,2081.0,1548.0,44.0,30.0,75.0,67.0,1.7045454545454546,2.2333333333333334,0.17230309097085827,0.09880483116846406,0.07349825980239422,0.3031836147435893,0.20671610096153814,0.5167902524038454,0.46166595881410183,2
329,IMG_20221210_135426_329,frontal1,IMG_20221210_135426_329_frontal1.jpg,604.0800798343507,171.75924018183707,4979.0,2601.0,2378.0,42.0,43.0,85.0,85.0,2.0238095238095237,1.9767441860465116,0.16877258636853,0.08816579577114812,0.08060679059738186,0.24452832904672658,0.2503504321192677,0.49487876116599433,0.49487876116599433,2
330,IMG_20221210_135506_330,frontal1,IMG_20221210_135506_330_frontal1.jpg,476.4651510366837,135.34071417241435,3335.0,1521.0,1814.0,31.0,40.0,68.0,70.0,2.193548387096774,1.75,0.1820702172976578,0.08303712159212519,0.0990330957055326,0.22905154734522995,0.29555038367126446,0.5024356522411496,0.5172131714247128,2
331,IMG_20221210_135849_331,frontal1,IMG_20221210_135849_331_frontal1.jpg,490.153169648737,139.37403139068778,4013.0,2159.0,1854.0,46.0,33.0,74.0,74.0,1.608695652173913,2.242424242424242,0.20658816371053132,0.11114474095465664,0.09544342275587467,0.3300471367657768,0.23677294594066597,0.530945393927554,0.530945393927554,2
332,IMG_20221210_135926_332,frontal1,IMG_20221210_135926_332_frontal1.jpg,578.5652986144363,164.53803599960617,4250.0,2437.0,1813.0,44.0,34.0,78.0,70.0,1.7727272727272727,2.0588235294117645,0.15698433294047154,0.09001666338257155,0.06696766955789997,0.2674153713619465,0.20663915059786772,0.4740545219598142,0.4254335453485512,2
333,IMG_20221210_140259_333,frontal1,IMG_20221210_140259_333_frontal1.jpg,610.4429574251725,172.94798609181828,5089.0,2621.0,2468.0,48.0,44.0,79.0,85.0,1.6458333333333333,1.9318181818181819,0.17013804277154904,0.0876266083914777,0.08251143438007133,0.27754009216688275,0.2544117511529759,0.45678473502466116,0.49147724654552155,2
334,IMG_20221210_140351_334,frontal1,IMG_20221210_140351_334_frontal1.jpg,473.9318598345284,133.96030295863497,2913.0,1377.0,1536.0,32.0,33.0,69.0,77.0,2.15625,2.3333333333333335,0.16232605813182904,0.07673291522400569,0.08559314290782334,0.23887673656486985,0.24634163458252203,0.5150779632180006,0.574797147359218,2
335,IMG_20230315_090454_335,frontal1,IMG_20230315_090454_335_frontal1.jpg,479.0930485157244,136.26838655473952,3526.0,1851.0,1675.0,37.0,31.0,77.0,69.0,2.081081081081081,2.225806451612903,0.18988562148018184,0.09968187332949988,0.09020374815068195,0.2715229917625609,0.22749223634160506,0.5650613612355997,0.506353687340992,2
336,IMG_20230315_092314_336,frontal1,IMG_20230315_092314_336_frontal1.jpg,637.5156722242369,181.26026156023823,7136.0,3068.0,4068.0,53.0,57.0,79.0,102.0,1.490566037735849,1.7894736842105263,0.21719490669980274,0.093379200358043,0.12381570634175974,0.2923972388861775,0.31446495502853056,0.4358373938114722,0.562726761630002,2
337,IMG_20230315_092829_337,frontal1,IMG_20230315_092829_337_frontal1.jpg,562.628650114339,160.02000526014547,3727.0,1695.0,2032.0,33.0,32.0,79.0,83.0,2.393939393939394,2.59375,0.14554953826987777,0.06619438351688833,0.07935515475298945,0.20622421519329226,0.1999749965510713,0.49368827273545723,0.5186851473043411,2
338,IMG_20230315_094047_338,frontal1,IMG_20230315_094047_338_frontal1.jpg,641.9552408739626,182.3229002662225,5882.0,2427.0,3455.0,42.0,63.0,83.0,96.0,1.9761904761904763,1.5238095238095237,0.17694674531144566,0.07301083829834727,0.1039359070130984,0.23036053034847978,0.3455407955227197,0.4552362861648529,0.5265383550822396,2
339,IMG_20230315_094506_339,frontal1,IMG_20230315_094506_339_frontal1.jpg,678.5260302324348,193.00182839954218,5463.0,2466.0,2997.0,46.0,45.0,80.0,90.0,1.7391304347826086,2.0,0.1466588765662145,0.06620186520451857,0.08045701136169593,0.23833971098332413,0.23315841291846925,0.4145038451883898,0.4663168258369385,2
340,IMG_20230315_094857_340,frontal1,IMG_20230315_094857_340_frontal1.jpg,643.7867649939193,183.10044229106674,7336.0,3470.0,3866.0,61.0,63.0,91.0,98.0,1.4918032786885247,1.5555555555555556,0.21881673618673517,0.10350246381788045,0.1153142723688547,0.33315047870300046,0.34407344521785294,0.4969949764257876,0.5352253592277713,2
341,IMG_20230315_095525_341,frontal1,IMG_20230315_095525_341_frontal1.jpg,663.0587446269678,188.46516439576203,6466.0,2838.0,3628.0,41.0,54.0,91.0,98.0,2.2195121951219514,1.8148148148148149,0.18204280763054148,0.07990063223870657,0.1021421753918349,0.21754683488298784,0.28652509960198397,0.482847853032973,0.519989995573971,2
342,IMG_20230315_100502_342,frontal1,IMG_20230315_100502_342_frontal1.jpg,648.2677465161204,184.35898795190496,4918.0,2570.0,2348.0,41.0,41.0,81.0,78.0,1.975609756097561,1.9024390243902438,0.14469712216098873,0.07561439689990668,0.06908272526108206,0.22239219500757923,0.22239219500757923,0.43936019013692484,0.4230875905022239,2
343,IMG_20230315_100747_343,frontal1,IMG_20230315_100747_343_frontal1.jpg,684.7510100941726,194.5478967330743,6160.0,2692.0,3468.0,38.0,45.0,89.0,102.0,2.3421052631578947,2.2666666666666666,0.16275248643893037,0.07112495024246762,0.09162753619646274,0.1953246508346331,0.23130550756732868,0.4574708927442723,0.5242924838192784,2
344,IMG_20230315_101252_344,frontal1,IMG_20230315_101252_344_frontal1.jpg,687.764832811443,195.62392848887774,6460.0,3657.0,2803.0,56.0,51.0,88.0,87.0,1.5714285714285714,1.7058823529411764,0.16880626694873738,0.09556107093367378,0.0732451960150636,0.2862635488029467,0.26070430337411216,0.4498427195474876,0.4447308704617207,2
345,IMG_20230315_101647_345,frontal1,IMG_20230315_101647_345_frontal1.jpg,657.9903634065633,187.09517431231026,7057.0,3630.0,3427.0,49.0,46.0,103.0,101.0,2.1020408163265305,2.1956521739130435,0.2016020506733116,0.10370064389175586,0.09790140678155575,0.26189879124410936,0.24586417137202105,0.5505219489416993,0.539832202360307,2
346,IMG_20230315_103327_346,frontal1,IMG_20230315_103327_346_frontal1.jpg,706.3508088841874,200.356249077048,6660.0,3231.0,3429.0,52.0,72.0,90.0,94.0,1.7307692307692308,1.3055555555555556,0.16590842636225733,0.08048800684331132,0.085420419518946,0.2595376996701667,0.35935989185100004,0.44919986481375007,0.46916430324991676,2
348,IMG_20230315_104341_348,frontal1,IMG_20230315_104341_348_frontal1.jpg,714.225806523119,202.08965702760554,3624.0,1490.0,2134.0,43.0,43.0,58.0,82.0,1.3488372093023255,1.9069767441860466,0.08873603420846188,0.03648363437378813,0.052252399834673745,0.212776846833513,0.212776846833513,0.28700132828706404,0.4057604986127457,2
349,IMG_20230315_105103_349,frontal1,IMG_20230315_105103_349_frontal1.jpg,721.8821375544832,205.2690898348215,7094.0,3891.0,3203.0,57.0,44.0,94.0,99.0,1.6491228070175439,2.25,0.1683619979324521,0.09234515561815212,0.07601684231429999,0.2776842828399905,0.21435277973613304,0.4579354839817388,0.48229375440629935,2
351,IMG_20230315_105718_351,frontal1,IMG_20230315_105718_351_frontal1.jpg,577.2829535756746,163.45513952820227,3632.0,2030.0,1602.0,47.0,37.0,66.0,63.0,1.4042553191489362,1.7027027027027026,0.13594044226176513,0.07597992780599758,0.05996051445576755,0.28754066795122524,0.22636180242968795,0.4037805124421461,0.3854268527856849,2
352,IMG_20230315_110011_352,frontal1,IMG_20230315_110011_352_frontal1.jpg,701.762575490395,199.60403820262806,5877.0,2904.0,2973.0,44.0,50.0,94.0,89.0,2.1363636363636362,1.78,0.14750849912365827,0.07288832422241,0.07462017490124825,0.22043642200932526,0.250495934101506,0.47093235611083123,0.4458827627006806,2
353,IMG_20230315_110418_353,frontal1,IMG_20230315_110418_353_frontal1.jpg,685.0963596747971,193.15275764733974,4090.0,1861.0,2229.0,34.0,53.0,83.0,69.0,2.4411764705882355,1.3018867924528301,0.10962799771930244,0.049882079157853754,0.05974591856144869,0.1760264798397419,0.2743942185737153,0.4297117007852523,0.357230209086535,2
354,IMG_20230315_110917_354,frontal1,IMG_20230315_110917_354_frontal1.jpg,549.1487411937684,156.08748769401438,4032.0,1809.0,2223.0,40.0,42.0,65.0,77.0,1.625,1.8333333333333333,0.16549479621803023,0.07425101348175017,0.09124378273628006,0.2562665373819961,0.2690798642510959,0.4164331232457437,0.49331308446034255,2
355,IMG_20230315_111345_355,frontal1,IMG_20230315_111345_355_frontal1.jpg,548.6600276195147,156.06317243403626,4865.0,2424.0,2441.0,46.0,46.0,72.0,83.0,1.565217391304348,1.8043478260869565,0.19974778985793368,0.09952490084596737,0.10022288901196631,0.29475243443127475,0.29475243443127475,0.4613516365011257,0.5318359142999088,2
356,IMG_20230315_111625_356,frontal1,IMG_20230315_111625_356_frontal1.jpg,694.4023869576037,197.51677518453434,4170.0,1558.0,2612.0,33.0,43.0,64.0,88.0,1.9393939393939394,2.046511627906977,0.10688778619573984,0.03993553258824045,0.0669522536074994,0.16707441668774226,0.21770302780523992,0.324023111151985,0.44553177783397935,2
358,IMG_20230315_112623_358,frontal1,IMG_20230315_112623_358_frontal1.jpg,640.6594649052824,182.18030933869585,7057.0,3873.0,3184.0,66.0,53.0,114.0,108.0,1.7272727272727273,2.0377358490566038,0.21262642983751506,0.11669295207038344,0.09593347776713164,0.36227844951837135,0.29092057309808605,0.6257536855317323,0.5928192810300622,2
359,IMG_20230315_115757_359,frontal1,IMG_20230315_115757_359_frontal1.jpg,624.8085714423411,177.7023608318188,5796.0,3424.0,2372.0,69.0,44.0,86.0,79.0,1.2463768115942029,1.7954545454545454,0.18354475629963457,0.10842947646134382,0.07511527983829075,0.3882897203898323,0.2476050390891684,0.4839553036742837,0.4445635929100978,2
361,IMG_20230315_121502_361,frontal1,IMG_20230315_121502_361_frontal1.jpg,596.832815360781,169.76570477782218,5150.0,2919.0,2231.0,52.0,48.0,77.0,66.0,1.4807692307692308,1.375,0.17869290431317778,0.1012824442116827,0.07741046010149506,0.3063045040107133,0.28274261908681225,0.45356628478509464,0.38877110124436687,2
362,IMG_20230315_122143_362,frontal1,IMG_20230315_122143_362_frontal1.jpg,541.0125573487093,153.87016437130174,2686.0,1248.0,1438.0,29.0,30.0,62.0,65.0,2.1379310344827585,2.1666666666666665,0.11344808591114855,0.05271154550153142,0.06073654040961713,0.1884705856947065,0.19496957140831708,0.40293711424385525,0.42243407138468697,2
363,IMG_20230315_122705_363,frontal1,IMG_20230315_122705_363_frontal1.jpg,751.9179436088605,213.86590501780478,6125.0,3100.0,3025.0,54.0,59.0,94.0,91.0,1.7407407407407407,1.5423728813559323,0.1339130757850997,0.06777641386674435,0.06613666191835536,0.2524946648017803,0.2758738004315748,0.4395277498401361,0.4255002684622594,2
364,IMG_20230315_122806_364,frontal1,IMG_20230315_122806_364_frontal1.jpg,681.3582060953792,193.1306922614937,5943.0,2977.0,2966.0,45.0,46.0,87.0,94.0,1.9333333333333333,2.0434782608695654,0.15933204705706697,0.0798134787294108,0.07951856832765618,0.23300284109721528,0.23818068201048673,0.4504721594546162,0.48671704584751635,2
365,IMG_20230315_123355_365,frontal1,IMG_20230315_123355_365_frontal1.jpg,582.1681765403648,165.14616927104288,4415.0,2248.0,2167.0,35.0,32.0,82.0,85.0,2.342857142857143,2.65625,0.16188018774556903,0.08242506501744941,0.07945512272811961,0.21193346569581606,0.19376774006474612,0.49652983391591193,0.5146955595469819,2
366,IMG_20230316_091626_366,frontal1,IMG_20230316_091626_366_frontal1.jpg,549.0215038769485,156.14233155769085,3980.0,1898.0,2082.0,40.0,44.0,72.0,75.0,1.8,1.7045454545454546,0.16324570053800316,0.07784933156309799,0.08539636897490517,0.256176525615803,0.28179417817738334,0.46111774610844547,0.48033098552963066,2
367,IMG_20230316_091834_367,frontal1,IMG_20230316_091834_367_frontal1.jpg,685.0496975999733,194.83536348233446,7222.0,3365.0,3857.0,52.0,62.0,91.0,94.0,1.75,1.5161290322580645,0.19024879378941398,0.08864403089191056,0.10160476289750342,0.2668920008698256,0.3182173856524844,0.4670610015221948,0.4824586169569925,2
368,IMG_20230316_092043_368,frontal1,IMG_20230316_092043_368_frontal1.jpg,678.7000008543895,192.98037162063446,6863.0,3637.0,3226.0,51.0,49.0,110.0,97.0,2.156862745098039,1.9795918367346939,0.18428403895548742,0.0976600684367052,0.08662397051878223,0.26427558187242506,0.25391183356370256,0.5700061569797403,0.5026417929730438,2
369,IMG_20230316_092346_369,frontal1,IMG_20230316_092346_369_frontal1.jpg,648.3141267565461,184.4070606130548,7236.0,3221.0,4015.0,51.0,58.0,82.0,93.0,1.607843137254902,1.603448275862069,0.21278620418348268,0.09471867933595877,0.1180675248475239,0.2765620786452118,0.3145215796357311,0.4446684401746543,0.5043190845883274,2
370,IMG_20230316_092645_370,frontal1,IMG_20230316_092645_370_frontal1.jpg,567.9208094918098,161.54049279397663,2877.0,1414.0,1463.0,32.0,33.0,62.0,66.0,1.9375,2.0,0.11024960828102187,0.05418593886317863,0.056063669417843236,0.19809274719009143,0.2042831455397818,0.38380469768080216,0.4085662910795636,2
371,IMG_20230316_092911_371,frontal1,IMG_20230316_092911_371_frontal1.jpg,601.397778568864,170.93122595270378,5609.0,2263.0,3346.0,41.0,50.0,78.0,89.0,1.9024390243902438,1.78,0.1919740932828729,0.07745362330168326,0.11452046998118966,0.23986255156997816,0.2925153067926563,0.45632387859654383,0.5206772460909282,2
372,IMG_20230316_093107_372,frontal1,IMG_20230316_093107_372_frontal1.jpg,712.538866845497,202.54725561930556,4359.0,2223.0,2136.0,36.0,39.0,83.0,72.0,2.3055555555555554,1.8461538461538463,0.1062512731594898,0.05418595554795729,0.05206531761153251,0.17773630104207988,0.19254765946225322,0.40978091629146196,0.35547260208415976,2
373,IMG_20230316_093619_373,frontal1,IMG_20230316_093619_373_frontal1.jpg,655.4357910435148,185.9419976866623,8938.0,3982.0,4956.0,54.0,69.0,101.0,112.0,1.8703703703703705,1.6231884057971016,0.2585147724443602,0.11517183082047912,0.1433429416238811,0.2904131431942416,0.37108346074819765,0.5431801381966371,0.6023383710695381,2
374,IMG_20230316_093822_374,frontal1,IMG_20230316_093822_374_frontal1.jpg,682.5589901921595,194.13357798365703,6120.0,2442.0,3678.0,45.0,53.0,81.0,95.0,1.8,1.7924528301886793,0.16238656843486682,0.06479542485587332,0.09759114357899348,0.23179915843197557,0.2730078977087712,0.417238485177556,0.4893537789119484,2
375,IMG_20230316_094409_375,frontal1,IMG_20230316_094409_375_frontal1.jpg,628.6168074675306,178.72738468749438,3977.0,1948.0,2029.0,48.0,41.0,71.0,69.0,1.4791666666666667,1.6829268292682926,0.12450115780644244,0.06098271445988179,0.06351844334656065,0.2685654472252711,0.22939965283825242,0.39725305735404687,0.3860628303863272,2
376,IMG_20230316_094713_376,frontal1,IMG_20230316_094713_376_frontal1.jpg,674.3116039853267,191.78006675422566,5222.0,2287.0,2935.0,39.0,50.0,86.0,88.0,2.2051282051282053,1.76,0.1419809038510821,0.062181219285221134,0.07979968456586096,0.2033579436072476,0.2607153123169841,0.44843033718521264,0.458858949677892,2
377,IMG_20230316_094918_377,frontal1,IMG_20230316_094918_377_frontal1.jpg,668.9350519802512,189.07525500080283,3206.0,2036.0,1170.0,40.0,57.0,79.0,49.0,1.975,0.8596491228070176,0.08967969621440627,0.056951921862923006,0.03272777435148326,0.21155597542274984,0.3014672649774185,0.4178230514599309,0.25915606989286855,2
378,IMG_20230316_095256_378,frontal1,IMG_20230316_095256_378_frontal1.jpg,665.4296074038076,188.84473028678528,3353.0,2103.0,1250.0,40.0,30.0,73.0,64.0,1.825,2.1333333333333333,0.09402077197953296,0.058969783320297585,0.035050988659235366,0.2118142239884311,0.15886066799132334,0.3865609587788868,0.3389027583814898,2
379,IMG_20230316_095445_379,frontal1,IMG_20230316_095445_379_frontal1.jpg,701.8071105906977,199.6248323679335,5326.0,2623.0,2703.0,45.0,49.0,88.0,88.0,1.9555555555555555,1.7959183673469388,0.13365094479805825,0.06582171013993744,0.06782923465812081,0.22542285679699098,0.24546044406783463,0.4408269199585601,0.4408269199585601,2
380,IMG_20230316_095832_380,frontal1,IMG_20230316_095832_380_frontal1.jpg,611.061605798979,173.81028082395915,4691.0,2038.0,2653.0,37.0,46.0,72.0,79.0,1.945945945945946,1.7173913043478262,0.15527963818428622,0.06746107495620876,0.08781856322807745,0.21287578516414019,0.26465638155541754,0.41424477113021874,0.4545185683234344,2
381,IMG_20230316_100059_381,frontal1,IMG_20230316_100059_381_frontal1.jpg,481.15420189267206,136.8534206521728,3680.0,1583.0,2097.0,33.0,37.0,67.0,81.0,2.0303030303030303,2.189189189189189,0.196488213738038,0.08452196802916145,0.11196624570887655,0.2411339069402798,0.27036225929667734,0.489574901969659,0.5918741352170505,2
383,IMG_20230316_101225_383,frontal1,IMG_20230316_101225_383_frontal1.jpg,680.083764811002,193.38504550474926,6236.0,2405.0,3831.0,39.0,64.0,87.0,97.0,2.230769230769231,1.515625,0.1667478843983102,0.064308637263941,0.10243924713436921,0.20167019584274015,0.33094596240859925,0.4498796676491896,0.5015899742755332,2
384,IMG_20230316_101521_384,frontal1,IMG_20230316_101521_384_frontal1.jpg,582.4743522164408,165.6726505107974,5478.0,2746.0,2732.0,39.0,46.0,95.0,94.0,2.4358974358974357,2.0434782608695654,0.19958154819388693,0.10004580710850922,0.0995357410853777,0.2354039721085904,0.27765596710243995,0.5734199320593869,0.5673839327745512,2
385,IMG_20230316_101818_385,frontal1,IMG_20230316_101818_385_frontal1.jpg,585.9721723169544,166.655537957964,3454.0,1852.0,1602.0,37.0,28.0,72.0,75.0,1.945945945945946,2.6785714285714284,0.12436060712118294,0.06668090457105698,0.05767970255012596,0.22201482442985254,0.16801121848745598,0.43202884753917253,0.4500300495199714,2
386,IMG_20230316_102219_386,frontal1,IMG_20230316_102219_386_frontal1.jpg,724.2732785163062,205.81789367482224,5543.0,2820.0,2723.0,49.0,55.0,79.0,90.0,1.6122448979591837,1.6363636363636365,0.1308514742112466,0.06657065799670132,0.06428081621454529,0.23807453824892671,0.2672265225243055,0.38383445962582063,0.4372797641306817,2
387,IMG_20230316_102533_387,frontal1,IMG_20230316_102533_387_frontal1.jpg,586.0447107833824,166.66672582099406,3653.0,2163.0,1490.0,38.0,28.0,74.0,69.0,1.9473684210526316,2.4642857142857144,0.13150790664884227,0.07786794472527944,0.053639961923562816,0.22799991907690884,0.16799994037245916,0.4439998424129278,0.4139998530607029,2
388,IMG_20230316_103118_388,frontal1,IMG_20230316_103118_388_frontal1.jpg,642.282377946039,182.41762785002695,4494.0,1711.0,2783.0,30.0,52.0,75.0,87.0,2.5,1.6730769230769231,0.1350515149613842,0.0514181446593076,0.0836333703020766,0.16445779036587538,0.2850601699675173,0.41114447591468845,0.4769275920610386,2
389,IMG_20230316_104424_389,frontal1,IMG_20230316_104424_389_frontal1.jpg,642.2163485960994,182.67484275518575,4425.0,2177.0,2248.0,39.0,40.0,82.0,82.0,2.1025641025641026,2.05,0.13260374532644645,0.065238046005802,0.06736569932064443,0.21349409372294573,0.2189683012543033,0.44888501757132176,0.44888501757132176,2
390,IMG_20230316_105639_390,frontal1,IMG_20230316_105639_390_frontal1.jpg,538.7419784941487,153.17498965391465,2631.0,1377.0,1254.0,33.0,27.0,66.0,68.0,2.0,2.5185185185185186,0.1121360176644125,0.058689204228010654,0.053446813436401855,0.21543987092514635,0.17626898530239246,0.4308797418502927,0.44393670372454397,2
391,IMG_20230316_105942_391,frontal1,IMG_20230316_105942_391_frontal1.jpg,612.5645655707607,173.93702723434453,4539.0,2041.0,2498.0,32.0,45.0,80.0,89.0,2.5,1.9777777777777779,0.15002930458487274,0.06746195431983372,0.08256735026503902,0.18397462868493522,0.2587143215881902,0.45993657171233804,0.5116794360299761,2
392,IMG_20230316_110436_392,frontal1,IMG_20230316_110436_392_frontal1.jpg,633.9874530980276,180.11750548393246,6799.0,3365.0,3434.0,50.0,51.0,98.0,102.0,1.96,2.0,0.20957196908316136,0.10372255860638888,0.10584941047677249,0.27759656045458775,0.2831484916636795,0.544089258490992,0.566296983327359,2
393,IMG_20230316_110532_393,frontal1,IMG_20230316_110532_393_frontal1.jpg,665.7433540914666,189.36581065059394,3535.0,1673.0,1862.0,32.0,37.0,74.0,76.0,2.3125,2.054054054054054,0.09857942381121292,0.046654420377979976,0.05192500343323294,0.16898509762696506,0.19538901913117837,0.39077803826235674,0.4013396068640421,2
394,IMG_20230316_110930_394,frontal1,IMG_20230316_110930_394_frontal1.jpg,598.8597395616354,169.4731742477502,4601.0,2075.0,2526.0,38.0,39.0,80.0,83.0,2.1052631578947367,2.128205128205128,0.16019549747608716,0.07224639366722035,0.08794910380886681,0.2242242771971002,0.2301249160707081,0.47205110988863197,0.4897530265094557,2
395,IMG_20230316_111007_395,frontal1,IMG_20230316_111007_395_frontal1.jpg,491.7367408571085,139.8699923157122,4181.0,2690.0,1491.0,51.0,38.0,82.0,66.0,1.607843137254902,1.736842105263158,0.21371306138171997,0.13750015190548356,0.07621290947623642,0.3646243140192905,0.271680861426138,0.5862587009721926,0.47186675931908184,2
396,IMG_20230316_111336_396,frontal1,IMG_20230316_111336_396_frontal1.jpg,617.3806551987864,175.55969957374953,5083.0,3066.0,2017.0,50.0,37.0,90.0,94.0,1.8,2.5405405405405403,0.16491890847137214,0.09947695718536828,0.06544195128600386,0.28480340375039137,0.2107545187752896,0.5126461267507045,0.5354303990507358,2
397,IMG_20230316_111425_397,frontal1,IMG_20230316_111425_397_frontal1.jpg,571.221388965152,162.4403697889285,5808.0,2795.0,3013.0,47.0,51.0,84.0,87.0,1.7872340425531914,1.7058823529411764,0.22010943993792975,0.10592387820704437,0.1141855617308854,0.2893369429106249,0.31396136358386956,0.517112834138138,0.5355811496430716,2
398,IMG_20230316_111616_398,frontal1,IMG_20230316_111616_398_frontal1.jpg,503.1233453492711,143.10829268223756,3424.0,1912.0,1512.0,41.0,35.0,72.0,70.0,1.7560975609756098,2.0,0.16718763523238847,0.09335945051528234,0.07382818471710612,0.2864963254857478,0.24457003395124816,0.5031154984139963,0.4891400679024963,2
399,IMG_20230316_112605_399,frontal1,IMG_20230316_112605_399_frontal1.jpg,584.7562100497881,166.1824815256549,4557.0,2269.0,2288.0,42.0,43.0,78.0,78.0,1.8571428571428572,1.813953488372093,0.1650093482704411,0.08216067834663832,0.08284866992380276,0.2527342209263864,0.25875170237701467,0.4693635531490034,0.4693635531490034,2
400,IMG_20230316_113153_400,frontal1,IMG_20230316_113153_400_frontal1.jpg,599.7000412343345,170.4714443311232,5274.0,2803.0,2471.0,48.0,50.0,84.0,83.0,1.75,1.66,0.18148337366535666,0.0964539052681067,0.08502946839724997,0.2815720849221231,0.29330425512721153,0.49275114861371544,0.48688506351117117,2
401,IMG_20230316_113408_401,frontal1,IMG_20230316_113408_401_frontal1.jpg,657.6528233212545,186.95964548149934,5405.0,2650.0,2755.0,43.0,44.0,84.0,88.0,1.9534883720930232,2.0,0.15463220419885393,0.07581412416780073,0.0788180800310532,0.22999615713464264,0.23534490497498314,0.4492948185886042,0.4706898099499663,2
402,IMG_20230316_113633_402,frontal1,IMG_20230316_113633_402_frontal1.jpg,685.223511138931,194.6662382770972,4950.0,2281.0,2669.0,45.0,42.0,79.0,90.0,1.7555555555555555,2.142857142857143,0.13062428480044488,0.06019272598582117,0.07043155881462372,0.2311648922703528,0.21575389945232928,0.40582281087461936,0.4623297845407056,2
403,IMG_20230316_114956_403,frontal1,IMG_20230316_114956_403_frontal1.jpg,518.4575100860797,147.47215786053383,3342.0,1658.0,1684.0,40.0,30.0,63.0,77.0,1.575,2.566666666666667,0.1536690390554037,0.07623676443861739,0.0774322746167863,0.27123763956738517,0.20342822967553886,0.42719928231863163,0.5221324561672164,2
404,IMG_20230316_115307_404,frontal1,IMG_20230316_115307_404_frontal1.jpg,608.2545403923173,172.81909344248515,4909.0,1988.0,2921.0,40.0,46.0,74.0,88.0,1.85,1.9130434782608696,0.16436509188190815,0.06656300726445985,0.09780208461744831,0.23145590688630796,0.26617429291925415,0.42819342773966973,0.5092029951498775,2
406,IMG_20230316_115924_406,frontal1,IMG_20230316_115924_406_frontal1.jpg,476.4126071277324,135.49106834679742,2087.0,781.0,1306.0,22.0,26.0,54.0,66.0,2.4545454545454546,2.5384615384615383,0.11368446299339818,0.042543155533226636,0.07114130746017155,0.1623723265926998,0.19189456779137248,0.3985502561820813,0.48711697977809937,2
407,IMG_20230316_120351_407,frontal1,IMG_20230316_120351_407_frontal1.jpg,651.4959542142828,185.3137131972012,6243.0,3465.0,2778.0,52.0,41.0,96.0,90.0,1.8461538461538463,2.1951219512195124,0.18179344448860568,0.10089929283245534,0.08089415165615034,0.28060524557437533,0.22124644362594978,0.5180404533680776,0.4856629250325727,2
408,IMG_20230316_120518_410,frontal1,IMG_20230316_120518_410_frontal1.jpg,634.5711701635622,179.8235275176813,4818.0,2199.0,2619.0,43.0,40.0,86.0,88.0,2.0,2.2,0.14899571208133403,0.06800364692130625,0.08099206516002777,0.23912332603847952,0.22244030329160885,0.47824665207695904,0.4893686672415395,2
409,IMG_20230316_120859_411,frontal1,IMG_20230316_120859_411_frontal1.jpg,633.7178831057903,180.22432838717563,5331.0,2457.0,2874.0,40.0,47.0,86.0,88.0,2.15,1.872340425531915,0.16412768767768704,0.075644668659553,0.08848301901813403,0.22194561831889903,0.2607861015247063,0.47718307938563287,0.48828036030157784,2
410,IMG_20230316_121555_412,frontal1,IMG_20230316_121555_412_frontal1.jpg,698.1328143555236,198.56969459007112,7756.0,4117.0,3639.0,61.0,52.0,100.0,98.0,1.639344262295082,1.8846153846153846,0.1967033990933932,0.10441308587770756,0.09229031321568565,0.3071969271339662,0.26187279034370886,0.5036015198917478,0.4935294894939129,2
411,IMG_20230316_121838_413,frontal1,IMG_20230316_121838_413_frontal1.jpg,638.7528293795286,181.6605769940445,5377.0,2526.0,2851.0,39.0,46.0,90.0,93.0,2.3076923076923075,2.0217391304347827,0.1629366031128233,0.07654414347461254,0.08639245963821075,0.21468609560388308,0.253219497378939,0.4954294513935763,0.5119437664400288,2
412,IMG_20230316_122046_414,frontal1,IMG_20230316_122046_414_frontal1.jpg,514.9574588934122,146.27338727378233,2364.0,865.0,1499.0,22.0,32.0,59.0,71.0,2.6818181818181817,2.21875,0.11048843831911231,0.040428299131147274,0.07006013918796504,0.15040329898713725,0.21876843489038145,0.4033543018291408,0.48539246491303384,2
413,IMG_20230316_122231_415,frontal1,IMG_20230316_122231_415_frontal1.jpg,598.2167352799503,170.13237357148793,4839.0,2210.0,2629.0,49.0,61.0,71.0,74.0,1.4489795918367347,1.2131147540983607,0.16717899111824744,0.07635163677853417,0.09082735433971327,0.2880110291261568,0.35854434238154215,0.4173221034276966,0.43495543174154294,2
414,IMG_20230316_122713_416,frontal1,IMG_20230316_122713_416_frontal1.jpg,561.0224301642928,159.57685254763484,4552.0,2106.0,2446.0,41.0,52.0,73.0,79.0,1.7804878048780488,1.5192307692307692,0.1787567555450887,0.08270248839586047,0.09605426714922825,0.25692949413049243,0.3258617974337953,0.45745983101282794,0.49505926917826587,2
415,IMG_20230316_122930_417,frontal1,IMG_20230316_122930_417_frontal1.jpg,650.8436053063905,185.12229889415767,4663.0,2091.0,2572.0,37.0,41.0,86.0,107.0,2.324324324324324,2.6097560975609757,0.13606547616294948,0.06101499263494045,0.07505048352800901,0.19986787232560504,0.2214752098743191,0.46455775729735227,0.5779962794281011,2
416,IMG_20230606_024047_418,frontal1,IMG_20230606_024047_418_frontal1.jpg,677.4637904754916,192.63010892579527,4320.0,2232.0,2088.0,43.0,42.0,80.0,76.0,1.8604651162790697,1.8095238095238095,0.11642209400670346,0.06015141523679679,0.05627067876990668,0.22322574720945834,0.21803445076272676,0.41530371573852715,0.39453852995160077,2
417,IMG_20230606_024449_419,frontal1,IMG_20230606_024449_419_frontal1.jpg,444.7574674349602,126.48581507796303,2694.0,1283.0,1411.0,38.0,38.0,59.0,63.0,1.5526315789473684,1.6578947368421053,0.16838908768432592,0.0801942091681478,0.08819487851617813,0.300428945147546,0.300428945147546,0.4664554674659267,0.49807956695514205,2
418,IMG_20230606_024639_420,frontal1,IMG_20230606_024639_420_frontal1.jpg,600.9379599816176,170.66923828615256,5423.0,2651.0,2772.0,38.0,47.0,91.0,88.0,2.3947368421052633,1.872340425531915,0.18617831870039803,0.09101211928356172,0.09516619941683631,0.22265289504771388,0.2753864754537514,0.533195090772157,0.5156172306368111,2
419,IMG_20230606_025239_421,frontal1,IMG_20230606_025239_421_frontal1.jpg,541.3329217776279,153.97796104895963,3909.0,1818.0,2091.0,35.0,36.0,73.0,84.0,2.085714285714286,2.3333333333333335,0.16487262079444476,0.0766790546442314,0.08819356615021334,0.22730525694434425,0.2337996928570398,0.47409382162677516,0.5455326166664262,2
420,IMG_20230606_025559_422,frontal1,IMG_20230606_025559_422_frontal1.jpg,502.8442013124293,143.03026219181726,3278.0,1794.0,1484.0,34.0,34.0,72.0,66.0,2.1176470588235294,1.9411764705882353,0.16023341166735436,0.08769333146163323,0.07254008020572113,0.23771193227907775,0.23771193227907775,0.503389974238047,0.4614408097182098,2
421,IMG_20230606_025838_423,frontal1,IMG_20230606_025838_423_frontal1.jpg,512.2842890467406,145.7163798281464,3638.0,2127.0,1511.0,45.0,35.0,62.0,62.0,1.3777777777777778,1.7714285714285714,0.1713349446100191,0.10017301461943669,0.07116192999058243,0.3088190912584548,0.24019262653435372,0.4254840812894266,0.4254840812894266,2
422,IMG_20230606_030106_424,frontal1,IMG_20230606_030106_424_frontal1.jpg,513.7648011707504,146.11544460081333,3714.0,2042.0,1672.0,37.0,31.0,75.0,74.0,2.027027027027027,2.3870967741935485,0.173960101203682,0.09564526835162053,0.07831483285206148,0.25322442881437907,0.2121610079255608,0.5132927611102278,0.5064488576287581,2
423,IMG_20230606_030511_425,frontal1,IMG_20230606_030511_425_frontal1.jpg,532.6416978816723,151.36109807748028,4136.0,2023.0,2113.0,37.0,41.0,76.0,82.0,2.054054054054054,2.0,0.18053108430017414,0.08830134998531244,0.09222973431486169,0.244448543714053,0.27087541330476145,0.5021105222234602,0.5417508266095229,2
424,IMG_20230606_030739_426,frontal1,IMG_20230606_030739_426_frontal1.jpg,528.1017364307602,150.20550626550343,3060.0,1442.0,1618.0,29.0,32.0,71.0,74.0,2.4482758620689653,2.3125,0.13562811306389788,0.06391364020854273,0.07171447285535515,0.19306882098409606,0.21304145763762322,0.47268573413347653,0.4926583707870037,2
425,IMG_20230606_030929_427,frontal1,IMG_20230606_030929_427_frontal1.jpg,615.345725328449,174.97274499597088,4442.0,2361.0,2081.0,50.0,39.0,81.0,80.0,1.62,2.051282051282051,0.1450900879362586,0.07711789680718292,0.06797219112907567,0.2857587906113684,0.22289185667686734,0.4629292407904168,0.4572140649781894,2
426,IMG_20230606_031138_428,frontal1,IMG_20230606_031138_428_frontal1.jpg,512.0080094511663,145.59209186476082,3530.0,1784.0,1746.0,32.0,36.0,72.0,73.0,2.25,2.0277777777777777,0.16653255045904797,0.08416262606768883,0.08236992439135914,0.21979215759688728,0.2472661772964982,0.4945323545929964,0.5014008595178991,2
427,IMG_20230606_031646_429,frontal1,IMG_20230606_031646_429_frontal1.jpg,596.3619354215406,169.16481264611025,5769.0,2739.0,3030.0,52.0,50.0,92.0,97.0,1.7692307692307692,1.94,0.20159533344162808,0.0957132290339087,0.10588210440771939,0.30739253149993473,0.2955697418268603,0.543848324961423,0.573405299144109,2
428,IMG_20230606_032229_430,frontal1,IMG_20230606_032229_430_frontal1.jpg,588.3448566423767,167.29810342337723,3506.0,1728.0,1778.0,35.0,38.0,78.0,69.0,2.2285714285714286,1.8157894736842106,0.12526503859364466,0.061739300253798625,0.06352573833984604,0.20920739257531423,0.22713945479605543,0.4662336177392717,0.41243743107704806,2
429,IMG_20230606_032454_431,frontal1,IMG_20230606_032454_431_frontal1.jpg,388.1557631477705,110.35690350630142,1645.0,603.0,1042.0,24.0,27.0,44.0,56.0,1.8333333333333333,2.074074074074074,0.1350724850313111,0.04951289268928912,0.085559592342022,0.21747619983401936,0.24466072481327178,0.39870636636236884,0.5074444662793786,2
430,IMG_20230606_033215_432,frontal1,IMG_20230606_033215_432_frontal1.jpg,522.2554280358006,148.43665084397168,2323.0,1567.0,756.0,38.0,23.0,62.0,57.0,1.631578947368421,2.4782608695652173,0.1054306577796811,0.07111917380144651,0.034311483978234567,0.2560014644896797,0.15494825482270086,0.4176865999568458,0.3840021967345196,2
431,IMG_20230606_033456_433,frontal1,IMG_20230606_033456_433_frontal1.jpg,614.9312078691202,174.90275845588974,5212.0,2608.0,2604.0,49.0,46.0,82.0,82.0,1.6734693877551021,1.7826086956521738,0.17037704794961211,0.08525390273457184,0.08512314521504029,0.28015567297274924,0.26300328483156055,0.4688319425258253,0.4688319425258253,2
432,IMG_20230606_033841_434,frontal1,IMG_20230606_033841_434_frontal1.jpg,515.0867355106819,146.5083071694437,4477.0,2024.0,2453.0,40.0,43.0,79.0,82.0,1.975,1.9069767441860466,0.20857516399829013,0.09429442303608203,0.1142807409622081,0.2730220611568335,0.293498715743596,0.5392185707847461,0.5596952253715086,2
433,IMG_20230606_034201_435,frontal1,IMG_20230606_034201_435_frontal1.jpg,467.77373587640005,133.05132717127415,2583.0,1165.0,1418.0,28.0,30.0,63.0,65.0,2.25,2.1666666666666665,0.14591031138560354,0.06580933517778867,0.08010097620781488,0.2104451011146713,0.2254768940514335,0.4735014775080104,0.4885332704447726,2
434,IMG_20230606_034439_436,frontal1,IMG_20230606_034439_436_frontal1.jpg,512.1986476964366,145.62344562026863,3507.0,2063.0,1444.0,37.0,31.0,77.0,68.0,2.081081081081081,2.193548387096774,0.16537625782481735,0.09728292554679162,0.06809333227802575,0.25407996523088827,0.21287780870696044,0.5287610087237404,0.4669577739378487,2
435,IMG_20230606_034716_437,frontal1,IMG_20230606_034716_437_frontal1.jpg,454.4518345177306,129.19504104090822,3642.0,1092.0,2550.0,29.0,41.0,57.0,93.0,1.9655172413793103,2.268292682926829,0.21819673765499692,0.0654230745522396,0.1527736631027573,0.22446681982799527,0.3173496418257864,0.44119340448950795,0.7198418704828814,2
436,IMG_20230606_034928_438,frontal1,IMG_20230606_034928_438_frontal1.jpg,546.013519171995,155.30400518087552,3863.0,2242.0,1621.0,42.0,33.0,81.0,71.0,1.9285714285714286,2.1515151515151514,0.16016196782052478,0.09295447368719041,0.06720749413333436,0.2704373267842288,0.2124864710447512,0.5215577016552985,0.4571678619447678,2
437,IMG_20230606_035218_439,frontal1,IMG_20230606_035218_439_frontal1.jpg,612.9554207477689,174.34532421473511,3774.0,1910.0,1864.0,33.0,34.0,76.0,78.0,2.303030303030303,2.2941176470588234,0.12415988077166865,0.0628366116253013,0.06132326914636735,0.18927952412050375,0.19501526727567053,0.4359164797926753,0.44738796610300885,2
438,IMG_20230606_035553_440,frontal1,IMG_20230606_035553_440_frontal1.jpg,650.8449290175506,185.07696270811718,2806.0,1552.0,1254.0,36.0,31.0,65.0,62.0,1.8055555555555556,2.0,0.08191867879997482,0.04530926211602313,0.03660941668395168,0.19451367405880332,0.16749788599508061,0.3512052448283949,0.33499577199016123,2
439,IMG_20230606_040135_441,frontal1,IMG_20230606_040135_441_frontal1.jpg,582.5235549849192,165.5959928141585,4178.0,2051.0,2127.0,35.0,39.0,83.0,78.0,2.3714285714285714,2.0,0.15235923700371296,0.07479387149224874,0.0775653655114642,0.21135777143640816,0.23551294531485478,0.5012198579777679,0.47102589062970956,2
440,IMG_20230606_040510_442,frontal1,IMG_20230606_040510_442_frontal1.jpg,607.3095498235454,172.7410019344851,4840.0,2327.0,2513.0,36.0,45.0,82.0,81.0,2.2777777777777777,1.8,0.16220136067701005,0.07798400130070297,0.08421735937630707,0.20840448762508393,0.26050560953135493,0.47469911070158005,0.46891009715643883,2
441,IMG_20230606_040926_443,frontal1,IMG_20230606_040926_443_frontal1.jpg,694.1490024252876,197.14155454156693,5100.0,2352.0,2748.0,40.0,47.0,86.0,81.0,2.15,1.7234042553191489,0.13122416635694986,0.060517497896381583,0.07070666846056828,0.20289989136494344,0.23840737235380852,0.4362347664346284,0.41087228001401044,2
442,IMG_20230606_041139_444,frontal1,IMG_20230606_041139_444_frontal1.jpg,552.4263623886762,156.7738130807294,4473.0,2269.0,2204.0,39.0,49.0,82.0,83.0,2.1025641025641026,1.6938775510204083,0.18199181459355565,0.09231822653985643,0.08967358805369922,0.24876603581694645,0.3125521988469327,0.5230465368458874,0.529425153148886,2
443,IMG_20230606_041333_445,frontal1,IMG_20230606_041333_445_frontal1.jpg,583.9290720529216,166.07071638250613,5490.0,2196.0,3294.0,43.0,52.0,78.0,89.0,1.813953488372093,1.7115384615384615,0.19906102053797803,0.07962440821519122,0.11943661232278682,0.2589258415731722,0.3131196223675571,0.4696794335513357,0.5359162767444727,2
444,IMG_20230606_042026_446,frontal1,IMG_20230606_042026_446_frontal1.jpg,579.7207374027918,164.68895267959664,3720.0,2076.0,1644.0,42.0,39.0,80.0,75.0,1.9047619047619047,1.9230769230769231,0.13715574530947772,0.07654175464045047,0.06061399066902725,0.255026213456535,0.23681005535249677,0.48576421610768566,0.4554039526009553,2
445,IMG_20230606_042330_447,frontal1,IMG_20230606_042330_447_frontal1.jpg,409.69058581344376,115.82756386313619,1492.0,784.0,708.0,22.0,26.0,60.0,41.0,2.727272727272727,1.5769230769230769,0.11121029142331543,0.0584375794074258,0.05277271201588962,0.18993751803323405,0.2244716122210948,0.5180114128179111,0.35397446542557254,2
446,IMG_20230606_042806_448,frontal1,IMG_20230606_042806_448_frontal1.jpg,704.7547185551672,200.39217087860584,8425.0,4552.0,3873.0,68.0,49.0,87.0,97.0,1.2794117647058822,1.9795918367346939,0.20980141327828547,0.1133550187825229,0.09644639449576256,0.3393346142309783,0.24452053084291084,0.4341486976190458,0.48405084677066024,2
447,IMG_20230606_043415_449,frontal1,IMG_20230606_043415_449_frontal1.jpg,652.481865221288,185.48387542638375,3638.0,1330.0,2308.0,31.0,41.0,67.0,79.0,2.161290322580645,1.9268292682926829,0.10574269434922862,0.03865799436076802,0.06708469998846059,0.16713043076514494,0.22104347294744978,0.3612173826214423,0.4259130332402081,2
448,IMG_20230606_043802_450,frontal1,IMG_20230606_043802_450_frontal1.jpg,629.6818328170431,179.08434484862033,2160.0,1283.0,877.0,37.0,28.0,76.0,49.0,2.054054054054054,1.75,0.06735014052856135,0.04000473624914084,0.027345404279420515,0.20660655754848942,0.15635090841507307,0.4243810371266269,0.27361408972637785,2
449,IMG_20230606_043837_451,frontal1,IMG_20230606_043837_451_frontal1.jpg,458.9474845219952,130.4041756426769,2630.0,1231.0,1399.0,35.0,42.0,56.0,64.0,1.6,1.5238095238095237,0.15465812915332278,0.07238941330332332,0.08226871584999945,0.26839631344247905,0.3220755761309748,0.42943410150796646,0.4907818302948188,2
450,IMG_20230606_044000_452,frontal1,IMG_20230606_044000_452_frontal1.jpg,627.1672159540386,178.3860981655121,4196.0,2096.0,2100.0,42.0,39.0,81.0,84.0,1.9285714285714286,2.1538461538461537,0.13186012009239456,0.06586720965530482,0.06599291043708976,0.23544435598917082,0.21862690198994433,0.45407125797911513,0.47088871197834165,2
451,IMG_20230606_044338_453,frontal1,IMG_20230606_044338_453_frontal1.jpg,527.1437233242508,149.63096634126464,2857.0,1465.0,1392.0,29.0,32.0,65.0,63.0,2.2413793103448274,1.96875,0.12760487869329976,0.06543267318364863,0.06217220550965113,0.19381014979118324,0.2138594756316505,0.43440205987679004,0.4210358426498119,2
452,IMG_20230606_044918_454,frontal1,IMG_20230606_044918_454_frontal1.jpg,515.7208113693023,146.2324328339971,2993.0,1500.0,1493.0,28.0,35.0,72.0,70.0,2.5714285714285716,2.0,0.1399649541523591,0.07014615142951508,0.06981880272284402,0.1914759910462925,0.23934498880786562,0.49236683411903787,0.47868997761573123,2
454,IMG_20230606_045525_455,frontal1,IMG_20230606_045525_455_frontal1.jpg,639.9604918786252,181.8589726842653,6192.0,3367.0,2825.0,52.0,52.0,90.0,88.0,1.7307692307692308,1.6923076923076923,0.18722398326377143,0.10180606454281628,0.08541791872095515,0.28593585035960734,0.28593585035960734,0.49488897177624347,0.48389143907010473,2
455,IMG_20230606_050334_456,frontal1,IMG_20230606_050334_456_frontal1.jpg,636.7584789259432,180.89045734016872,4361.0,1973.0,2388.0,33.0,47.0,71.0,77.0,2.1515151515151514,1.6382978723404256,0.13327686641480213,0.06029700927227805,0.07297985714252407,0.18243085061111172,0.2598257569309773,0.392502739193604,0.4256719847592607,2
456,IMG_20230606_051102_457,frontal1,IMG_20230606_051102_457_frontal1.jpg,714.8575441997582,203.09040700640364,5106.0,2826.0,2280.0,61.0,36.0,78.0,95.0,1.278688524590164,2.638888888888889,0.12379468257102308,0.06851621091768727,0.055278471653335805,0.3003588446108959,0.17726095747528284,0.38406540786311283,0.4677719711153297,2
457,IMG_20230606_051233_458,frontal1,IMG_20230606_051233_458_frontal1.jpg,602.8178046802796,171.45061178540928,3500.0,1701.0,1799.0,34.0,33.0,73.0,73.0,2.1470588235294117,2.212121212121212,0.11906660376565832,0.05786636943010995,0.06120023433554838,0.1983078371429495,0.19247525369756863,0.42577859151280334,0.42577859151280334,2
458,IMG_20230606_051509_459,frontal1,IMG_20230606_051509_459_frontal1.jpg,519.009640989776,147.09586744378245,2880.0,1298.0,1582.0,27.0,38.0,68.0,67.0,2.5185185185185186,1.763157894736842,0.13310413405938995,0.059989293753155606,0.07311484030623434,0.18355376306080756,0.2583349257892847,0.46228355141240424,0.4554852638916336,2
459,IMG_20230609_021605_460,frontal1,IMG_20230609_021605_460_frontal1.jpg,566.4811087012679,161.0318577510645,4602.0,2043.0,2559.0,43.0,46.0,76.0,84.0,1.7674418604651163,1.826086956521739,0.17746920666662402,0.07878522147325356,0.09868398519337046,0.2670279073999924,0.285657761404643,0.47195630145114936,0.5216359121302176,2
460,IMG_20230609_021825_461,frontal1,IMG_20230609_021825_461_frontal1.jpg,577.4045448152069,163.74709629805136,4973.0,2256.0,2717.0,44.0,48.0,79.0,83.0,1.7954545454545454,1.7291666666666667,0.1854689632518179,0.08413794110116653,0.10133102215065136,0.2687070549325131,0.29313496901728703,0.4824513031742849,0.5068792172590588,2
461,IMG_20230609_022026_462,frontal1,IMG_20230609_022026_462_frontal1.jpg,438.5366551664201,124.62243773603882,2319.0,1012.0,1307.0,25.0,37.0,58.0,66.0,2.32,1.7837837837837838,0.14931665909676314,0.06516104312459003,0.0841556159721731,0.20060592983225203,0.296896776151733,0.46540575721082467,0.5295996547571453,2
462,IMG_20230609_022241_463,frontal1,IMG_20230609_022241_463_frontal1.jpg,496.1057674262074,141.1094696163103,4643.0,2607.0,2036.0,42.0,37.0,92.0,81.0,2.1904761904761907,2.189189189189189,0.23317735124881556,0.13092684787974632,0.10225050336906924,0.29764125762928517,0.2622077745781798,0.6519760881403389,0.5740224254279072,2
463,IMG_20230609_022716_464,frontal1,IMG_20230609_022716_464_frontal1.jpg,624.0644241585344,177.37657196985882,4519.0,2109.0,2410.0,40.0,44.0,84.0,92.0,2.1,2.090909090909091,0.1436315432047899,0.06703229135182605,0.07659925185296386,0.22550892463293915,0.24805981709623307,0.47356874172917224,0.5186705266557601,2
464,IMG_20230609_022932_465,frontal1,IMG_20230609_022932_465_frontal1.jpg,612.2401290296214,173.89726625547524,4728.0,2337.0,2391.0,33.0,48.0,84.0,91.0,2.5454545454545454,1.8958333333333333,0.15634786616710666,0.07728108359402036,0.07906678257308629,0.18976721549790884,0.276025040724231,0.4830438212674043,0.523297473039688,2
465,IMG_20230609_023125_466,frontal1,IMG_20230609_023125_466_frontal1.jpg,605.5536974951756,172.17847280814289,4364.0,2186.0,2178.0,37.0,44.0,78.0,76.0,2.108108108108108,1.7272727272727273,0.14720651768036713,0.07373818690405191,0.07346833077631522,0.21489329877625762,0.255548787733928,0.4530183055283269,0.44140245154042107,2
466,IMG_20230609_023328_467,frontal1,IMG_20230609_023328_467_frontal1.jpg,437.0489817646915,124.00628101348381,2399.0,1105.0,1294.0,26.0,36.0,61.0,59.0,2.3461538461538463,1.6388888888888888,0.15600656762261797,0.07185796466152265,0.0841486029610953,0.20966679903232394,0.2903078755832178,0.4919105669604523,0.4757823516502736,2
467,IMG_20230609_023412_468,frontal1,IMG_20230609_023412_468_frontal1.jpg,725.6906443492817,206.30535004598946,8271.0,4860.0,3411.0,78.0,64.0,95.0,89.0,1.2179487179487178,1.390625,0.19432874223335272,0.11418663852667081,0.08014210370668193,0.3780803550785876,0.31021977852602056,0.4604824837495618,0.43139937951274737,2
468,IMG_20230609_023639_469,frontal1,IMG_20230609_023639_469_frontal1.jpg,500.1531448248048,141.87416321637022,3223.0,1388.0,1835.0,32.0,45.0,64.0,67.0,2.0,1.488888888888889,0.1601229856742636,0.06895771148491402,0.09116527418934958,0.22555199110635293,0.3171824874933088,0.45110398221270587,0.4722494813789265,2
469,IMG_20230609_023835_470,frontal1,IMG_20230609_023835_470_frontal1.jpg,588.9791043348933,167.44227379661524,4696.0,2239.0,2457.0,43.0,45.0,75.0,82.0,1.744186046511628,1.8222222222222222,0.16749346320467473,0.07985900002454573,0.087634463180129,0.2568049216306642,0.26874933659023004,0.4479155609837167,0.4897210133421969,2
470,IMG_20230609_024118_471,frontal1,IMG_20230609_024118_471_frontal1.jpg,485.3192519432804,138.04319408170284,3345.0,1900.0,1445.0,36.0,35.0,72.0,60.0,2.0,1.7142857142857142,0.17553596979372468,0.0997065299276762,0.07582943986604848,0.26078793843826076,0.25354382903719797,0.5215758768765215,0.4346465640637679,2
471,IMG_20230609_024539_472,frontal1,IMG_20230609_024539_472_frontal1.jpg,602.0289710307565,171.20952428838,4450.0,2274.0,2176.0,41.0,44.0,85.0,74.0,2.073170731707317,1.6818181818181819,0.15181132467345643,0.07757729265335729,0.07423403202009915,0.23947265883959162,0.25699504851078125,0.4964677073503729,0.43221894522267756,2
472,IMG_20230609_024815_473,frontal1,IMG_20230609_024815_473_frontal1.jpg,522.5525041173046,148.4213363575296,2659.0,1171.0,1488.0,27.0,31.0,64.0,65.0,2.3703703703703702,2.096774193548387,0.12070511167314028,0.05315745986056685,0.06754765181257343,0.18191454586394615,0.20886484895490115,0.43120484945527976,0.4379424252280185,2
473,IMG_20230609_025123_474,frontal1,IMG_20230609_025123_474_frontal1.jpg,560.369710665485,159.37288326910766,4008.0,2002.0,2006.0,35.0,34.0,80.0,83.0,2.2857142857142856,2.4411764705882355,0.1577970404230389,0.0788197791733842,0.07897726124965469,0.21961075988630427,0.21333616674669556,0.5019674511686955,0.5207912305875215,2
474,IMG_20230609_025618_475,frontal1,IMG_20230609_025618_475_frontal1.jpg,635.797090892022,180.81789833429212,4563.0,2381.0,2182.0,43.0,39.0,74.0,82.0,1.7209302325581395,2.1025641025641026,0.13956214464206482,0.07282434065149164,0.06673780399057319,0.23780831652241943,0.2156866126598688,0.40925152145718696,0.45349492918228823,2
475,IMG_20230609_025646_476,frontal1,IMG_20230609_025646_476_frontal1.jpg,557.2944745128267,158.2732990998145,4238.0,2312.0,1926.0,39.0,40.0,82.0,74.0,2.1025641025641026,1.85,0.1691786839814849,0.09229379834006443,0.07688488564142046,0.2464092188752873,0.25272740397465365,0.51809117814804,0.4675456973531092,2
476,IMG_20230609_030136_477,frontal1,IMG_20230609_030136_477_frontal1.jpg,473.9274084230186,134.77675033963783,1945.0,1172.0,773.0,26.0,21.0,69.0,54.0,2.6538461538461537,2.5714285714285716,0.107075384911593,0.0645204890058545,0.04255489590573851,0.19291161075244742,0.15581322406928447,0.511957736227649,0.40066257617816003,2
477,IMG_20230609_030534_478,frontal1,IMG_20230609_030534_478_frontal1.jpg,624.0890524331362,177.39596171364016,4668.0,2249.0,2419.0,38.0,43.0,81.0,82.0,2.1315789473684212,1.9069767441860466,0.14833491563199677,0.07146641500778937,0.07686850062420741,0.2142100622411076,0.2423955967465165,0.4566056589876241,0.4622427658887059,2
478,IMG_20230609_030754_479,frontal1,IMG_20230609_030754_479_frontal1.jpg,527.5082558650332,150.02011174516036,4644.0,2187.0,2457.0,41.0,43.0,81.0,84.0,1.975609756097561,1.9534883720930232,0.20634466360668174,0.09717394041942572,0.10917072318725604,0.2732966901774265,0.28662823603974,0.5399276074236963,0.5599249262171666,2
479,IMG_20230609_031221_480,frontal1,IMG_20230609_031221_480_frontal1.jpg,497.1870480743201,141.25252992503047,2838.0,1349.0,1489.0,28.0,40.0,63.0,63.0,2.25,1.575,0.14223940305651334,0.06761133006456536,0.07462807299194799,0.19822653806527182,0.283180768664674,0.4460097106468616,0.4460097106468616,2
480,IMG_20230609_031248_481,frontal1,IMG_20230609_031248_481_frontal1.jpg,564.511053334811,160.43824109122062,3386.0,1521.0,1865.0,37.0,34.0,68.0,69.0,1.837837837837838,2.0294117647058822,0.13154403810078408,0.05908992378951346,0.07245411431127062,0.2306183348081138,0.21191955090475323,0.42383910180950646,0.4300720297772933,2
481,IMG_20230609_031758_482,frontal1,IMG_20230609_031758_482_frontal1.jpg,604.5152214333727,171.9312039817072,3958.0,1884.0,2074.0,38.0,41.0,82.0,78.0,2.1578947368421053,1.9024390243902438,0.1338956232214222,0.06373404602050517,0.07016157720091705,0.22101863489563564,0.2384674744926595,0.476934948985319,0.4536698295226205,2
482,IMG_20230609_032117_483,frontal1,IMG_20230609_032117_483_frontal1.jpg,465.86892520336016,132.5123891745065,2844.0,1611.0,1233.0,37.0,29.0,68.0,59.0,1.837837837837838,2.0344827586206895,0.1619633024342526,0.09174503523965574,0.07021826719459685,0.2792191751314244,0.21884746158949483,0.5131595651064017,0.44524138737173086,2
483,IMG_20230609_032523_484,frontal1,IMG_20230609_032523_484_frontal1.jpg,484.9092684742363,137.89992320450162,3471.0,1621.0,1850.0,38.0,43.0,60.0,68.0,1.5789473684210527,1.5813953488372092,0.18252676850951907,0.08524226210139164,0.09728450640812741,0.2755621549088689,0.31182033318635166,0.435098139329793,0.4931112245737654,2
484,IMG_20230609_032741_485,frontal1,IMG_20230609_032741_485_frontal1.jpg,625.9637823631548,177.51042440319807,4114.0,2255.0,1859.0,38.0,31.0,78.0,78.0,2.0526315789473686,2.5161290322580645,0.13056193041346767,0.07156469447797024,0.05899723593549742,0.21407193480472228,0.174637631024905,0.4394108135465352,0.4394108135465352,2
485,IMG_20230609_033133_486,frontal1,IMG_20230609_033133_486_frontal1.jpg,631.2467234254939,179.52211136381416,4805.0,2862.0,1943.0,43.0,34.0,86.0,85.0,2.0,2.5,0.1490930836740389,0.08880424671698216,0.060288836957056724,0.23952481214337704,0.18939171192732138,0.47904962428675407,0.47347927981830346,2
486,IMG_20230609_033425_487,frontal1,IMG_20230609_033425_487_frontal1.jpg,509.5885521032278,144.92610914561055,2574.0,1447.0,1127.0,28.0,25.0,65.0,61.0,2.3214285714285716,2.44,0.1225505534730522,0.06889302675816104,0.05365752671489116,0.1932019024389026,0.17250169860616305,0.4485044163760239,0.4209041445990378,2
487,IMG_20230609_034422_488,frontal1,IMG_20230609_034422_488_frontal1.jpg,562.6800989734583,159.96452731179073,4932.0,2396.0,2536.0,41.0,40.0,83.0,90.0,2.024390243902439,2.25,0.1927417038557786,0.09363526407916577,0.09910643977661285,0.2563068243254075,0.2500554383662512,0.5188650346099714,0.5626247363240653,2
488,IMG_20230609_034648_489,frontal1,IMG_20230609_034648_489_frontal1.jpg,544.6662601618124,154.90673895241412,2874.0,1215.0,1659.0,28.0,31.0,62.0,76.0,2.2142857142857144,2.4516129032258065,0.1197694736537197,0.050633232598910734,0.06913624105480898,0.18075391806292776,0.20012040928395572,0.40024081856791144,0.4906177775993753,2
489,IMG_20230609_035249_490,frontal1,IMG_20230609_035249_490_frontal1.jpg,511.6928967132143,145.42995734717513,2419.0,1002.0,1417.0,30.0,33.0,52.0,64.0,1.7333333333333334,1.9393939393939394,0.11437421198099944,0.047376172139297824,0.06699803984170162,0.2062848710625901,0.2269133581688491,0.3575604431751562,0.44007439160019224,2
490,IMG_20230609_035753_491,frontal1,IMG_20230609_035753_491_frontal1.jpg,506.8360680206712,144.16666607206906,4640.0,2363.0,2277.0,48.0,40.0,74.0,88.0,1.5416666666666667,2.2,0.2232483562803591,0.11369307454536391,0.1095552817349952,0.3329479782518155,0.2774566485431796,0.5132947998048822,0.6104046267949951,2
493,IMG_20230609_041354_494,frontal1,IMG_20230609_041354_494_frontal1.jpg,676.8461256169301,192.49083784724778,5702.0,3298.0,2404.0,49.0,45.0,100.0,94.0,2.0408163265306123,2.088888888888889,0.15388882628331532,0.08900830394289266,0.06488052234042267,0.254557570365423,0.23377736053967416,0.5195052456437204,0.48833493090509716,2
494,IMG_20230609_041427_495,frontal1,IMG_20230609_041427_495_frontal1.jpg,630.4276335107646,179.28338166619767,5815.0,2943.0,2872.0,49.0,50.0,92.0,90.0,1.8775510204081634,1.8,0.18091294710279981,0.09156092920439207,0.08935201789840776,0.2733103288470519,0.27888809066025705,0.513154086814873,0.5019985631884627,2
495,IMG_20230609_041953_496,frontal1,IMG_20230609_041953_496_frontal1.jpg,655.566292984415,186.47155181815958,5162.0,2663.0,2499.0,41.0,42.0,85.0,84.0,2.073170731707317,2.0,0.14845431661603425,0.07658540200474608,0.07186891461128818,0.21987268084721975,0.22523542916056657,0.45583360663447997,0.45047085832113315,2
496,IMG_20230609_043127_497,frontal1,IMG_20230609_043127_497_frontal1.jpg,528.6636878889848,150.3230590915506,3669.0,1703.0,1966.0,40.0,38.0,70.0,73.0,1.75,1.9210526315789473,0.16236652708632746,0.07536391268138884,0.08700261440493862,0.26609357367879916,0.25278889499485924,0.46566375393789855,0.4856207719638085,2
497,IMG_20230609_043638_498,frontal1,IMG_20230609_043638_498_frontal1.jpg,441.8453079383911,125.63727564450406,2620.0,1770.0,850.0,44.0,26.0,65.0,50.0,1.4772727272727273,1.9230769230769231,0.1659832524667102,0.1121337239946859,0.053849528472024295,0.3502145344547254,0.2069449521777923,0.5173623804444807,0.3979710618803698,2
498,IMG_20230609_043825_499,frontal1,IMG_20230609_043825_499_frontal1.jpg,623.7173909784885,177.2606469277938,4154.0,2133.0,2021.0,43.0,42.0,77.0,76.0,1.7906976744186047,1.8095238095238095,0.13220315885056041,0.06788380785465704,0.06431935099590337,0.2425806333512696,0.23693922327333308,0.43438857600111064,0.42874716592317413,2
499,IMG_20230609_044805_500,frontal1,IMG_20230609_044805_500_frontal1.jpg,602.5400809299215,171.33641383600636,5968.0,3191.0,2777.0,55.0,47.0,82.0,86.0,1.490909090909091,1.8297872340425532,0.2032962974945558,0.10869947810072512,0.09459681939383068,0.32100590159802767,0.27431413409286,0.4785906169279685,0.5019365006805523,2
500,IMG_20230609_045125_501,frontal1,IMG_20230609_045125_501_frontal1.jpg,633.3596783253389,179.82898091849012,4551.0,2049.0,2502.0,42.0,41.0,76.0,87.0,1.8095238095238095,2.1219512195121952,0.14073025324390057,0.0633610830359816,0.07736917020791897,0.23355523556593505,0.22799439662388898,0.4226237595955015,0.48379298795800835,2
501,IMG_20230609_045437_502,frontal1,IMG_20230609_045437_502_frontal1.jpg,499.878067072718,142.14556334312326,2994.0,1412.0,1582.0,33.0,30.0,59.0,71.0,1.7878787878787878,2.3666666666666667,0.14817849448987286,0.06988244295915179,0.07829605153072106,0.23215638408876502,0.21105125826251364,0.4150674745829435,0.49948797788794896,2
502,IMG_20230609_050535_503,frontal1,IMG_20230609_050535_503_frontal1.jpg,577.2808767243421,163.9255422706953,4225.0,2159.0,2066.0,43.0,47.0,68.0,74.0,1.5813953488372092,1.574468085106383,0.15722929072447506,0.08034509791103944,0.07688419281343561,0.2623142153709809,0.2867155377310721,0.4148224801215512,0.45142446366168804,2
503,IMG_20230609_050802_504,frontal1,IMG_20230609_050802_504_frontal1.jpg,450.4881801017912,128.12882895985007,2618.0,1386.0,1232.0,31.0,23.0,67.0,67.0,2.161290322580645,2.9130434782608696,0.15946887425269157,0.08442469813377788,0.07504417611891367,0.24194398912140244,0.17950683063845987,0.522911202294644,0.522911202294644,2
505,IMG_20230918_231146_505,frontal1,IMG_20230918_231146_505_frontal1.jpg,507.8485444211551,86.6592624472715,1296.0,596.0,700.0,18.0,20.0,54.0,57.0,3.0,2.85,0.1725738645483648,0.07936267227687145,0.09321119227149333,0.20771005304773094,0.23078894783081214,0.6231301591431928,0.6577485013178146,2
506,IMG_20230918_231455_506,frontal1,IMG_20230918_231455_506_frontal1.jpg,400.9134531994368,68.41010679142934,525.0,302.0,223.0,14.0,12.0,34.0,29.0,2.4285714285714284,2.4166666666666665,0.1121808604070981,0.06453070446274976,0.047650155944348335,0.2046481237441069,0.17541267749494877,0.4970025862356882,0.42391397061279285,2
507,IMG_20230918_232434_507,frontal1,IMG_20230918_232434_507_frontal1.jpg,405.41245459054255,69.1902484118804,543.0,312.0,231.0,18.0,16.0,34.0,28.0,1.8888888888888888,1.75,0.11342532958922473,0.06517256506784183,0.04825276452138289,0.2601522673086586,0.23124645982991873,0.4913987271385773,0.4046813047023578,2
508,IMG_20230918_233036_508,frontal1,IMG_20230918_233036_508_frontal1.jpg,405.174833458249,69.14803049470608,713.0,455.0,258.0,18.0,14.0,37.0,29.0,2.0555555555555554,2.0714285714285716,0.14911794161027944,0.09515941575410539,0.05395852585617405,0.2603111017222402,0.20246419022840903,0.5350839313179382,0.41939010833027585,2
509,IMG_20230918_234016_509,frontal1,IMG_20230918_234016_509_frontal1.jpg,562.4841581705302,95.98665724205354,2381.0,1231.0,1150.0,26.0,23.0,67.0,69.0,2.576923076923077,3.0,0.2584268657116706,0.13360918592652943,0.12481767978514122,0.2708709808951334,0.2396166369456949,0.6980136815374591,0.7188499108370847,2
510,IMG_20230918_235133_510,frontal1,IMG_20230918_235133_510_frontal1.jpg,496.7821026844228,84.74681371846005,1791.0,863.0,928.0,24.0,23.0,62.0,59.0,2.5833333333333335,2.5652173913043477,0.249372654583253,0.12016113953397395,0.12921151504927905,0.28319648783175644,0.2713966341720999,0.7315909268987041,0.6961913659197346,2
511,IMG_20230918_235457_511,frontal1,IMG_20230918_235457_511_frontal1.jpg,434.4251405017927,74.14004186558823,1137.0,405.0,732.0,18.0,20.0,37.0,56.0,2.0555555555555554,2.8,0.2068496597350607,0.07367995795312188,0.13316970178193882,0.24278378521329944,0.26975976134811047,0.49905555849400435,0.7553273317747093,2
512,IMG_20230918_235834_512,frontal1,IMG_20230918_235834_512_frontal1.jpg,469.8690913620903,80.1884426876546,1191.0,527.0,664.0,11.0,16.0,55.0,61.0,5.0,3.8125,0.18522013778463345,0.08195718943115184,0.10326294835348163,0.13717687526177016,0.19953000038075658,0.6858843763088508,0.7607081264516344,2
513,IMG_20230919_001659_513,frontal1,IMG_20230919_001659_513_frontal1.jpg,361.2757571368263,61.570217587036396,601.0,205.0,396.0,11.0,13.0,30.0,38.0,2.727272727272727,2.923076923076923,0.15853789782398947,0.054076986778565456,0.104460911045424,0.17865780617796695,0.21114104366487002,0.4872485623035462,0.6171815122511586,2
514,IMG_20230919_001813_514,frontal1,IMG_20230919_001813_514_frontal1.jpg,349.75508302983724,59.69018981070294,960.0,472.0,488.0,14.0,14.0,47.0,46.0,3.357142857142857,3.2857142857142856,0.2694420122275274,0.13247565601186762,0.13696635621565975,0.23454440410389993,0.23454440410389993,0.7873990709202354,0.7706458991985283,2
515,IMG_20230919_002828_515,frontal1,IMG_20230919_002828_515_frontal1.jpg,389.9276349842162,66.15262825558267,532.0,374.0,158.0,16.0,11.0,39.0,24.0,2.4375,2.1818181818181817,0.12156748312624244,0.08546285467897495,0.036104628447267494,0.24186491787119205,0.1662821310364445,0.5895457373110305,0.36279737680678803,2
516,IMG_20230919_003054_516,frontal1,IMG_20230919_003054_516_frontal1.jpg,491.0699266047652,83.80790461869556,699.0,327.0,372.0,10.0,14.0,40.0,39.0,4.0,2.7857142857142856,0.09951927666757503,0.04655622814062523,0.0529630485269498,0.11932048707693423,0.1670486819077079,0.4772819483077369,0.46534989960004347,2
517,IMG_20231023_091633_517,frontal1,IMG_20231023_091633_517_frontal1.jpg,405.80452364835855,69.12921928523504,1239.0,578.0,661.0,20.0,19.0,45.0,48.0,2.25,2.526315789473684,0.2592674534461261,0.12094962719278522,0.13831782625334088,0.28931326299922067,0.2748475998492596,0.6509548417482465,0.6943518311981295,2
518,IMG_20231023_092057_518,frontal1,IMG_20231023_092057_518_frontal1.jpg,495.99148252769993,84.59517641595374,1494.0,668.0,826.0,14.0,19.0,61.0,66.0,4.357142857142857,3.473684210526316,0.20876582044481634,0.09334375371963675,0.11542206672517959,0.1654940694391619,0.22459909423886257,0.7210813025563483,0.780186327356049,2
519,IMG_20231023_092400_519,frontal1,IMG_20231023_092400_519_frontal1.jpg,600.9216471061799,102.55670799037692,3482.0,1717.0,1765.0,32.0,33.0,69.0,80.0,2.15625,2.4242424242424243,0.33105535953781295,0.1632458507542863,0.16780950878352668,0.3120224959151635,0.3217731989125124,0.6727985068170713,0.7800562397879088,2
520,IMG_20231023_092855_520,frontal1,IMG_20231023_092855_520_frontal1.jpg,523.0921984414267,89.27333242000215,2594.0,1536.0,1058.0,32.0,22.0,90.0,79.0,2.8125,3.590909090909091,0.3254816273041147,0.19272929049310722,0.13275233681100745,0.358449708692965,0.24643417472641346,1.008139805698964,0.8849227183357574,2
521,IMG_20231023_093350_521,frontal1,IMG_20231023_093350_521_frontal1.jpg,524.0239968497597,89.40750386730967,2197.0,1058.0,1139.0,20.0,21.0,67.0,70.0,3.35,3.3333333333333335,0.27484137753942656,0.13235420001671067,0.14248717752271592,0.22369487050753756,0.23487961403291444,0.7493778162002508,0.7829320467763814,2
522,IMG_20231023_095259_522,frontal1,IMG_20231023_095259_522_frontal1.jpg,403.095300949435,68.67005732079586,770.0,416.0,354.0,13.0,12.0,45.0,40.0,3.4615384615384617,3.3333333333333335,0.1632886149791914,0.08821826471603067,0.07507035026316072,0.18931104046221778,0.1747486527343549,0.6553074477538308,0.5824955091145163,2
523,IMG_20231023_101217_523,frontal1,IMG_20231023_101217_523_frontal1.jpg,381.392222198404,65.089645550336,773.0,431.0,342.0,13.0,13.0,48.0,40.0,3.6923076923076925,3.076923076923077,0.18245496281910714,0.10173103360289157,0.08072392921621557,0.19972454743122953,0.19972454743122953,0.7374444828230013,0.6145370690191677,2
524,IMG_20231023_102138_524,frontal1,IMG_20231023_102138_524_frontal1.jpg,446.7721990541172,76.24054791262773,980.0,492.0,488.0,19.0,17.0,39.0,38.0,2.0526315789473686,2.235294117647059,0.1685986365499518,0.08464339712507785,0.08395523942487397,0.2492112205407305,0.2229784604838115,0.5115388211099204,0.498422441081461,2
525,IMG_20231023_103902_525,frontal1,IMG_20231023_103902_525_frontal1.jpg,471.9454674576527,80.54165020153599,1299.0,675.0,624.0,19.0,17.0,51.0,50.0,2.6842105263157894,2.9411764705882355,0.20024796163428205,0.10405494542197105,0.09619301621231101,0.23590279007764428,0.21107091743789225,0.6332127523136768,0.6207968159938008,2
526,IMG_20231023_104750_526,frontal1,IMG_20231023_104750_526_frontal1.jpg,392.38908226234736,66.9589682665729,539.0,198.0,341.0,9.0,13.0,29.0,36.0,3.2222222222222223,2.769230769230769,0.12021848722904643,0.044161893267812974,0.07605659396123346,0.1344106731777849,0.1941487501456893,0.4331010580173069,0.5376426927111396,2
527,IMG_20231023_105621_527,frontal1,IMG_20231023_105621_527_frontal1.jpg,397.056394846607,67.75845979832837,934.0,522.0,412.0,19.0,16.0,46.0,34.0,2.4210526315789473,2.125,0.20343226056215233,0.11369554605293737,0.08973671450921494,0.28040779050395026,0.23613287621385287,0.678882019114827,0.5017823619544374,2
528,IMG_20231023_110219_528,frontal1,IMG_20231023_110219_528_frontal1.jpg,410.776257799465,70.07877356120709,1257.0,679.0,578.0,18.0,16.0,48.0,46.0,2.6666666666666665,2.875,0.25595421881405717,0.13826007523846048,0.1176941435755967,0.2568538101523527,0.2283144979132024,0.6849434937396073,0.656404181500457,2
529,IMG_20231023_111221_529,frontal1,IMG_20231023_111221_529_frontal1.jpg,389.0286088642353,66.38637030761313,814.0,453.0,361.0,12.0,13.0,51.0,36.0,4.25,2.769230769230769,0.1846998559078304,0.10278751194870658,0.08191234395912379,0.18075999552914027,0.19582332848990194,0.7682299809988461,0.5422799865874208,2
530,IMG_20231023_111739_530,frontal1,IMG_20231023_111739_530_frontal1.jpg,352.01656759086586,59.95469848894779,420.0,,420.0,,14.0,,42.0,,3.0,0.1168430389327562,,0.1168430389327562,,0.23350963899152619,,0.7005289169745786,1
531,IMG_20231023_115324_531,frontal1,IMG_20231023_115324_531_frontal1.jpg,385.2311190198613,65.62257890484905,743.0,356.0,387.0,13.0,13.0,37.0,40.0,2.8461538461538463,3.076923076923077,0.17253699357638966,0.08266913824117728,0.08986785533521238,0.19810254666842103,0.19810254666842103,0.5638303251331983,0.6095462974412955,2
532,IMG_20231023_115827_532,frontal1,IMG_20231023_115827_532_frontal1.jpg,481.6324907195712,82.07942662763426,1603.0,807.0,796.0,17.0,18.0,64.0,61.0,3.764705882352941,3.388888888888889,0.2379385958746928,0.11978568114215664,0.11815291473253617,0.20711645656496935,0.2192997775393793,0.7797325423622375,0.7431825794390077,2
533,IMG_20231023_123323_533,frontal1,IMG_20231023_123323_533_frontal1.jpg,446.4137451542368,76.1599863903239,1542.0,713.0,829.0,23.0,23.0,53.0,54.0,2.3043478260869565,2.347826086956522,0.26584632320981955,0.12292375385771813,0.14292256935210143,0.301995852285527,0.301995852285527,0.6959034857014318,0.7090337401486285,2
534,IMG_20231023_124439_534,frontal1,IMG_20231023_124439_534_frontal1.jpg,407.606783484524,69.52638119324975,1016.0,486.0,530.0,13.0,16.0,49.0,45.0,3.769230769230769,2.8125,0.21018148567552,0.10053956893533732,0.10964191674018267,0.1869793850461781,0.23012847390298843,0.7047684513279021,0.647236332852155,2
535,IMG_20231023_130734_535,frontal1,IMG_20231023_130734_535_frontal1.jpg,472.3464955960175,80.61227237730789,1151.0,509.0,642.0,20.0,19.0,41.0,53.0,2.05,2.789473684210526,0.17712219938506787,0.07832771458470855,0.09879448480035932,0.24810118124929498,0.23569612218683023,0.5086074215610548,0.6574681303106317,2
536,IMG_20231023_132447_536,frontal1,IMG_20231023_132447_536_frontal1.jpg,514.2198493157679,87.75883475762079,1941.0,955.0,986.0,23.0,20.0,64.0,74.0,2.782608695652174,3.7,0.25202512517029374,0.12399999718579624,0.12802512798449747,0.2620818754433465,0.22789728299421436,0.7292713055814859,0.8432199470785932,2
537,IMG_20231023_141037_537,frontal1,IMG_20231023_141037_537_frontal1.jpg,415.3724983623228,70.87141239694331,1298.0,731.0,567.0,19.0,16.0,49.0,48.0,2.5789473684210527,3.0,0.2584238049768637,0.1455375974099286,0.11288620756693506,0.2680911718477262,0.2257609868191378,0.6913930221336095,0.6772829604574134,2
538,IMG_20231025_092609_538,frontal1,IMG_20231025_092609_538_frontal1.jpg,467.6779777687303,79.7497558764381,923.0,315.0,608.0,11.0,16.0,43.0,52.0,3.909090909090909,3.25,0.1451252485075294,0.04952811839639411,0.0955971301111353,0.1379314567061882,0.2006275733908192,0.5391866034878267,0.6520396135201624,2
539,IMG_20231025_093043_539,frontal1,IMG_20231025_093043_539_frontal1.jpg,463.86444801278026,79.07263657982382,862.0,211.0,651.0,11.0,19.0,29.0,49.0,2.6363636363636362,2.5789473684210527,0.1378652541336447,0.03374659932969725,0.10411865480394744,0.13911259919726465,0.24028539861345716,0.36675139788369776,0.6196833964241789,2
540,IMG_20231025_093159_540,frontal1,IMG_20231025_093159_540_frontal1.jpg,501.5338526475016,85.56679056561181,1557.0,756.0,801.0,24.0,24.0,49.0,55.0,2.0416666666666665,2.2916666666666665,0.21265623812347706,0.1032550520368328,0.10940118608664427,0.2804826480151435,0.2804826480151435,0.572652073030918,0.6427727350347039,2
541,IMG_20231025_093402_541,frontal1,IMG_20231025_093402_541_frontal1.jpg,432.7001040773478,73.84647814294085,445.0,,445.0,,13.0,,50.0,,3.8461538461538463,0.08160193085501265,,0.08160193085501265,,0.17604089357973937,,0.6770803599220745,1
542,IMG_20231025_094403_542,frontal1,IMG_20231025_094403_542_frontal1.jpg,429.3132465951674,73.25453993597412,992.0,413.0,579.0,14.0,17.0,45.0,47.0,3.2142857142857144,2.764705882352941,0.18485984382682513,0.07696281804483748,0.10789702578198765,0.1911144348491748,0.23206752803114084,0.6142963977294904,0.6415984598508011,2
543,IMG_20231025_095234_543,frontal1,IMG_20231025_095234_543_frontal1.jpg,575.5755026518575,98.20199793990948,2552.0,1130.0,1422.0,21.0,26.0,75.0,75.0,3.5714285714285716,2.8846153846153846,0.26463057635434434,0.11717576460831078,0.14745481174603356,0.21384493636117316,0.2647603973995477,0.7637319155756185,0.7637319155756185,2
544,IMG_20231025_095756_544,frontal1,IMG_20231025_095756_544_frontal1.jpg,537.1807603278037,91.65415989614087,1941.0,914.0,1027.0,19.0,21.0,65.0,72.0,3.4210526315789473,3.4285714285714284,0.23105808699506217,0.108803241377376,0.12225484561768615,0.20730101090370698,0.22912216994620244,0.7091876688811027,0.7855617255298369,2
545,IMG_20231025_100049_545,frontal1,IMG_20231025_100049_545_frontal1.jpg,519.3256744341026,88.60139181445908,2511.0,1267.0,1244.0,26.0,27.0,65.0,65.0,2.5,2.4074074074074074,0.31986419184653025,0.1613970255155531,0.15846716633097715,0.2934491148225619,0.3047356192388143,0.7336227870564048,0.7336227870564048,2
546,IMG_20231025_101055_546,frontal1,IMG_20231025_101055_546_frontal1.jpg,475.0689151016631,80.96830269265531,1911.0,1003.0,908.0,20.0,24.0,68.0,54.0,3.4,2.25,0.29149466875456004,0.1529927539303107,0.13850191482424937,0.24701024147581907,0.2964122897709829,0.8398348210177848,0.6669276519847115,2
547,IMG_20231025_102714_547,frontal1,IMG_20231025_102714_547_frontal1.jpg,537.8140990875754,91.78303524149685,1810.0,979.0,831.0,24.0,24.0,59.0,52.0,2.4583333333333335,2.1666666666666665,0.21485909576106083,0.1162138424033583,0.09864525335770251,0.2614862314898597,0.2614862314898597,0.6428203190792385,0.5665535015613627,2
548,IMG_20231025_105509_548,frontal1,IMG_20231025_105509_548_frontal1.jpg,439.4386755113069,74.98263307898483,1674.0,883.0,791.0,21.0,18.0,62.0,64.0,2.9523809523809526,3.5555555555555554,0.2977378717714913,0.15705050225461578,0.14068736951687552,0.28006485152207344,0.2400555870189201,0.8268581330651692,0.8535309760672715,2
549,IMG_20231025_110252_549,frontal1,IMG_20231025_110252_549_frontal1.jpg,520.0711322602195,88.67523620861434,1527.0,695.0,832.0,17.0,19.0,60.0,61.0,3.5294117647058822,3.210526315789474,0.19419333896065769,0.08838531144574793,0.10580802751490975,0.1917107946575567,0.21426500579373983,0.6766263340854942,0.6879034396535858,2
550,IMG_20231025_111449_550,frontal1,IMG_20231025_111449_550_frontal1.jpg,393.8339629389666,66.886063295749,541.0,,541.0,,18.0,,39.0,,2.1666666666666665,0.120927756049106,,0.120927756049106,,0.26911435825441987,,0.583081109551243,1
551,IMG_20231025_113240_551,frontal1,IMG_20231025_113240_551_frontal1.jpg,355.4837171088074,60.663720106879914,1124.0,557.0,567.0,17.0,18.0,47.0,48.0,2.764705882352941,2.6666666666666665,0.3054275671143262,0.15135512000238407,0.15407244711194215,0.28023339106221445,0.29671770818352117,0.7747629047014164,0.7912472218227231,2
552,IMG_20231025_113821_552,frontal1,IMG_20231025_113821_552_frontal1.jpg,625.3116379381272,106.71131988716418,2590.0,1302.0,1288.0,24.0,23.0,65.0,70.0,2.7083333333333335,3.0434782608695654,0.227446249999343,0.11433784459426431,0.11310840540507867,0.22490584902686458,0.21553477198407855,0.6091200077810917,0.6559753929950217,2
553,IMG_20231025_115523_553,frontal1,IMG_20231025_115523_553_frontal1.jpg,468.0632788621089,79.74724963817529,1477.0,672.0,805.0,16.0,19.0,55.0,60.0,3.4375,3.1578947368421053,0.23224644109103984,0.10566662722625508,0.12657981386478473,0.20063387856752796,0.23825273079893947,0.6896789575758774,0.7523770446282299,2
554,IMG_20231025_122231_554,frontal1,IMG_20231025_122231_554_frontal1.jpg,512.5465981352397,87.47460834682619,1806.0,934.0,872.0,21.0,20.0,65.0,61.0,3.0952380952380953,3.05,0.23602267740364852,0.12206266926633871,0.1139600081373098,0.24006966589364484,0.22863777704156651,0.7430727753850912,0.6973452199767779,2
555,IMG_20231025_123310_555,frontal1,IMG_20231025_123310_555_frontal1.jpg,430.8192050932092,73.52460689246199,960.0,546.0,414.0,16.0,14.0,52.0,40.0,3.25,2.857142857142857,0.17758480824868675,0.10100135969144058,0.07658344855724616,0.21761422027596558,0.19041244274146987,0.7072462158968881,0.5440355506899139,2
556,IMG_20231025_123947_556,frontal1,IMG_20231025_123947_556_frontal1.jpg,497.8849170126895,84.95395323185056,2179.0,980.0,1199.0,23.0,25.0,58.0,70.0,2.5217391304347827,2.8,0.301918721754321,0.13578721767748259,0.16613150407683838,0.27073489961355846,0.2942770647973461,0.682722790329843,0.8239757814325691,2
557,IMG_20231025_125357_557,frontal1,IMG_20231025_125357_557_frontal1.jpg,470.6614144710721,80.32574203734907,1837.0,963.0,874.0,21.0,24.0,63.0,60.0,3.0,2.5,0.28470799566103483,0.1492508436698838,0.13545715199115105,0.2614354933719209,0.29878342099648103,0.7843064801157626,0.7469585524912025,2
558,IMG_20231025_132311_558,frontal1,IMG_20231025_132311_558_frontal1.jpg,545.7494387629148,93.13256534617626,2783.0,1446.0,1337.0,28.0,25.0,76.0,79.0,2.7142857142857144,3.16,0.3208559333022871,0.1667113473069016,0.1541445859953855,0.30064671681622046,0.2684345685859111,0.8160410885011697,0.8482532367314791,2
559,IMG_20231025_140652_559,frontal1,IMG_20231025_140652_559_frontal1.jpg,424.93511507103,72.52049188445741,1105.0,486.0,619.0,14.0,15.0,49.0,53.0,3.5,3.533333333333333,0.21010713256887584,0.09240910989002141,0.11769802267885443,0.1930488836494017,0.20683808962435898,0.6756710927729059,0.7308279166727351,2
560,IMG_20231025_143629_560,frontal1,IMG_20231025_143629_560_frontal1.jpg,363.8428755012719,62.095539164666775,884.0,384.0,500.0,14.0,15.0,41.0,47.0,2.9285714285714284,3.1333333333333333,0.22926167461483132,0.0995887817331394,0.12967289288169193,0.2254590295588607,0.2415632459559222,0.6602728722795207,0.7568981706618896,2
561,IMG_20231025_145722_561,frontal1,IMG_20231025_145722_561_frontal1.jpg,494.9428312418592,84.46942303633253,899.0,293.0,606.0,10.0,16.0,47.0,57.0,4.7,3.5625,0.12599712519977366,0.04106469152784614,0.08493243367192752,0.11838603414751318,0.18941765463602112,0.5564143604933119,0.6748003946408252,2
562,IMG_20231025_150808_562,frontal1,IMG_20231025_150808_562_frontal1.jpg,515.5339960435937,87.96412316782961,2071.0,1074.0,997.0,25.0,25.0,62.0,66.0,2.48,2.64,0.2676510447440004,0.13880116950992585,0.12884987523407457,0.28420677771438346,0.28420677771438346,0.704832808731671,0.7503058931659724,2
563,IMG_20231026_091534_563,frontal1,IMG_20231026_091534_563_frontal1.jpg,541.2269746766099,92.36462909835689,1462.0,759.0,703.0,16.0,18.0,62.0,59.0,3.875,3.2777777777777777,0.1713704714104279,0.08896729671717837,0.08240317469324954,0.17322648459901227,0.19487979517388881,0.6712526278211726,0.6387726619588577,2
564,IMG_20231026_092416_564,frontal1,IMG_20231026_092416_564_frontal1.jpg,424.7695018547708,72.4722666644955,1110.0,589.0,521.0,15.0,15.0,52.0,47.0,3.466666666666667,3.1333333333333333,0.21133882547088265,0.11214285423635123,0.0991959712345314,0.20697572589306867,0.20697572589306867,0.717515849762638,0.6485239411316152,2
565,IMG_20231026_092936_565,frontal1,IMG_20231026_092936_565_frontal1.jpg,404.5132627322,69.01162010428625,1458.0,670.0,788.0,19.0,20.0,50.0,51.0,2.6315789473684212,2.55,0.3061350658079571,0.14067935122862227,0.16545571457933483,0.27531595362184413,0.28980626697036227,0.7245156674259057,0.7390059807744237,2
567,IMG_20231026_093558_567,frontal1,IMG_20231026_093558_567_frontal1.jpg,498.21414023268176,85.01589845495673,2088.0,1003.0,1085.0,20.0,25.0,70.0,62.0,3.5,2.48,0.28888846191645956,0.1387716126926288,0.15011684922383076,0.2352501163132027,0.2940626453915034,0.8233754070962095,0.7292753605709283,2
568,IMG_20231026_094820_568,frontal1,IMG_20231026_094820_568_frontal1.jpg,493.2505632817904,84.0860952568008,1765.0,808.0,957.0,16.0,18.0,64.0,67.0,4.0,3.7222222222222223,0.2496297483250986,0.11427809441738224,0.13535165390771633,0.19028116302862733,0.21406630840720572,0.7611246521145093,0.7968023701823769,2
569,IMG_20231026_095231_569,frontal1,IMG_20231026_095231_569_frontal1.jpg,439.2653786565651,74.85899824229888,1062.0,509.0,553.0,17.0,15.0,44.0,47.0,2.588235294117647,3.1333333333333333,0.18951190381357402,0.09083009325904819,0.09868181055452584,0.22709360797182288,0.20037671291631431,0.5877716912211887,0.6278470338044515,2
570,IMG_20231026_095748_570,frontal1,IMG_20231026_095748_570_frontal1.jpg,457.2798205870791,78.04241460283718,927.0,548.0,379.0,19.0,13.0,47.0,39.0,2.473684210526316,3.0,0.1522012917890636,0.08997444217951119,0.06222684960955244,0.2434573570883501,0.16657608642887112,0.6022366201659186,0.49972825928661335,2
571,IMG_20231026_100300_571,frontal1,IMG_20231026_100300_571_frontal1.jpg,548.6367809761332,93.62636385051947,1690.0,991.0,699.0,21.0,16.0,66.0,62.0,3.142857142857143,3.875,0.19279261338290454,0.1130517632322239,0.07974085015068064,0.22429579806738895,0.17089203662277255,0.7049296510689367,0.6622066419132436,2
572,IMG_20231026_100801_572,frontal1,IMG_20231026_100801_572_frontal1.jpg,697.9377882484124,119.10725258187912,3279.0,1797.0,1482.0,29.0,22.0,89.0,87.0,3.0689655172413794,3.9545454545454546,0.23113462131388632,0.1266693853312149,0.1044652359826714,0.24347803657098238,0.18470747601936593,0.7472256984419804,0.7304341097129471,2
573,IMG_20231026_102601_573,frontal1,IMG_20231026_102601_573_frontal1.jpg,472.477322532458,80.62636792011189,2019.0,979.0,1040.0,19.0,18.0,65.0,69.0,3.4210526315789473,3.8333333333333335,0.31058617976737246,0.1506012233740751,0.15998495639329735,0.2356549165010884,0.22325202615892586,0.8061878722405657,0.8557994336092157,2
574,IMG_20231026_103106_574,frontal1,IMG_20231026_103106_574_frontal1.jpg,415.3140568944975,70.87437073963156,1232.0,507.0,725.0,17.0,19.0,46.0,51.0,2.7058823529411766,2.6842105263157894,0.24526313533339367,0.10093215066073911,0.14433098467265454,0.23986103612054976,0.26807998154649676,0.6490357447967817,0.7195831083616493,2
575,IMG_20231026_103620_575,frontal1,IMG_20231026_103620_575_frontal1.jpg,491.3923777662342,83.85195217226232,1884.0,1030.0,854.0,25.0,23.0,65.0,62.0,2.6,2.6956521739130435,0.26795048197287513,0.14649097475162495,0.12145950722125019,0.2981445196247898,0.27429295805480663,0.7751757510244536,0.7393984086694788,2
576,IMG_20231026_104308_576,frontal1,IMG_20231026_104308_576_frontal1.jpg,452.99555285895457,77.2836333037679,1426.0,939.0,487.0,21.0,14.0,63.0,52.0,3.0,3.7142857142857144,0.23875059529920836,0.15721375104204535,0.08153684425716302,0.2717263552744506,0.18115090351630042,0.8151790658233519,0.6728462130605444,2
577,IMG_20231026_111105_577,frontal1,IMG_20231026_111105_577_frontal1.jpg,449.9581360982907,76.79156308777522,1683.0,847.0,836.0,24.0,24.0,51.0,51.0,2.125,2.125,0.28540205806904567,0.14363371549880075,0.1417683425702449,0.31253433365547245,0.31253433365547245,0.664135459017879,0.664135459017879,2
578,IMG_20231026_111755_578,frontal1,IMG_20231026_111755_578_frontal1.jpg,403.31590076378586,68.77253273188728,724.0,432.0,292.0,13.0,11.0,50.0,36.0,3.8461538461538463,3.272727272727273,0.1530765017728297,0.09133846514621882,0.06173803662661087,0.1890289550725297,0.1599475773690636,0.7270344425866527,0.5234647986623899,2
579,IMG_20231026_112253_579,frontal1,IMG_20231026_112253_579_frontal1.jpg,416.2781761586775,70.99675389255307,1245.0,699.0,546.0,20.0,18.0,52.0,50.0,2.6,2.7777777777777777,0.24699739142382726,0.1386756438596428,0.10832174756418449,0.2817030202573504,0.2535327182316154,0.732427852669111,0.704257550643376,2
580,IMG_20231026_112747_580,frontal1,IMG_20231026_112747_580_frontal1.jpg,525.0697020700246,89.61149391300371,2596.0,1165.0,1431.0,19.0,23.0,81.0,91.0,4.2631578947368425,3.9565217391304346,0.3232788206671531,0.1450769746060221,0.178201846061131,0.21202637262632298,0.2566635037055489,0.9039019043543244,1.015494732052389,2
581,IMG_20231026_113258_581,frontal1,IMG_20231026_113258_581_frontal1.jpg,505.651276911601,86.27515904748273,1392.0,570.0,822.0,15.0,18.0,56.0,63.0,3.7333333333333334,3.5,0.18701123493625565,0.07657787637475985,0.11043335856149579,0.17386232799344412,0.20863479359213294,0.649086024508858,0.7302217775724653,2
582,IMG_20231026_114326_582,frontal1,IMG_20231026_114326_582_frontal1.jpg,517.070139613967,88.24033815369961,1962.0,1043.0,919.0,20.0,16.0,68.0,72.0,3.4,4.5,0.25197919002185515,0.13395224015942656,0.11802694986242858,0.22665370983918276,0.18132296787134622,0.7706226134532214,0.815953355421058,2
583,IMG_20231026_114809_583,frontal1,IMG_20231026_114809_583_frontal1.jpg,496.39757926511794,84.71822019192138,2082.0,1000.0,1082.0,20.0,21.0,61.0,68.0,3.05,3.238095238095238,0.2900862064002667,0.13933055062452773,0.150755655775739,0.23607672534540775,0.24788056161267813,0.7200340123034936,0.8026608661743864,2
584,IMG_20231026_120008_584,frontal1,IMG_20231026_120008_584_frontal1.jpg,468.68880570921687,79.87225087487364,1163.0,340.0,823.0,12.0,19.0,39.0,61.0,3.25,3.210526315789474,0.18230050338373738,0.05329507407607112,0.12900542930766626,0.1502399127176092,0.2378798618028812,0.48827971633222983,0.7637195563145134,2
585,IMG_20231026_123147_585,frontal1,IMG_20231026_123147_585_frontal1.jpg,385.9589629617967,65.86986287565837,965.0,400.0,565.0,12.0,15.0,45.0,53.0,3.75,3.533333333333333,0.2224097360239033,0.09219056415498582,0.13021917186891746,0.18217739457955506,0.22772174322444383,0.6831652296733315,0.8046168260597015,2
586,IMG_20231026_125435_586,frontal1,IMG_20231026_125435_586_frontal1.jpg,531.7202948867027,90.66654827718283,2310.0,900.0,1410.0,21.0,25.0,64.0,75.0,3.0476190476190474,3.0,0.2810074380118922,0.10948341740723073,0.1715240206046615,0.23161794949775172,0.27573565416399015,0.7058832746598147,0.8272069624919705,2
587,IMG_20231026_132146_587,frontal1,IMG_20231026_132146_587_frontal1.jpg,453.66806811372703,77.42258274933766,1681.0,760.0,921.0,18.0,18.0,60.0,68.0,3.3333333333333335,3.7777777777777777,0.28043512161961287,0.1267880383289148,0.15364708329069807,0.23249030658505107,0.23249030658505107,0.774967688616837,0.8782967137657485,2
588,IMG_20231026_134007_588,frontal1,IMG_20231026_134007_588_frontal1.jpg,559.2175752988543,95.34429348209173,3015.0,1694.0,1321.0,32.0,27.0,74.0,68.0,2.3125,2.5185185185185186,0.33166367351288883,0.18634768256412396,0.1453159909487649,0.33562574991455024,0.28318422649040176,0.7761345466773975,0.7132047185684193,2
589,IMG_20231026_143113_589,frontal1,IMG_20231026_143113_589_frontal1.jpg,520.6565561235581,88.82706320899386,1793.0,927.0,866.0,21.0,21.0,58.0,57.0,2.761904761904762,2.7142857142857144,0.22724256465223983,0.1174868139613086,0.10975575069093123,0.23641443543608814,0.23641443543608814,0.6529541550139577,0.6416963247550964,2
590,IMG_20231026_143800_590,frontal1,IMG_20231026_143800_590_frontal1.jpg,598.2209461062222,102.08721611521402,2504.0,1101.0,1403.0,24.0,25.0,67.0,79.0,2.7916666666666665,3.16,0.24026560416474838,0.10564394176732746,0.1346216623974209,0.23509309895289904,0.2448886447426032,0.6563015679101765,0.7738481173866261,2
591,IMG_20231026_144508_591,frontal1,IMG_20231026_144508_591_frontal1.jpg,518.0068180535652,88.3393174430349,2027.0,1061.0,966.0,24.0,22.0,72.0,61.0,3.0,2.772727272727273,0.25974408715244196,0.13595879450850565,0.12378529264393634,0.2716797083640165,0.24903973266701515,0.8150391250920496,0.690519258758542,2
592,IMG_20231026_145034_592,frontal1,IMG_20231026_145034_592_frontal1.jpg,523.9500066357738,89.40011199531668,1235.0,527.0,708.0,16.0,19.0,51.0,53.0,3.1875,2.789473684210526,0.15452218189972042,0.0659378055555892,0.08858437634413122,0.17897069302148277,0.21252769796301077,0.5704690840059763,0.5928404206336616,2
593,IMG_20231026_145506_593,frontal1,IMG_20231026_145506_593_frontal1.jpg,431.2825507828814,73.5048629890753,1039.0,503.0,536.0,16.0,17.0,45.0,56.0,2.8125,3.2941176470588234,0.19230182362667456,0.09309703299732175,0.09920479062935281,0.21767267292747702,0.23127721498544435,0.6122043926085291,0.7618543552461696,2
594,IMG_20231026_145823_594,frontal1,IMG_20231026_145823_594_frontal1.jpg,476.8386707918533,81.36158868370117,953.0,394.0,559.0,14.0,16.0,39.0,48.0,2.7857142857142856,3.0,0.14396405154313696,0.05951924061699471,0.08444481092614224,0.17207136962905153,0.19665299386177318,0.4793416725380721,0.5899589815853196,2
595,IMG_20231030_085321_595,frontal1,IMG_20231030_085321_595_frontal1.jpg,486.7657294720195,83.03518617761097,1325.0,549.0,776.0,15.0,16.0,49.0,62.0,3.2666666666666666,3.875,0.19217263751852745,0.07962473811145024,0.11254789940707721,0.18064631020294497,0.192689397549808,0.590111279996287,0.7466714155055059,2
596,IMG_20231030_090053_596,frontal1,IMG_20231030_090053_596_frontal1.jpg,389.7911991345605,66.51503442674668,791.0,329.0,462.0,13.0,16.0,37.0,40.0,2.8461538461538463,2.5,0.17878737297866337,0.07436288964599273,0.10442448333267064,0.1954445353902201,0.24054712048027088,0.5562652161106264,0.6013678012006772,2
597,IMG_20231030_090505_597,frontal1,IMG_20231030_090505_597_frontal1.jpg,524.1109062033199,89.44825295255046,1971.0,981.0,990.0,24.0,22.0,61.0,61.0,2.5416666666666665,2.772727272727273,0.246344516212901,0.12260982770413793,0.12373468850876304,0.26831155676937885,0.24595226037193058,0.6819585401221712,0.6819585401221712,2
598,IMG_20231030_091244_598,frontal1,IMG_20231030_091244_598_frontal1.jpg,426.2365952103856,72.74325328963909,997.0,513.0,484.0,15.0,14.0,45.0,47.0,3.0,3.357142857142857,0.18841250261489073,0.09694645320104207,0.09146604941384866,0.20620469007998668,0.19245771074132093,0.6186140702399601,0.6461080289172917,2
599,IMG_20231030_091937_599,frontal1,IMG_20231030_091937_599_frontal1.jpg,443.4746441530501,75.68627297679167,845.0,422.0,423.0,15.0,15.0,43.0,46.0,2.8666666666666667,3.066666666666667,0.1475103418235345,0.07366788668583617,0.07384245513769834,0.19818653251164287,0.19818653251164287,0.5681347265333763,0.6077720330357048,2
600,IMG_20231030_092436_600,frontal1,IMG_20231030_092436_600_frontal1.jpg,449.8722417156271,76.7555505136155,931.0,296.0,635.0,15.0,20.0,29.0,46.0,1.9333333333333333,2.3,0.15802656467723786,0.05024260273304233,0.10778396194419554,0.19542560635193648,0.2605674751359153,0.3778228389470772,0.5993051928126052,2
601,IMG_20231030_092933_601,frontal1,IMG_20231030_092933_601_frontal1.jpg,531.697523914559,90.65611885564971,1028.0,502.0,526.0,13.0,15.0,56.0,55.0,4.3076923076923075,3.6666666666666665,0.1250831674395467,0.06108146892475919,0.06400169851478751,0.14339903543300472,0.16546042549962084,0.6177189218652511,0.606688226831943,2
602,IMG_20231030_093415_602,frontal1,IMG_20231030_093415_602_frontal1.jpg,502.8150139886688,85.77853235728206,2104.0,1134.0,970.0,25.0,23.0,62.0,63.0,2.48,2.739130434782609,0.28594895438457285,0.15411887560461293,0.13183007877995992,0.29144821335798543,0.2681323562893466,0.722791569127804,0.7344494976621233,2
603,IMG_20231030_094126_603,frontal1,IMG_20231030_094126_603_frontal1.jpg,467.6851010260986,79.81473051493734,919.0,409.0,510.0,15.0,19.0,40.0,40.0,2.6666666666666665,2.1052631578947367,0.14426115604412942,0.0642032783700206,0.08005787767410882,0.18793523329872983,0.23805129551172446,0.5011606221299463,0.5011606221299463,2
604,IMG_20231030_094826_604,frontal1,IMG_20231030_094826_604_frontal1.jpg,381.7783172560871,65.13792272403182,1296.0,525.0,771.0,17.0,22.0,46.0,52.0,2.7058823529411766,2.3636363636363638,0.3054479342282453,0.12373469557857159,0.1817132386496737,0.26098468125892604,0.33774488162919836,0.7061938434065057,0.7983060838508326,2
605,IMG_20231030_095907_605,frontal1,IMG_20231030_095907_605_frontal1.jpg,445.0066364304656,75.94221214492198,755.0,170.0,585.0,7.0,13.0,29.0,60.0,4.142857142857143,4.615384615384615,0.13091230337455803,0.029476942481688567,0.10143536089286947,0.09217535020762584,0.1711827932427337,0.3818693080030213,0.7900744303510786,2
606,IMG_20231030_101939_606,frontal1,IMG_20231030_101939_606_frontal1.jpg,494.5422393184524,84.40063842128681,1790.0,963.0,827.0,21.0,18.0,55.0,59.0,2.619047619047619,3.2777777777777777,0.25128210849264937,0.1351869667477214,0.11609514174492794,0.2488132837950614,0.2132685289671955,0.6516538385108751,0.6990468449480297,2
607,IMG_20231030_102813_607,frontal1,IMG_20231030_102813_607_frontal1.jpg,445.80929762336086,76.0814117309031,1801.0,941.0,860.0,18.0,19.0,66.0,59.0,3.6666666666666665,3.1052631578947367,0.311140530376206,0.16256704002443634,0.14857349035176964,0.23658866982733284,0.2497324848177402,0.8674917893668871,0.7754850844340354,2
608,IMG_20231030_103304_608,frontal1,IMG_20231030_103304_608_frontal1.jpg,555.6652815403506,94.78415781785881,2561.0,1235.0,1326.0,24.0,27.0,71.0,75.0,2.9583333333333335,2.7777777777777777,0.28506117257225094,0.1374660476871261,0.14759512488512486,0.2532068707739051,0.2848577296206432,0.7490703260394691,0.7912714711684533,2
609,IMG_20231030_103659_609,frontal1,IMG_20231030_103659_609_frontal1.jpg,498.87774944057,85.14139419657737,1756.0,837.0,919.0,20.0,21.0,62.0,65.0,3.1,3.0952380952380953,0.2422384040586636,0.11546329396190286,0.12677511009676073,0.23490336502857018,0.2466485332799987,0.7282004315885676,0.7634359363428531,2
610,IMG_20231030_104247_610,frontal1,IMG_20231030_104247_610_frontal1.jpg,486.428176733905,83.01574664272721,1940.0,868.0,1072.0,16.0,23.0,67.0,71.0,4.1875,3.0869565217391304,0.2815015388749108,0.12595017306361989,0.15555136581129092,0.192734519016721,0.27705587108653645,0.8070757983825192,0.8552594281366994,2
611,IMG_20231030_105441_611,frontal1,IMG_20231030_105441_611_frontal1.jpg,375.82492578597225,64.04923641466836,508.0,241.0,267.0,15.0,13.0,27.0,30.0,1.8,2.3076923076923075,0.12383283031611113,0.05874746477595036,0.06508536554016077,0.23419482947285764,0.20296885220980995,0.42155069305114373,0.46838965894571527,2
612,IMG_20231030_110106_612,frontal1,IMG_20231030_110106_612_frontal1.jpg,388.2132964385131,66.16588415610066,1039.0,448.0,591.0,17.0,16.0,43.0,45.0,2.5294117647058822,2.8125,0.23732708615463735,0.10233160211480032,0.13499548403983702,0.2569299906866363,0.24181646182271654,0.6498817411485507,0.6801087988763903,2
613,IMG_20231030_111440_613,frontal1,IMG_20231030_111440_613_frontal1.jpg,425.8953037256178,72.65629033113362,1850.0,752.0,1098.0,21.0,24.0,52.0,65.0,2.4761904761904763,2.7083333333333335,0.35044937391275977,0.14245293469318668,0.2079964392195731,0.2890320976241941,0.33032239728479323,0.7156985274503853,0.8946231593129816,2
614,IMG_20231030_112109_614,frontal1,IMG_20231030_112109_614_frontal1.jpg,565.0883018056107,96.4406509390237,2391.0,1223.0,1168.0,25.0,23.0,67.0,72.0,2.68,3.130434782608696,0.2570746836404143,0.1314940769938213,0.125580606646593,0.2592267861796857,0.23848864328531083,0.6947277869615577,0.7465731441974948,2
615,IMG_20231030_113337_615,frontal1,IMG_20231030_113337_615_frontal1.jpg,493.4266874305207,84.20035332092537,1263.0,825.0,438.0,17.0,15.0,63.0,46.0,3.7058823529411766,3.066666666666667,0.1781457733310797,0.11636600395735609,0.0617797693737236,0.20189939031734658,0.17814652086824698,0.7482153876466373,0.5463159973292907,2
616,IMG_20231030_113914_616,frontal1,IMG_20231030_113914_616_frontal1.jpg,504.7658049343032,86.14251210199285,1458.0,629.0,829.0,13.0,18.0,63.0,69.0,4.846153846153846,3.8333333333333335,0.19648185913463448,0.08476480754162215,0.11171705159301235,0.15091271060922837,0.20895606084354698,0.7313462129524144,0.8009982332335968,2
617,IMG_20231030_115241_617,frontal1,IMG_20231030_115241_617_frontal1.jpg,524.2287455774668,89.45238429501144,2239.0,1097.0,1142.0,25.0,23.0,68.0,68.0,2.72,2.9565217391304346,0.27981452312530497,0.13709536930257238,0.1427191538227326,0.27947829671650454,0.2571200329791842,0.7601809670688924,0.7601809670688924,2
618,IMG_20231030_115924_618,frontal1,IMG_20231030_115924_618_frontal1.jpg,452.36007992421,77.19339599059226,1082.0,526.0,556.0,14.0,15.0,54.0,55.0,3.857142857142857,3.6666666666666665,0.1815795627610321,0.08827250463244259,0.09330705812858951,0.1813626647764818,0.1943171408319448,0.6995417069950013,0.7124961830504642,2
619,IMG_20231030_121918_619,frontal1,IMG_20231030_121918_619_frontal1.jpg,467.201930750248,79.66500634920476,1236.0,510.0,726.0,14.0,19.0,51.0,57.0,3.642857142857143,3.0,0.19475260728495555,0.0803590855302001,0.11439352175475544,0.17573588005042257,0.23849869435414492,0.6401807058979679,0.7154960830624347,2
620,IMG_20231030_122606_620,frontal1,IMG_20231030_122606_620_frontal1.jpg,353.38757340469704,60.0852678170914,495.0,296.0,199.0,13.0,10.0,29.0,26.0,2.230769230769231,2.6,0.13711002068554762,0.08198902247054969,0.055120998214997934,0.21635919206641396,0.16643014774339537,0.48264742845584657,0.4327183841328279,2
621,IMG_20231030_123257_621,frontal1,IMG_20231030_123257_621_frontal1.jpg,396.6423335658511,67.69342864060752,801.0,274.0,527.0,12.0,17.0,32.0,48.0,2.6666666666666665,2.823529411764706,0.1747992211199948,0.05979399074516676,0.11500523037482803,0.17726979178007707,0.25113220502177586,0.47271944474687216,0.7090791671203083,2
622,IMG_20231030_124657_622,frontal1,IMG_20231030_124657_622_frontal1.jpg,412.3552913292308,70.36892904040704,1209.0,504.0,705.0,14.0,18.0,49.0,53.0,3.5,2.9444444444444446,0.2441543227929085,0.1017814546630487,0.1423728681298598,0.19895144335593,0.25579471288619576,0.696330051745755,0.7531733212760208,2
623,IMG_20231030_130533_623,frontal1,IMG_20231030_130533_623_frontal1.jpg,459.06979478273735,78.29261016064287,539.0,,539.0,,14.0,,52.0,,3.7142857142857144,0.08793205463914329,,0.08793205463914329,,0.17881636557108552,,0.6641750721211748,1
624,IMG_20231030_133151_624,frontal1,IMG_20231030_133151_624_frontal1.jpg,408.7983209200025,69.73075674000982,914.0,562.0,352.0,19.0,16.0,46.0,34.0,2.4210526315789473,2.125,0.1879738510932134,0.11558129574878111,0.0723925553444323,0.27247660699913584,0.22945398484137755,0.6596802064189605,0.4875897177879273,2
625,IMG_20231030_141127_625,frontal1,IMG_20231030_141127_625_frontal1.jpg,491.96704721392473,83.95063934537117,1365.0,745.0,620.0,19.0,17.0,58.0,51.0,3.0526315789473686,3.0,0.1936799371328463,0.10570809755602235,0.08797183957682397,0.22632346993611804,0.2024999467849477,0.6908821713839393,0.6074998403548432,2
626,IMG_20231031_085017_626,frontal1,IMG_20231031_085017_626_frontal1.jpg,414.68546261558,70.62381690186282,1257.0,632.0,625.0,20.0,17.0,52.0,52.0,2.6,3.0588235294117645,0.2520187810180745,0.12671111344743283,0.12530766757064166,0.2831905846690717,0.24071199696871093,0.7362955201395864,0.7362955201395864,2
627,IMG_20231031_085351_627,frontal1,IMG_20231031_085351_627_frontal1.jpg,440.84279185625695,75.23306998892495,1347.0,625.0,722.0,13.0,18.0,61.0,62.0,4.6923076923076925,3.4444444444444446,0.23798524259162296,0.11042373913865208,0.12756150345297088,0.17279635141718566,0.23925648657764167,0.8108136489575635,0.8241056759896547,2
628,IMG_20231031_085752_628,frontal1,IMG_20231031_085752_628_frontal1.jpg,456.3596059665024,77.86326153945195,1214.0,548.0,666.0,15.0,18.0,46.0,56.0,3.066666666666667,3.111111111111111,0.20024122973324432,0.09038895707892743,0.10985227265431691,0.19264541072942035,0.23117449287530442,0.5907792595702224,0.719209533389836,2
629,IMG_20231031_090126_629,frontal1,IMG_20231031_090126_629_frontal1.jpg,414.548061448255,70.71617682451173,1134.0,463.0,671.0,17.0,18.0,44.0,54.0,2.588235294117647,3.0,0.22676473061586516,0.09258559988989909,0.13417913072596607,0.24039761145723362,0.2545386474253062,0.6222055825951929,0.7636159422759186,2
630,IMG_20231031_090542_630,frontal1,IMG_20231031_090542_630_frontal1.jpg,368.06761596847775,62.796232175439236,818.0,374.0,444.0,12.0,16.0,40.0,41.0,3.3333333333333335,2.5625,0.20743695592719896,0.09484281359018633,0.11259414233701265,0.19109426766998644,0.25479235689331525,0.6369808922332881,0.6529054145391203,2
631,IMG_20231031_091122_631,frontal1,IMG_20231031_091122_631_frontal1.jpg,428.1472049590831,73.00240196301267,2028.0,1154.0,874.0,23.0,20.0,68.0,61.0,2.9565217391304346,3.05,0.3805341620516268,0.2165366977354918,0.16399746431613504,0.31505812660319255,0.27396358835060225,0.9314762003920476,0.8355889444693368,2
632,IMG_20231031_091729_632,frontal1,IMG_20231031_091729_632_frontal1.jpg,535.6680990027083,91.39968839761256,2107.0,1010.0,1097.0,25.0,25.0,65.0,62.0,2.6,2.48,0.25221743538534636,0.120901570830185,0.13131586455516134,0.2735239084321979,0.2735239084321979,0.7111621619237145,0.6783392929118508,2
633,IMG_20231031_092227_633,frontal1,IMG_20231031_092227_633_frontal1.jpg,399.7145016367856,68.2177411977321,1189.0,589.0,600.0,18.0,15.0,48.0,51.0,2.6666666666666665,3.4,0.25549781146293793,0.12656704032941163,0.1289307711335263,0.26386097932832775,0.21988414944027312,0.703629278208874,0.7476061080969286,2
634,IMG_20231031_092634_634,frontal1,IMG_20231031_092634_634_frontal1.jpg,388.63985432079,66.2797777517966,832.0,363.0,469.0,12.0,17.0,43.0,41.0,3.5833333333333335,2.411764705882353,0.189391829514932,0.08263129100230807,0.10676053851262392,0.1810506976190747,0.25648848829368914,0.6487649998016842,0.6185898835318385,2
635,IMG_20231031_093257_635,frontal1,IMG_20231031_093257_635_frontal1.jpg,421.73737682982977,71.94443992753231,1370.0,704.0,666.0,23.0,19.0,52.0,52.0,2.260869565217391,2.736842105263158,0.26468302842029096,0.13601230073568235,0.12867072768460858,0.3196911397623955,0.26409268067328323,0.7227799681584594,0.7227799681584594,2
636,IMG_20231031_094057_636,frontal1,IMG_20231031_094057_636_frontal1.jpg,369.8098948183152,63.031468645513314,768.0,311.0,457.0,11.0,14.0,41.0,45.0,3.727272727272727,3.2142857142857144,0.19330645979428662,0.07827904817190512,0.11502741162238149,0.1745160034563624,0.22211127712627943,0.6504687401555326,0.7139291050487553,2
637,IMG_20231031_094823_637,frontal1,IMG_20231031_094823_637_frontal1.jpg,429.424489678734,73.24909570120371,824.0,354.0,470.0,11.0,14.0,42.0,47.0,3.8181818181818183,3.357142857142857,0.15357576126575806,0.06597793627193975,0.08759782499381831,0.1501725024001796,0.1911286394184104,0.5733859182552312,0.6416461466189493,2
638,IMG_20231031_095856_638,frontal1,IMG_20231031_095856_638_frontal1.jpg,393.3579322718391,67.12892832175935,601.0,232.0,369.0,10.0,12.0,37.0,44.0,3.7,3.6666666666666665,0.1333690458319029,0.051483558457573166,0.08188548737432974,0.14896707351066968,0.1787604882128036,0.5511781719894778,0.6554551234469466,2
639,IMG_20231031_101108_639,frontal1,IMG_20231031_101108_639_frontal1.jpg,621.5276892770478,106.05200181113392,2991.0,1573.0,1418.0,31.0,29.0,77.0,78.0,2.4838709677419355,2.689655172413793,0.2659369428523636,0.13985918124599395,0.12607776160636963,0.29230942811628713,0.2734507553345912,0.7260589020952938,0.7354882384861418,2
640,IMG_20231031_102251_640,frontal1,IMG_20231031_102251_640_frontal1.jpg,517.9980833823845,88.40486945638304,1770.0,806.0,964.0,17.0,19.0,67.0,69.0,3.9411764705882355,3.6315789473684212,0.22647532522856795,0.10312944188374337,0.12334588334482458,0.1922970997472873,0.21492028795285048,0.7578768048863675,0.7804999930919307,2
641,IMG_20231031_102756_641,frontal1,IMG_20231031_102756_641_frontal1.jpg,393.1897248481048,67.0976534949464,903.0,361.0,542.0,14.0,16.0,37.0,42.0,2.642857142857143,2.625,0.20057328400100338,0.08018488983871785,0.12038839416228553,0.2086511117867101,0.23845841347052582,0.5514350811505909,0.6259533353601303,2
642,IMG_20231031_105214_642,frontal1,IMG_20231031_105214_642_frontal1.jpg,386.768490601202,65.9874892802977,314.0,,314.0,,14.0,,32.0,,2.2857142857142856,0.07211181709129189,,0.07211181709129189,,0.2121614286691776,,0.4849404083866916,1
643,IMG_20231031_110424_643,frontal1,IMG_20231031_110424_643_frontal1.jpg,449.8221161771402,76.7234883854156,475.0,,475.0,,15.0,,47.0,,3.1333333333333333,0.0806931981288992,,0.0806931981288992,,0.19550727313972543,,0.6125894558378063,1
644,IMG_20231031_111058_644,frontal1,IMG_20231031_111058_644_frontal1.jpg,559.5323616619463,95.39041802458448,2204.0,1290.0,914.0,24.0,20.0,78.0,67.0,3.25,3.35,0.24221558638734578,0.14176865083469875,0.10044693555264703,0.25159759750517713,0.20966466458764763,0.8176921918918257,0.7023766263686195,2
645,IMG_20231031_111230_645,frontal1,IMG_20231031_111230_645_frontal1.jpg,406.51351356493706,69.31054578311317,231.0,,231.0,,11.0,,31.0,,2.8181818181818183,0.04808541211415746,,0.04808541211415746,,0.1587060075161036,,0.4472623848181101,1
646,IMG_20231031_113050_646,frontal1,IMG_20231031_113050_646_frontal1.jpg,423.7489598904493,72.31775380996235,1108.0,273.0,835.0,12.0,17.0,33.0,62.0,2.75,3.6470588235294117,0.21186045634802944,0.0522002748944152,0.15966018145361424,0.16593435730227152,0.23507367284488465,0.45631948258124666,0.8573275127284028,2
647,IMG_20231031_120007_647,frontal1,IMG_20231031_120007_647_frontal1.jpg,491.229040512116,83.83523590106631,1101.0,345.0,756.0,16.0,16.0,30.0,63.0,1.875,3.9375,0.1566513484158617,0.049086934789711434,0.10756441362615027,0.1908505394901202,0.1908505394901202,0.3578447615439754,0.7514739992423484,2
648,IMG_20231031_121533_648,frontal1,IMG_20231031_121533_648_frontal1.jpg,463.5465518129276,79.08280944247169,1208.0,236.0,972.0,10.0,22.0,44.0,65.0,4.4,2.9545454545454546,0.19315357714188072,0.037735301494605834,0.15541827564727487,0.12644973124373432,0.2781894087362155,0.556378817472431,0.8219232530842732,2
649,IMG_20231031_122020_649,frontal1,IMG_20231031_122020_649_frontal1.jpg,488.6185071003072,83.39075509211308,1723.0,785.0,938.0,19.0,22.0,64.0,65.0,3.3684210526315788,2.9545454545454546,0.24777042443224426,0.11288437793343688,0.13488604649880737,0.22784300224902243,0.263818213130447,0.7674711654703914,0.7794629024308662,2
650,IMG_20231031_123303_650,frontal1,IMG_20231031_123303_650_frontal1.jpg,377.1450161280925,64.32564691682929,803.0,233.0,570.0,10.0,17.0,36.0,45.0,3.6,2.6470588235294117,0.19406500158987364,0.05631026820727342,0.13775473338260022,0.15545898843317713,0.2642802803364011,0.5596523583594377,0.6995654479492971,2
651,IMG_20231031_124708_651,frontal1,IMG_20231031_124708_651_frontal1.jpg,517.0675411431033,88.17603741777997,2205.0,1106.0,1099.0,16.0,22.0,81.0,77.0,5.0625,3.5,0.2836007910230033,0.14225055549725243,0.14135023552575085,0.1814551942745131,0.24950089212745552,0.9186169210147226,0.8732531224460943,2
652,IMG_20231031_130221_652,frontal1,IMG_20231031_130221_652_frontal1.jpg,428.8362707966953,73.09073825724926,394.0,,394.0,,15.0,,36.0,,2.4,0.07375161328837058,,0.07375161328837058,,0.2052243602630772,,0.49253846463138523,1
653,IMG_20231031_131352_653,frontal1,IMG_20231031_131352_653_frontal1.jpg,379.7204971016719,64.78330706126575,897.0,389.0,508.0,15.0,16.0,38.0,43.0,2.533333333333333,2.6875,0.2137303587820185,0.0926879705308865,0.12104238825113198,0.2315411281152174,0.24697720332289855,0.5865708578918841,0.6637512339302899,2
654,IMG_20231031_140400_654,frontal1,IMG_20231031_140400_654_frontal1.jpg,482.63620098305626,82.35508304604244,1350.0,627.0,723.0,18.0,23.0,47.0,56.0,2.611111111111111,2.4347826086956523,0.19904576858394138,0.09244570140898611,0.10660006717495528,0.2185657440225845,0.27927845069552465,0.5706994427256373,0.6799823147369296,2
655,IMG_20231031_141026_655,frontal1,IMG_20231031_141026_655_frontal1.jpg,360.6554601895508,61.45313309818385,636.0,326.0,310.0,13.0,14.0,36.0,32.0,2.769230769230769,2.2857142857142856,0.16841045776486732,0.08632359942035651,0.0820868583445108,0.21154332325464778,0.22781588658192836,0.5858122797821015,0.5207220264729792,2
656,IMG_20231031_143342_656,frontal1,IMG_20231031_143342_656_frontal1.jpg,502.85472840717625,85.76449497167536,1815.0,1218.0,597.0,20.0,14.0,75.0,61.0,3.75,4.357142857142857,0.24675249927055742,0.16558928050222532,0.08116321876833212,0.2331967325943587,0.1632377128160511,0.8744877472288451,0.711250034412794,2
657,IMG_20231031_144212_657,frontal1,IMG_20231031_144212_657_frontal1.jpg,435.9698165746116,74.3515749894862,1521.0,694.0,827.0,15.0,18.0,61.0,66.0,4.066666666666666,3.6666666666666665,0.27513691843427757,0.12553913306600173,0.14959778536827584,0.20174421324795203,0.24209305589754243,0.8204264672083382,0.887674538290989,2
658,IMG_20231101_084703_658,frontal1,IMG_20231101_084703_658_frontal1.jpg,373.5815236895724,63.74939848525522,984.0,348.0,636.0,14.0,17.0,39.0,52.0,2.7857142857142856,3.0588235294117645,0.242126829835127,0.08563022030754491,0.1564966095275821,0.21960991527219037,0.2666691828305169,0.6117704782582446,0.8156939710109928,2
659,IMG_20231101_085055_659,frontal1,IMG_20231101_085055_659_frontal1.jpg,494.15950079203145,84.33582411166,990.0,318.0,672.0,11.0,16.0,42.0,53.0,3.8181818181818183,3.3125,0.13919095300701578,0.044709821268920216,0.09448113173809555,0.13043093034148906,0.18971771686034775,0.4980090067584128,0.6284399370999019,2
660,IMG_20231101_085607_660,frontal1,IMG_20231101_085607_660_frontal1.jpg,350.85202835902305,59.87179386823176,1020.0,503.0,517.0,17.0,16.0,44.0,47.0,2.588235294117647,2.9375,0.28454806102268254,0.14032124970040127,0.14422681132228124,0.283940047585918,0.2672376918455699,0.7349036525753172,0.7850107197963615,2
661,IMG_20231101_090150_661,frontal1,IMG_20231101_090150_661_frontal1.jpg,385.59664379163553,65.72829833177884,913.0,462.0,451.0,14.0,14.0,46.0,42.0,3.2857142857142856,3.0,0.21133235854960503,0.10693926577208929,0.10439309277751574,0.21299805951664455,0.21299805951664455,0.6998507669832608,0.6389941785499337,2
662,IMG_20231101_090915_662,frontal1,IMG_20231101_090915_662_frontal1.jpg,510.2972713466005,87.08720719323566,1449.0,744.0,705.0,18.0,16.0,61.0,55.0,3.388888888888889,3.4375,0.19105555030008722,0.09809891609611104,0.0929566342039762,0.206689370116787,0.1837238845482551,0.7004473098402226,0.631550853134627,2
663,IMG_20231101_091059_663,frontal1,IMG_20231101_091059_663_frontal1.jpg,435.8855013261115,74.24975502925341,1227.0,742.0,485.0,18.0,15.0,59.0,49.0,3.2777777777777777,3.2666666666666666,0.22256379216578193,0.13459032908476787,0.08797346308101404,0.24242504224974534,0.20202086854145446,0.7946154162630542,0.6599348372354179,2
664,IMG_20231101_091920_664,frontal1,IMG_20231101_091920_664_frontal1.jpg,448.8595729202448,76.57105486085533,810.0,243.0,567.0,11.0,18.0,34.0,45.0,3.090909090909091,2.5,0.13815154899747523,0.04144546469924257,0.09670608429823266,0.14365741754490863,0.23507577416439596,0.44403201786608126,0.5876894354109898,2
665,IMG_20231101_093055_665,frontal1,IMG_20231101_093055_665_frontal1.jpg,526.7768829546163,89.90278939861412,1832.0,924.0,908.0,19.0,19.0,62.0,69.0,3.263157894736842,3.6315789473684212,0.22666221886095236,0.11432090077921396,0.1123413180817384,0.21133938253858997,0.21133938253858997,0.6896337745996094,0.7674956523769846,2
666,IMG_20231101_093656_666,frontal1,IMG_20231101_093656_666_frontal1.jpg,465.8316172311196,79.41735626716293,1465.0,596.0,869.0,15.0,22.0,58.0,60.0,3.8666666666666667,2.727272727272727,0.23227730222939977,0.09449643148718244,0.13778087074221734,0.18887558973304833,0.27701753160847087,0.7303189469677869,0.7555023589321933,2
667,IMG_20231101_093910_667,frontal1,IMG_20231101_093910_667_frontal1.jpg,429.7631455657856,73.31528715863095,1097.0,537.0,560.0,14.0,14.0,48.0,50.0,3.4285714285714284,3.5714285714285716,0.20408803662938318,0.09990453570645284,0.10418350092293034,0.19095608218390328,0.19095608218390328,0.6547065674876683,0.6819860077996546,2
668,IMG_20231101_094530_668,frontal1,IMG_20231101_094530_668_frontal1.jpg,429.7664407029342,73.34558910842236,1212.0,442.0,770.0,17.0,22.0,47.0,57.0,2.764705882352941,2.590909090909091,0.22529658950663664,0.08216261762535759,0.14313397188127905,0.2317794458623807,0.29994987111602206,0.640801997384229,0.7771428478915118,2
669,IMG_20231101_095419_669,frontal1,IMG_20231101_095419_669_frontal1.jpg,477.7209621860543,81.52748940127177,2268.0,1181.0,1087.0,23.0,23.0,76.0,73.0,3.3043478260869565,3.1739130434782608,0.3412203412189008,0.17768131524670278,0.16353902597219805,0.2821134339951994,0.2821134339951994,0.9322009123319632,0.8954035078978068,2
670,IMG_20231101_100013_670,frontal1,IMG_20231101_100013_670_frontal1.jpg,504.8479554581892,86.1346955077384,1609.0,863.0,746.0,17.0,17.0,71.0,66.0,4.176470588235294,3.8823529411764706,0.21687015931861234,0.11632004194652731,0.10055011737208502,0.19736529977600847,0.19736529977600847,0.8242903696527413,0.7662417520715623,2
671,IMG_20231101_101223_671,frontal1,IMG_20231101_101223_671_frontal1.jpg,430.1121556232937,73.40548728527985,542.0,188.0,354.0,8.0,15.0,29.0,37.0,3.625,2.466666666666667,0.1005870877919713,0.03488998617138488,0.06569710162058642,0.10898367813988011,0.20434439651227518,0.39506583325706535,0.5040495113969454,2
672,IMG_20231101_102210_672,frontal1,IMG_20231101_102210_672_frontal1.jpg,404.8334295838441,68.86629316048922,1229.0,775.0,454.0,19.0,12.0,63.0,50.0,3.3157894736842106,4.166666666666667,0.2591423953895166,0.16341363419599297,0.09572876119352364,0.2758969465035894,0.17425070305489856,0.9148161910382175,0.7260445960620774,2
673,IMG_20231101_102656_673,frontal1,IMG_20231101_102656_673_frontal1.jpg,458.08709113157454,78.17922635696256,1695.0,922.0,773.0,18.0,17.0,69.0,62.0,3.8333333333333335,3.6470588235294117,0.27732368711021005,0.15085099676437386,0.12647269034583622,0.23024019088923792,0.21744906917316914,0.8825873984087453,0.7930495463962639,2
674,IMG_20231101_103303_674,frontal1,IMG_20231101_103303_674_frontal1.jpg,398.56257865989744,67.97773905067886,571.0,228.0,343.0,9.0,12.0,39.0,37.0,4.333333333333333,3.0833333333333335,0.1235670494512644,0.049340257924497866,0.07422679152676653,0.13239628333755418,0.17652837778340558,0.5737172277960682,0.5442958314988339,2
675,IMG_20231101_103839_675,frontal1,IMG_20231101_103839_675_frontal1.jpg,403.8982582379997,68.93103116178982,1184.0,549.0,635.0,18.0,21.0,48.0,48.0,2.6666666666666665,2.2857142857142856,0.24918514683709742,0.11554277501145817,0.13364237182563923,0.26113057786342597,0.30465234084066367,0.6963482076358026,0.6963482076358026,2
676,IMG_20231101_104812_676,frontal1,IMG_20231101_104812_676_frontal1.jpg,377.9154324534237,64.4971094534076,661.0,287.0,374.0,16.0,16.0,30.0,32.0,1.875,2.0,0.15889892409934053,0.06899242241529611,0.08990650168404442,0.2480731328209107,0.2480731328209107,0.4651371240392076,0.4961462656418214,2
677,IMG_20231101_105226_677,frontal1,IMG_20231101_105226_677_frontal1.jpg,381.7498259603808,65.13997194165279,206.0,,206.0,,9.0,,29.0,,3.2222222222222223,0.04854808303219518,,0.04854808303219518,,0.13816401407205833,,0.44519515645441016,1
678,IMG_20231101_105909_678,frontal1,IMG_20231101_105909_678_frontal1.jpg,386.4818603157536,65.95440118481336,268.0,,268.0,,12.0,,35.0,,2.9166666666666665,0.06160943566993005,,0.06160943566993005,,0.18194388523632166,,0.5306696652726048,1
679,IMG_20231101_111409_679,frontal1,IMG_20231101_111409_679_frontal1.jpg,567.1520113695249,96.78196887619674,1868.0,1411.0,457.0,22.0,13.0,83.0,58.0,3.772727272727273,4.461538461538462,0.19942884135944086,0.15063923723670827,0.04878960412273259,0.22731506969177642,0.13432254118150425,0.8575977629280657,0.5992851837328651,2
680,IMG_20231101_112236_680,frontal1,IMG_20231101_112236_680_frontal1.jpg,385.97645908019456,65.84511441788746,557.0,316.0,241.0,13.0,11.0,40.0,30.0,3.076923076923077,2.727272727272727,0.1284718807084484,0.07288530395667808,0.05558657675177031,0.19743302316243563,0.16705871190667632,0.6074862251151866,0.45561466883638996,2
681,IMG_20231101_113724_681,frontal1,IMG_20231101_113724_681_frontal1.jpg,383.16878835445686,65.3108862070224,667.0,321.0,346.0,13.0,13.0,33.0,34.0,2.5384615384615383,2.6153846153846154,0.15637044798796618,0.07525474333453845,0.08111570465342774,0.19904798043610383,0.19904798043610383,0.5052756426454944,0.5205870257559639,2
682,IMG_20231101_115708_682,frontal1,IMG_20231101_115708_682_frontal1.jpg,440.6198781321916,75.00613789152608,1252.0,691.0,561.0,17.0,19.0,55.0,43.0,3.235294117647059,2.263157894736842,0.2225413513626367,0.12282434008912296,0.09971701127351373,0.2266481181124858,0.25331260259630767,0.7332733233051011,0.5732864164021699,2
683,IMG_20231101_120129_683,frontal1,IMG_20231101_120129_683_frontal1.jpg,389.6286100664186,66.22694417341444,784.0,494.0,290.0,16.0,13.0,48.0,31.0,3.0,2.3846153846153846,0.17875023847412366,0.11263089005895037,0.06611934841517329,0.24159351151857766,0.19629472810884435,0.724780534555733,0.4680874285672442,2
684,IMG_20231101_121245_684,frontal1,IMG_20231101_121245_684_frontal1.jpg,414.648677481062,70.7606400566447,329.0,,329.0,,11.0,,41.0,,3.727272727272727,0.0657071140420223,,0.0657071140420223,,0.15545365320599663,,0.5794181619496238,1
685,IMG_20231101_123117_685,frontal1,IMG_20231101_123117_685_frontal1.jpg,406.96645500871495,69.45132436823982,656.0,372.0,284.0,15.0,12.0,40.0,36.0,2.6666666666666665,3.0,0.13600121113964303,0.07712263802430977,0.05887857311533326,0.21597860280486628,0.17278288224389304,0.5759429408129768,0.5183486467316791,2
686,IMG_20231101_124202_686,frontal1,IMG_20231101_124202_686_frontal1.jpg,413.487523066283,70.46845523528478,1583.0,716.0,867.0,20.0,22.0,59.0,57.0,2.95,2.590909090909091,0.3187802539859854,0.1441861414112227,0.17459411257476268,0.2838149344018209,0.31219642784200297,0.8372540564853715,0.8088725630451895,2
687,IMG_20231101_124742_687,frontal1,IMG_20231101_124742_687_frontal1.jpg,432.36075133458144,73.78934697229631,1374.0,613.0,761.0,17.0,19.0,52.0,57.0,3.0588235294117645,3.0,0.2523477279876004,0.11258308388384211,0.1397646441037583,0.23038555967140525,0.25748974316215884,0.7047087707595926,0.7724692294864764,2
688,IMG_20231101_125936_688,frontal1,IMG_20231101_125936_688_frontal1.jpg,503.2236692243028,85.826396758242,1636.0,694.0,942.0,22.0,22.0,58.0,60.0,2.6363636363636362,2.727272727272727,0.22209641041295697,0.0942144919477947,0.12788191846516225,0.25633139489672585,0.25633139489672585,0.6757827683640953,0.6990856224456159,2
689,IMG_20231101_132238_689,frontal1,IMG_20231101_132238_689_frontal1.jpg,434.0070459624615,73.79218478841892,947.0,417.0,530.0,13.0,17.0,46.0,43.0,3.5384615384615383,2.5294117647058822,0.17391187658639787,0.07657999211882567,0.0973318844675722,0.17617041746730128,0.23037669976493244,0.6233722464227583,0.582717534699535,2
690,IMG_20231101_140120_690,frontal1,IMG_20231101_140120_690_frontal1.jpg,444.9507597053159,75.91293404475267,851.0,483.0,368.0,15.0,14.0,44.0,38.0,2.933333333333333,2.7142857142857144,0.14767194855675936,0.08381380864032288,0.06385813991643648,0.19759478656373766,0.18442180079282183,0.5796113739202972,0.5005734592948021,2
691,IMG_20231102_084325_691,frontal1,IMG_20231102_084325_691_frontal1.jpg,539.6137358946372,92.0528037108082,1746.0,691.0,1055.0,19.0,22.0,48.0,72.0,2.526315789473684,3.272727272727273,0.2060488514884469,0.08154625222137274,0.12450259926707416,0.20640327327443642,0.2389932637914527,0.5214398482722604,0.7821597724083906,2
692,IMG_20231102_084900_692,frontal1,IMG_20231102_084900_692_frontal1.jpg,529.5109559687609,90.35632082530525,2368.0,1192.0,1176.0,26.0,23.0,66.0,69.0,2.5384615384615383,3.0,0.29004449062076904,0.1460021253462655,0.14404236527450354,0.28774965340021263,0.25454777031557274,0.7304414278620782,0.7636433109467181,2
693,IMG_20231102_085251_693,frontal1,IMG_20231102_085251_693_frontal1.jpg,549.2600217442838,93.703727547897,2366.0,1193.0,1173.0,24.0,25.0,70.0,73.0,2.9166666666666665,2.92,0.2694641569459219,0.13587098023520067,0.1335931767107212,0.2561264170385571,0.2667983510818303,0.7470353830291249,0.7790511851589446,2
694,IMG_20231102_085732_694,frontal1,IMG_20231102_085732_694_frontal1.jpg,390.8907684941391,66.69987452015174,568.0,218.0,350.0,12.0,12.0,27.0,35.0,2.25,2.9166666666666665,0.12767277615632014,0.04900117113041864,0.07867160502590148,0.1799103834351966,0.1799103834351966,0.4047983627291924,0.5247386183526568,2
695,IMG_20231102_090125_695,frontal1,IMG_20231102_090125_695_frontal1.jpg,461.3870923644243,78.70404121751065,1281.0,713.0,568.0,19.0,16.0,55.0,47.0,2.8947368421052633,2.9375,0.20680215708686836,0.11510533801946693,0.09169681906740142,0.24141072943752145,0.20329324584212333,0.6988205325822989,0.5971739096612373,2
696,IMG_20231102_091134_696,frontal1,IMG_20231102_091134_696_frontal1.jpg,422.8735280376305,72.16284337909308,1601.0,737.0,864.0,15.0,19.0,62.0,59.0,4.133333333333334,3.1052631578947367,0.3074426096053336,0.14152729748852647,0.16591531211680713,0.20786320629302948,0.26329339463783735,0.8591679193445219,0.8175952780859159,2
697,IMG_20231102_091942_697,frontal1,IMG_20231102_091942_697_frontal1.jpg,574.5241514539032,98.04305103561907,2698.0,1401.0,1297.0,25.0,23.0,74.0,76.0,2.96,3.3043478260869565,0.2806779590107123,0.14574863623943957,0.13492932277127273,0.25499002464659626,0.23459082267486853,0.7547704729539249,0.7751696749256526,2
698,IMG_20231102_092604_698,frontal1,IMG_20231102_092604_698_frontal1.jpg,439.73147730132354,75.00576165366523,384.0,,384.0,,13.0,,41.0,,3.1538461538461537,0.06825617910479044,,0.06825617910479044,,0.17332001853439938,,0.5466246738392596,1
699,IMG_20231102_093851_699,frontal1,IMG_20231102_093851_699_frontal1.jpg,625.981670171657,106.66533826181616,2244.0,1133.0,1111.0,22.0,23.0,82.0,69.0,3.727272727272727,3.0,0.1972314750303119,0.0995825584711869,0.09764891655912503,0.20625256862730557,0.21562768538309218,0.7687595739745026,0.6468830561492765,2
700,IMG_20231102_094411_700,frontal1,IMG_20231102_094411_700_frontal1.jpg,473.44121073264256,80.74558072905602,1344.0,646.0,698.0,21.0,16.0,46.0,60.0,2.1904761904761907,3.75,0.20613974951395317,0.09908205222173642,0.10705769729221676,0.26007615290384833,0.198153259355313,0.5696906206465249,0.7430747225824238,2
701,IMG_20231102_095110_701,frontal1,IMG_20231102_095110_701_frontal1.jpg,414.10753323467793,70.66998422226447,1360.0,599.0,761.0,15.0,18.0,53.0,54.0,3.533333333333333,3.0,0.27231334170500193,0.11993800858918835,0.15237533311581358,0.2122541863434331,0.2547050236121197,0.7499647917467969,0.7641150708363591,2
702,IMG_20231102_095650_702,frontal1,IMG_20231102_095650_702_frontal1.jpg,322.41622166392614,55.02560573260359,876.0,390.0,486.0,13.0,17.0,39.0,38.0,3.0,2.235294117647059,0.2893173257121639,0.1288056587074702,0.16051166700469366,0.23625364640551852,0.308947076068755,0.7087609392165555,0.6905875818007464,2
703,IMG_20231102_095902_703,frontal1,IMG_20231102_095902_703_frontal1.jpg,386.65394038341526,65.97927284734472,468.0,282.0,186.0,12.0,10.0,32.0,26.0,2.6666666666666665,2.6,0.10750552966925922,0.06477897300583568,0.04272655666342354,0.18187529934990684,0.15156274945825568,0.48500079826641823,0.3940631485914648,2
704,IMG_20231102_100222_704,frontal1,IMG_20231102_100222_704_frontal1.jpg,403.3827971188524,68.84314147458657,731.0,151.0,580.0,8.0,14.0,28.0,51.0,3.5,3.642857142857143,0.15423964500055762,0.03186072010271437,0.12237892489784326,0.11620620193448315,0.2033608533853455,0.406721706770691,0.7408145373323302,2
705,IMG_20231102_100552_705,frontal1,IMG_20231102_100552_705_frontal1.jpg,341.4082832598847,58.265351397142915,786.0,613.0,173.0,18.0,10.0,53.0,26.0,2.9444444444444446,2.6,0.23152708612120781,0.18056756207671806,0.05095952404448976,0.30893145872081096,0.1716285881782283,0.90963151734461,0.44623432926339357,2
706,IMG_20231102_101129_706,frontal1,IMG_20231102_101129_706_frontal1.jpg,461.13709055374494,78.6628434667189,953.0,493.0,460.0,17.0,17.0,42.0,37.0,2.4705882352941178,2.176470588235294,0.15401166592157678,0.07967235183561107,0.07433931408596571,0.216112197967932,0.216112197967932,0.5339242538031261,0.47036184263608727,2
707,IMG_20231102_101610_707,frontal1,IMG_20231102_101610_707_frontal1.jpg,496.4187199776418,84.67511192255046,2773.0,1663.0,1110.0,30.0,22.0,77.0,70.0,2.566666666666667,3.1818181818181817,0.38675711400651247,0.23194269044097737,0.1548144235655351,0.354295368719914,0.2598166037279369,0.9093581130477792,0.8266891936797993,2
708,IMG_20231102_102118_708,frontal1,IMG_20231102_102118_708_frontal1.jpg,453.4044413900834,77.36722865109479,1288.0,624.0,664.0,18.0,19.0,48.0,53.0,2.6666666666666665,2.789473684210526,0.21517994007040436,0.10424866661795988,0.1109312734524445,0.23265664692702276,0.24558201620074624,0.6204177251387274,0.6850445715073448,2
709,IMG_20231102_102700_709,frontal1,IMG_20231102_102700_709_frontal1.jpg,496.2447735721034,84.68170208812518,1480.0,641.0,839.0,19.0,19.0,54.0,60.0,2.8421052631578947,3.1578947368421053,0.20638710443349603,0.089387928339102,0.11699917609439404,0.2243696044303336,0.2243696044303336,0.637682033644106,0.7085355929378956,2
710,IMG_20231102_103140_710,frontal1,IMG_20231102_103140_710_frontal1.jpg,507.0236330852453,86.52257895731657,1135.0,626.0,509.0,17.0,16.0,49.0,45.0,2.8823529411764706,2.8125,0.15161317751144066,0.08362101244243335,0.06799216506900731,0.19648050491405789,0.18492282815440741,0.5663261612228727,0.5200954541842709,2
711,IMG_20231102_103806_711,frontal1,IMG_20231102_103806_711_frontal1.jpg,382.9915937737471,65.356292501785,331.0,,331.0,,15.0,,39.0,,2.6,0.07749134130425968,,0.07749134130425968,,0.2295111828687394,,0.5967290754587224,1
712,IMG_20231102_105121_712,frontal1,IMG_20231102_105121_712_frontal1.jpg,477.8606251099636,81.54793353185981,2087.0,1272.0,815.0,26.0,20.0,63.0,59.0,2.423076923076923,2.95,0.3138314970750887,0.19127631254408856,0.12255518453100013,0.3188308872332382,0.24525452864095246,0.7725517652190003,0.7235008594908098,2
713,IMG_20231102_105218_713,frontal1,IMG_20231102_105218_713_frontal1.jpg,413.2281611513922,70.49615027216495,1287.0,643.0,644.0,16.0,16.0,57.0,58.0,3.5625,3.625,0.2589689789314796,0.12938387991681535,0.12958509901466422,0.22696274815332035,0.22696274815332035,0.8085547902962037,0.8227399620557863,2
714,IMG_20231102_111530_714,frontal1,IMG_20231102_111530_714_frontal1.jpg,555.508404034307,94.80607787053658,2152.0,1092.0,1060.0,23.0,21.0,63.0,69.0,2.739130434782609,3.2857142857142856,0.23942522633517138,0.12149272637453863,0.11793249996063275,0.24260048001783058,0.22150478610323662,0.6645143583097098,0.7278014400534917,2
715,IMG_20231102_112359_715,frontal1,IMG_20231102_112359_715_frontal1.jpg,432.4962288751388,73.81138508003876,848.0,448.0,400.0,15.0,14.0,43.0,43.0,2.8666666666666667,3.0714285714285716,0.15565000618175268,0.08223019194507689,0.07341981423667579,0.2032206817923071,0.1896726363394866,0.5825659544712803,0.5825659544712803,2
716,IMG_20231102_112745_716,frontal1,IMG_20231102_112745_716_frontal1.jpg,412.6897636153528,70.41642786944152,1141.0,671.0,470.0,20.0,15.0,48.0,43.0,2.4,2.8666666666666667,0.23011115070504384,0.13532391071260685,0.09478723999243699,0.28402463182429283,0.21301847386821962,0.6816591163783028,0.6106529584222296,2
717,IMG_20231102_113615_717,frontal1,IMG_20231102_113615_717_frontal1.jpg,436.9447773780855,74.55695293776343,763.0,167.0,596.0,7.0,16.0,31.0,50.0,4.428571428571429,3.125,0.1372613407901837,0.030042783632975988,0.10721855715720771,0.09388795711438562,0.21460104483288142,0.41578952436370775,0.6706282651027544,2
718,IMG_20231102_114211_718,frontal1,IMG_20231102_114211_718_frontal1.jpg,419.9013857224245,71.65993555087262,976.0,445.0,531.0,15.0,16.0,45.0,44.0,3.0,2.75,0.19006274232080717,0.08665770525897458,0.10340503706183259,0.20932198563521234,0.22327678467755982,0.6279659569056371,0.6140111578632895,2
719,IMG_20231102_114256_719,frontal1,IMG_20231102_114256_719_frontal1.jpg,591.7940945032431,100.98283192314591,3336.0,1662.0,1674.0,32.0,31.0,72.0,74.0,2.25,2.3870967741935485,0.32713796708068693,0.16298060590170912,0.16415736117897778,0.3168855476775889,0.30698287431266424,0.712992482274575,0.7327978290044244,2
720,IMG_20231102_114931_720,frontal1,IMG_20231102_114931_720_frontal1.jpg,423.77090799173135,72.31425395603944,965.0,449.0,516.0,18.0,20.0,37.0,38.0,2.0555555555555554,1.9,0.18453531613878837,0.08586150978892848,0.0986738063498599,0.24891358225091254,0.27657064694545835,0.511655696849098,0.5254842291963709,2
721,IMG_20231102_115537_721,frontal1,IMG_20231102_115537_721_frontal1.jpg,345.8117752878469,58.99793810759729,219.0,,219.0,,8.0,,35.0,,4.375,0.0629173535571624,,0.0629173535571624,,0.13559795912545328,,0.593241071173858,1
722,IMG_20231102_120558_722,frontal1,IMG_20231102_120558_722_frontal1.jpg,463.7438649904482,79.14426895642832,925.0,276.0,649.0,11.0,15.0,36.0,60.0,3.272727272727273,4.0,0.14767357503708614,0.04406260184890354,0.1036109731881826,0.1389866903193696,0.18952730498095854,0.4548655319543005,0.7581092199238342,2
723,IMG_20231102_122355_723,frontal1,IMG_20231102_122355_723_frontal1.jpg,368.10424313889087,62.797047318662145,622.0,335.0,287.0,11.0,11.0,40.0,34.0,3.6363636363636362,3.090909090909091,0.1577291405192415,0.08495058211245322,0.07277855840678828,0.17516747155611884,0.17516747155611884,0.6369726238404322,0.5414267302643673,2
724,IMG_20231102_122504_724,frontal1,IMG_20231102_122504_724_frontal1.jpg,361.66818810362446,61.64790008263935,702.0,330.0,372.0,11.0,13.0,38.0,40.0,3.4545454545454546,3.076923076923077,0.18471430770834624,0.08683151217059011,0.09788279553775613,0.17843267954390074,0.21087498491551906,0.6164038020607481,0.6488461074323664,2
725,IMG_20231102_123401_725,frontal1,IMG_20231102_123401_725_frontal1.jpg,403.6146476897108,68.82454291257152,930.0,564.0,366.0,16.0,13.0,46.0,38.0,2.875,2.923076923076923,0.1963343445962119,0.11906727994867046,0.07726706464754146,0.23247520903008329,0.18888610733694267,0.6683662259614894,0.5521286214464478,2
726,IMG_20231102_125533_726,frontal1,IMG_20231102_125533_726_frontal1.jpg,410.8142200173078,70.04826253097335,1234.0,760.0,474.0,20.0,15.0,54.0,42.0,2.7,2.8,0.25148982841288864,0.1548883870290076,0.09660144138388105,0.28551743151597186,0.2141380736369789,0.7708970650931241,0.5995866061835409,2
727,IMG_20231102_134217_727,frontal1,IMG_20231102_134217_727_frontal1.jpg,452.2208295809068,77.0911710816848,750.0,336.0,414.0,14.0,17.0,31.0,34.0,2.2142857142857144,2.0,0.1261978561956286,0.05653663957564161,0.06966121661998698,0.18160315641288913,0.22051811850136535,0.4021212749142545,0.4410362370027307,2
728,IMG_20231102_134737_728,frontal1,IMG_20231102_134737_728_frontal1.jpg,434.6280226356046,74.17174196205144,1111.0,525.0,586.0,18.0,19.0,47.0,44.0,2.611111111111111,2.3157894736842106,0.20194685839340917,0.09542943353423926,0.10651742485916992,0.24268002238924571,0.25616224585531494,0.6336645029052527,0.5932178325070451,2
729,IMG_20231102_140857_729,frontal1,IMG_20231102_140857_729_frontal1.jpg,376.476830354292,64.2200387678703,561.0,380.0,181.0,15.0,9.0,37.0,25.0,2.466666666666667,2.7777777777777777,0.13602593959114134,0.09213878261075527,0.04388715698038606,0.23357195491922678,0.14014317295153608,0.576144155467426,0.38928659153204465,2
730,IMG_20231103_085558_730,frontal1,IMG_20231103_085558_730_frontal1.jpg,480.20321486609447,81.94219268955058,1255.0,669.0,586.0,16.0,16.0,54.0,48.0,3.375,3.0,0.18690828979161928,0.09963477758613012,0.08727351220548916,0.19525960283511365,0.19525960283511365,0.6590011595685086,0.5857788085053409,2
731,IMG_20231103_085942_731,frontal1,IMG_20231103_085942_731_frontal1.jpg,414.4593313015563,70.64059776286227,1396.0,849.0,547.0,20.0,14.0,58.0,51.0,2.9,3.642857142857143,0.27975424618662315,0.1701370737911483,0.10961717239547483,0.2831233119960171,0.19818631839721196,0.8210576047884495,0.7219644455898435,2
732,IMG_20231103_090440_732,frontal1,IMG_20231103_090440_732_frontal1.jpg,491.1896043987173,83.82015540245884,1109.0,480.0,629.0,14.0,19.0,45.0,52.0,3.2142857142857144,2.736842105263158,0.1578463786995334,0.06831944253902257,0.08952693616051083,0.16702426681004834,0.2266757906707799,0.536863714746584,0.6203758481516082,2
733,IMG_20231103_090729_733,frontal1,IMG_20231103_090729_733_frontal1.jpg,618.1660778324238,105.49831094399796,2732.0,1656.0,1076.0,34.0,24.0,76.0,73.0,2.235294117647059,3.0416666666666665,0.24546505970600332,0.14878848421418064,0.0966765754918227,0.32228004122310866,0.2274917938045473,0.7203906803810665,0.691954206155498,2
734,IMG_20231103_091116_734,frontal1,IMG_20231103_091116_734_frontal1.jpg,487.1978028949528,83.14505265767365,2108.0,1074.0,1034.0,20.0,18.0,68.0,78.0,3.4,4.333333333333333,0.3049283341254869,0.1553572252612775,0.14957110886420943,0.2405434762588265,0.21648912863294387,0.8178478192800102,0.9381195574094233,2
735,IMG_20231103_091357_735,frontal1,IMG_20231103_091357_735_frontal1.jpg,442.8782654831821,75.58088879617273,1308.0,789.0,519.0,22.0,16.0,55.0,46.0,2.5,2.875,0.22897272598214777,0.13811886911308455,0.09085385686906322,0.2910788739112319,0.2116937264808959,0.7276971847780797,0.6086194636325758,2
736,IMG_20231103_091746_736,frontal1,IMG_20231103_091746_736_frontal1.jpg,494.8756072855173,84.45033293501803,1695.0,1095.0,600.0,21.0,15.0,72.0,55.0,3.4285714285714284,3.6666666666666665,0.2376659526633843,0.15353641189758455,0.08412954076579976,0.24866687045696864,0.17761919318354905,0.8525721272810354,0.6512703750063464,2
737,IMG_20231103_092206_737,frontal1,IMG_20231103_092206_737_frontal1.jpg,521.3378761650356,88.972357747278,1561.0,789.0,772.0,18.0,20.0,65.0,52.0,3.611111111111111,2.6,0.19719354941102687,0.09967053842748251,0.09752301098354435,0.20231002589734887,0.22478891766372097,0.7305639824070932,0.5844511859256745,2
738,IMG_20231103_092803_738,frontal1,IMG_20231103_092803_738_frontal1.jpg,545.8303433083195,93.15501157210846,2130.0,1188.0,942.0,28.0,23.0,60.0,57.0,2.142857142857143,2.4782608695652173,0.24545232780691584,0.13690017156554743,0.10855215624136841,0.3005742742925436,0.24690029674030364,0.6440877306268791,0.6118833440955351,2
739,IMG_20231103_093620_739,frontal1,IMG_20231103_093620_739_frontal1.jpg,367.8780868005895,62.767795325233216,1129.0,597.0,532.0,16.0,15.0,50.0,50.0,3.125,3.3333333333333335,0.2865630511705589,0.1515306833913407,0.1350323677792182,0.2549077901668446,0.23897605328141686,0.7965868442713895,0.7965868442713895,2
740,IMG_20231103_094259_740,frontal1,IMG_20231103_094259_740_frontal1.jpg,508.1128630353123,86.71720651358082,824.0,436.0,388.0,14.0,13.0,45.0,39.0,3.2142857142857144,3.0,0.1095763054477876,0.05797969560101383,0.05159660984677377,0.16144431495042974,0.1499125781682562,0.5189281551978099,0.4497377345047686,2
741,IMG_20231103_095233_741,frontal1,IMG_20231103_095233_741_frontal1.jpg,459.76715818310737,78.41900471958024,1437.0,788.0,649.0,19.0,19.0,62.0,56.0,3.263157894736842,2.9473684210526314,0.2336760033457066,0.12813965945470898,0.10553634389099761,0.24228820638494966,0.24228820638494966,0.7906246734666779,0.7141126082924832,2
742,IMG_20231103_100138_742,frontal1,IMG_20231103_100138_742_frontal1.jpg,486.5944982038464,82.96161289571882,1880.0,922.0,958.0,21.0,25.0,60.0,59.0,2.857142857142857,2.36,0.27315142825144595,0.1339604344935283,0.13919099375791769,0.2531291192035599,0.3013441895280475,0.723226054867314,0.7111722872861921,2
743,IMG_20231103_101741_743,frontal1,IMG_20231103_101741_743_frontal1.jpg,419.9421759872566,71.52428014424797,1047.0,590.0,457.0,16.0,13.0,54.0,51.0,3.375,3.923076923076923,0.2046631671810266,0.11533072458147631,0.08933244259955028,0.22370025909707433,0.1817564605163729,0.7549883744526259,0.7130445758719245,2
744,IMG_20231103_103042_744,frontal1,IMG_20231103_103042_744_frontal1.jpg,393.04811498274864,67.0663096273261,770.0,279.0,491.0,11.0,13.0,43.0,52.0,3.909090909090909,4.0,0.17119138514720658,0.06202908630658524,0.10916229884062134,0.16401677774019133,0.19383801005658977,0.6411564948025661,0.7753520402263591,2
745,IMG_20231103_103525_745,frontal1,IMG_20231103_103525_745_frontal1.jpg,571.9370745582142,97.60365234609282,2865.0,1662.0,1203.0,32.0,23.0,74.0,73.0,2.3125,3.1739130434782608,0.3007408948355807,0.1744612101978133,0.1262796846377674,0.32785658354803354,0.23564691942514912,0.7581683494548276,0.7479228312189515,2
746,IMG_20231103_104448_746,frontal1,IMG_20231103_104448_746_frontal1.jpg,514.8321319482653,87.84359903446351,1068.0,550.0,518.0,14.0,16.0,55.0,47.0,3.9285714285714284,2.9375,0.13840475498610602,0.07127585696850029,0.06712889801760573,0.1593741621914581,0.1821418996473807,0.6261127800378712,0.5350418302141808,2
747,IMG_20231103_105727_747,frontal1,IMG_20231103_105727_747_frontal1.jpg,422.2808270124351,72.06195772523571,1414.0,734.0,680.0,15.0,17.0,63.0,57.0,4.2,3.3529411764705883,0.27229351385872874,0.14134613802850557,0.13094737583022314,0.20815421164650208,0.23590810653270236,0.8742476889153087,0.7909860042567078,2
748,IMG_20231103_111541_748,frontal1,IMG_20231103_111541_748_frontal1.jpg,550.1942757157842,93.8915269165691,1913.0,904.0,1009.0,22.0,21.0,62.0,67.0,2.8181818181818183,3.1904761904761907,0.21700121541107031,0.1025452685476255,0.11445594686344482,0.2343129430576727,0.22366235473686938,0.6603364758898048,0.7135894174938214,2
749,IMG_20231103_112203_749,frontal1,IMG_20231103_112203_749_frontal1.jpg,429.1205565115739,73.23406377587969,902.0,511.0,391.0,16.0,12.0,46.0,43.0,2.875,3.5833333333333335,0.1681822931384828,0.09527843879574802,0.07290385434273478,0.21847756597210363,0.16385817447907772,0.628123002169798,0.5871584585500286,2
750,IMG_20231103_112658_750,frontal1,IMG_20231103_112658_750_frontal1.jpg,499.4814286876774,85.23953545020323,1467.0,962.0,505.0,19.0,14.0,65.0,59.0,3.4210526315789473,4.214285714285714,0.20190541446179153,0.13240150559798464,0.0695039088638069,0.2229012617167507,0.1642430349491847,0.7625569479783576,0.6921670758572784,2
751,IMG_20231103_115624_751,frontal1,IMG_20231103_115624_751_frontal1.jpg,456.60168101322006,77.81897435013991,1178.0,605.0,573.0,18.0,17.0,53.0,50.0,2.9444444444444446,2.9411764705882355,0.19452449001362915,0.09990434334316269,0.09462014667046648,0.231306055500173,0.2184557190834967,0.6810678300838426,0.6425168208338139,2
752,IMG_20231103_121650_752,frontal1,IMG_20231103_121650_752_frontal1.jpg,542.2547659735208,92.48106256883085,1794.0,856.0,938.0,23.0,22.0,49.0,57.0,2.130434782608696,2.590909090909091,0.20975717086841666,0.10008480393721554,0.10967236693120114,0.2486995646582434,0.237886540107885,0.529838202967562,0.6163423993704292,2
753,IMG_20231103_122057_753,frontal1,IMG_20231103_122057_753_frontal1.jpg,389.60766829461977,66.48208165713497,420.0,233.0,187.0,9.0,10.0,40.0,31.0,4.444444444444445,3.1,0.0950254798970444,0.05271651622859844,0.042308963668445956,0.1353748224433659,0.15041646938151768,0.6016658775260707,0.4662910550827048,2
754,IMG_20231103_123221_754,frontal1,IMG_20231103_123221_754_frontal1.jpg,450.4732799088073,76.87741967598005,1468.0,852.0,616.0,19.0,17.0,58.0,49.0,3.0526315789473686,2.8823529411764706,0.2483867695535903,0.1441590787872336,0.10422769076635668,0.24714669248890583,0.22113125117428417,0.7544477981240283,0.6373783122082308,2
755,IMG_20231103_132748_755,frontal1,IMG_20231103_132748_755_frontal1.jpg,445.5260209056685,76.02567267077865,1412.0,768.0,644.0,22.0,20.0,50.0,48.0,2.272727272727273,2.4,0.24429476120916918,0.1328742043970552,0.11142055681211399,0.2893759335122063,0.26306903046564206,0.6576725761641052,0.631365673117541,2
756,IMG_20231103_133507_756,frontal1,IMG_20231103_133507_756_frontal1.jpg,403.6225437221105,68.83224371493232,778.0,522.0,256.0,19.0,15.0,46.0,31.0,2.4210526315789473,2.066666666666667,0.16420854166665652,0.11017591098971041,0.0540326306769461,0.2760334252459968,0.21792112519420798,0.668291450595571,0.4503703254013631,2
757,IMG_20231103_134335_757,frontal1,IMG_20231103_134335_757_frontal1.jpg,490.0916275493392,83.62723198198336,1337.0,443.0,894.0,14.0,21.0,50.0,66.0,3.5714285714285716,3.142857142857143,0.19117714121679125,0.06334440804714923,0.12783273316964203,0.16740958259883765,0.25111437389825647,0.5978913664244202,0.7892166036802346,2
758,IMG_20231103_140105_758,frontal1,IMG_20231103_140105_758_frontal1.jpg,374.9691508074316,63.77778366245099,939.0,485.0,454.0,13.0,12.0,48.0,45.0,3.6923076923076925,3.75,0.23084833482353245,0.11923476292802261,0.11161357189550983,0.20383273380592115,0.18815329274392723,0.7526131709757089,0.705574847789727,2
759,IMG_20231103_141604_759,frontal1,IMG_20231103_141604_759_frontal1.jpg,340.7826732498733,58.08553218090263,800.0,484.0,316.0,15.0,11.0,47.0,39.0,3.1333333333333333,3.5454545454545454,0.23711227724218908,0.14345292773152438,0.09365934951066468,0.25823986519196773,0.18937590114077635,0.8091515776014989,0.6714236494991161,2
760,IMG_20231106_094533_760,frontal1,IMG_20231106_094533_760_frontal1.jpg,458.8196745905639,78.29006451914901,1068.0,568.0,500.0,15.0,14.0,48.0,50.0,3.2,3.5714285714285716,0.17424404751492154,0.0926691189030669,0.08157492861185466,0.19159519272501227,0.17882217987667812,0.6131046167200392,0.6386506424167075,2
761,IMG_20231106_095122_761,frontal1,IMG_20231106_095122_761_frontal1.jpg,368.70488993993456,62.90793116779524,627.0,250.0,377.0,11.0,11.0,35.0,44.0,3.1818181818181817,4.0,0.15843704543060433,0.06317266564218672,0.09526437978841759,0.17485871488381236,0.17485871488381236,0.5563686382666756,0.6994348595352494,2
762,IMG_20231106_100437_762,frontal1,IMG_20231106_100437_762_frontal1.jpg,472.7132882446831,80.6646755284171,1637.0,842.0,795.0,20.0,17.0,60.0,65.0,3.0,3.823529411764706,0.25158335072544213,0.1294032873004412,0.1221800634250009,0.24794000433255647,0.21074900368267302,0.7438200129976694,0.8058050140808085,2
763,IMG_20231106_103308_763,frontal1,IMG_20231106_103308_763_frontal1.jpg,503.0581984325514,85.85524781612894,2058.0,1089.0,969.0,24.0,20.0,60.0,66.0,2.5,3.3,0.27919759835023056,0.14773867084713369,0.1314589275030969,0.2795402798370505,0.23295023319754207,0.6988506995926262,0.7687357695518888,2
764,IMG_20231106_103910_764,frontal1,IMG_20231106_103910_764_frontal1.jpg,488.59393023092656,83.33336967993868,1102.0,369.0,733.0,10.0,18.0,49.0,55.0,4.9,3.0555555555555554,0.15868786157360792,0.05313595364851299,0.10555190792509492,0.11999994766091113,0.21599990578964,0.5879997435384645,0.6599997121350112,2
765,IMG_20231106_104335_765,frontal1,IMG_20231106_104335_765_frontal1.jpg,498.2772154020009,84.96757097187916,2138.0,1029.0,1109.0,22.0,22.0,64.0,67.0,2.909090909090909,3.0454545454545454,0.2961428795771046,0.14253088076933612,0.1536119988077685,0.25892231292902457,0.25892231292902457,0.753228546702617,0.7885361348293022,2
766,IMG_20231106_105330_766,frontal1,IMG_20231106_105330_766_frontal1.jpg,479.56375619138254,81.84370648220828,994.0,370.0,624.0,10.0,18.0,47.0,45.0,4.7,2.5,0.14839381703177598,0.0552371351124317,0.09315668191934427,0.1221841046772957,0.21993138841913223,0.5742652919832898,0.5498284710478306,2
767,IMG_20231106_105758_767,frontal1,IMG_20231106_105758_767_frontal1.jpg,498.60531506177193,85.03752699345611,913.0,456.0,457.0,14.0,14.0,45.0,43.0,3.2142857142857144,3.0714285714285716,0.12625527549415724,0.06305849466082772,0.06319678083332954,0.1646331977772277,0.1646331977772277,0.5291781357125176,0.505659107458628,2
768,IMG_20231106_111224_768,frontal1,IMG_20231106_111224_768_frontal1.jpg,418.4603251337912,71.41366738598956,1358.0,808.0,550.0,19.0,15.0,59.0,51.0,3.1052631578947367,3.4,0.2662791101923684,0.15843410974626926,0.10784500044609913,0.26605551423798685,0.2100438270299896,0.8261723863179591,0.7141490119019647,2
769,IMG_20231106_111827_769,frontal1,IMG_20231106_111827_769_frontal1.jpg,429.750700599206,73.27043913848567,1181.0,535.0,646.0,16.0,21.0,43.0,45.0,2.6875,2.142857142857143,0.21998461498380903,0.09965433447615396,0.12033028050765507,0.21836910202979687,0.2866094464141084,0.5868669617050791,0.6141630994588038,2
770,IMG_20231106_112358_770,frontal1,IMG_20231106_112358_770_frontal1.jpg,369.8275046481637,63.08233507949566,1394.0,719.0,675.0,19.0,19.0,54.0,53.0,2.8421052631578947,2.789473684210526,0.3503057385863937,0.1806813673196679,0.16962437126672578,0.3011936697659719,0.3011936697659719,0.8560241140717096,0.8401718156629743,2
771,IMG_20231106_113316_771,frontal1,IMG_20231106_113316_771_frontal1.jpg,415.6420475843905,70.93615194903565,1295.0,430.0,865.0,14.0,23.0,44.0,55.0,3.142857142857143,2.391304347826087,0.25735612982829514,0.08545415893912504,0.17190197088917014,0.19736057870827775,0.32423523644931346,0.6202761045117301,0.7753451306396626,2
772,IMG_20231106_113842_772,frontal1,IMG_20231106_113842_772_frontal1.jpg,409.82961169219584,69.87399977457447,1387.0,528.0,859.0,15.0,21.0,49.0,54.0,3.2666666666666666,2.5714285714285716,0.28408300470420406,0.10814407100491691,0.17593893369928718,0.21467212480167985,0.30054097472235175,0.7012622743521542,0.7728196492860474,2
773,IMG_20231106_114404_773,frontal1,IMG_20231106_114404_773_frontal1.jpg,457.0285928716733,77.99190142624836,1414.0,700.0,714.0,19.0,19.0,52.0,56.0,2.736842105263158,2.9473684210526314,0.23246115564570724,0.11507978002262734,0.11738137562307989,0.2436150376198612,0.2436150376198612,0.6667358924333043,0.7180232687743278,2
774,IMG_20231106_114830_774,frontal1,IMG_20231106_114830_774_frontal1.jpg,493.1554649179872,84.16137090345174,1998.0,1021.0,977.0,18.0,19.0,74.0,71.0,4.111111111111111,3.736842105263158,0.2820784325770567,0.14414518501560306,0.13793324756145364,0.21387484313497274,0.22575677886469345,0.8792632439993324,0.8436174368101702,2
775,IMG_20231106_120506_775,frontal1,IMG_20231106_120506_775_frontal1.jpg,467.8536028068121,79.84258257854374,1638.0,909.0,729.0,22.0,22.0,56.0,49.0,2.5454545454545454,2.227272727272727,0.2569477062549745,0.14259185896567264,0.11435584728930183,0.2755421892616999,0.2755421892616999,0.7013801181206906,0.6137076033556043,2
776,IMG_20231106_120924_776,frontal1,IMG_20231106_120924_776_frontal1.jpg,361.9796933206585,61.722715637578496,890.0,383.0,507.0,12.0,14.0,45.0,52.0,3.75,3.7142857142857144,0.23361458622325695,0.10053301856573867,0.1330815676575183,0.19441788774267846,0.22682086903312487,0.7290670790350442,0.8424775135516066,2
777,IMG_20231106_121343_777,frontal1,IMG_20231106_121343_777_frontal1.jpg,474.1635722018457,80.71204870563902,415.0,,415.0,,16.0,,38.0,,2.375,0.06370468234652016,,0.06370468234652016,,0.19823558262475557,,0.47080950873379446,1
778,IMG_20231106_122038_778,frontal1,IMG_20231106_122038_778_frontal1.jpg,446.9621680467057,76.27888496908345,1025.0,536.0,489.0,13.0,13.0,53.0,52.0,4.076923076923077,4.0,0.1761632011275187,0.09212046419936588,0.08404273692815283,0.17042724215579477,0.17042724215579477,0.6948187564813172,0.6817089686231791,2
779,IMG_20231106_122348_779,frontal1,IMG_20231106_122348_779_frontal1.jpg,423.2740107099219,72.23606309633428,860.0,403.0,457.0,15.0,16.0,35.0,39.0,2.3333333333333335,2.4375,0.16481256328585567,0.07723193372581376,0.08758062956004191,0.20765251256835446,0.22149601340624478,0.4845225293261604,0.5398965326777216,2
780,IMG_20231106_123017_780,frontal1,IMG_20231106_123017_780_frontal1.jpg,511.1217214604317,87.2050118833504,1636.0,636.0,1000.0,16.0,20.0,57.0,67.0,3.5625,3.35,0.21512971809441575,0.08363233539611761,0.13149738269829814,0.18347569313335302,0.22934461641669127,0.6536321567875701,0.7683044649959158,2
781,IMG_20231106_123501_781,frontal1,IMG_20231106_123501_781_frontal1.jpg,347.9321303834923,59.37596440677058,619.0,288.0,331.0,12.0,11.0,34.0,40.0,2.8333333333333335,3.6363636363636362,0.17557767576498287,0.08169042103443468,0.09388725473054818,0.20210198048811234,0.18526014878076966,0.5726222780496516,0.6736732682937078,2
782,IMG_20231106_124314_782,frontal1,IMG_20231106_124314_782_frontal1.jpg,498.09633541898,84.98497220912347,796.0,189.0,607.0,10.0,19.0,27.0,44.0,2.7,2.3157894736842106,0.11021197734857294,0.026168421757387293,0.08404355559118565,0.11766786221207308,0.22356893820293885,0.3177032279725973,0.5177385937331216,2
783,IMG_20231106_124911_783,frontal1,IMG_20231106_124911_783_frontal1.jpg,468.671595843753,79.9430881201229,1244.0,475.0,769.0,13.0,19.0,53.0,56.0,4.076923076923077,2.9473684210526314,0.19465185155891251,0.07432446100521177,0.12032739055370074,0.16261568455381825,0.2376690774248113,0.6629716370271052,0.7004983334626017,2
784,IMG_20231106_125838_784,frontal1,IMG_20231106_125838_784_frontal1.jpg,470.3297974008096,80.24382420063769,1183.0,441.0,742.0,13.0,18.0,56.0,58.0,4.3076923076923075,3.2222222222222223,0.18372214575339837,0.06848813717434377,0.1152340085790546,0.16200623698461133,0.22431632813253877,0.6978730208567873,0.7227970573159582,2
785,IMG_20231106_131019_785,frontal1,IMG_20231106_131019_785_frontal1.jpg,400.39896166030223,68.16908022883119,947.0,413.0,534.0,16.0,16.0,43.0,43.0,2.6875,2.6875,0.20378635919398613,0.08887409329156945,0.11491226590241667,0.2347105160622809,0.2347105160622809,0.6307845119173799,0.6307845119173799,2
786,IMG_20231106_131943_786,frontal1,IMG_20231106_131943_786_frontal1.jpg,415.97677335499816,70.98279297621383,901.0,420.0,481.0,12.0,13.0,49.0,51.0,4.083333333333333,3.923076923076923,0.17882104303153676,0.08335720096919583,0.09546384206234093,0.1690550554135165,0.18314297669797622,0.6903081429385258,0.7184839855074452,2
787,IMG_20231106_134354_787,frontal1,IMG_20231106_134354_787_frontal1.jpg,418.23862924806,71.35249021086557,298.0,298.0,,11.0,,43.0,,3.909090909090909,,0.05853262412668109,0.05853262412668109,,0.15416420600727568,,0.6026418962102594,,1
788,IMG_20231106_134858_788,frontal1,IMG_20231106_134858_788_frontal1.jpg,452.3797922782222,77.20100895445638,1375.0,613.0,762.0,17.0,17.0,50.0,57.0,2.9411764705882355,3.3529411764705883,0.23070486119919362,0.10285242175644049,0.12785243944275312,0.22020437595613424,0.22020437595613424,0.6476599292827477,0.7383323193823325,2
789,IMG_20231106_142812_789,frontal1,IMG_20231106_142812_789_frontal1.jpg,392.22565534905146,66.92360105691705,879.0,406.0,473.0,18.0,17.0,41.0,40.0,2.2777777777777777,2.3529411764705883,0.19625931187560813,0.0906499210711,0.10560939080450812,0.26896341075088587,0.2540209990425033,0.6126388800436845,0.5976964683353019,2
790,IMG_20231106_143004_790,frontal1,IMG_20231106_143004_790_frontal1.jpg,400.1912905151423,68.28168716615508,1263.0,737.0,526.0,19.0,16.0,57.0,50.0,3.0,3.125,0.2708911790858559,0.15807347504851607,0.11281770403733983,0.2782590880299404,0.2343234425515288,0.8347772640898212,0.7322607579735274,2
791,IMG_20231106_143915_791,frontal1,IMG_20231106_143915_791_frontal1.jpg,558.0381389707745,95.22862344203361,2569.0,1348.0,1221.0,24.0,22.0,79.0,77.0,3.2916666666666665,3.5,0.28328859548583624,0.1486465654787494,0.13464203000708683,0.2520250648651766,0.2310229761264119,0.8295825051812064,0.8085804164424417,2
792,IMG_20231107_090708_792,frontal1,IMG_20231107_090708_792_frontal1.jpg,385.1965695818694,65.71305358270449,732.0,295.0,437.0,12.0,13.0,39.0,44.0,3.25,3.3846153846153846,0.16951486330586293,0.06831541622299121,0.10119944708287174,0.18261211959808196,0.19782979623125546,0.5934893886937663,0.6695777718596339,2
793,IMG_20231107_090836_793,frontal1,IMG_20231107_090836_793_frontal1.jpg,482.2059125887869,82.2714144324607,1916.0,741.0,1175.0,21.0,23.0,48.0,67.0,2.2857142857142856,2.9130434782608696,0.28307243255348946,0.10947634265247166,0.17359608990101782,0.2552526918962793,0.27956247207687734,0.5834347243343527,0.814377636050034,2
794,IMG_20231107_091257_794,frontal1,IMG_20231107_091257_794_frontal1.jpg,512.742107971549,87.50369141437574,1709.0,937.0,772.0,19.0,17.0,62.0,61.0,3.263157894736842,3.588235294117647,0.22319749380337253,0.12237334797762438,0.10082414582574815,0.21713369679485936,0.19427751818487418,0.7085415369095411,0.6971134476045485,2
795,IMG_20231107_091820_795,frontal1,IMG_20231107_091820_795_frontal1.jpg,476.9963412871622,81.40051487325066,2074.0,1069.0,1005.0,27.0,22.0,61.0,68.0,2.259259259259259,3.090909090909091,0.31300728697711866,0.16133307125291219,0.1516742157242065,0.33169323366126,0.2702685607610267,0.7493810093828467,0.8353755514431733,2
796,IMG_20231107_092316_796,frontal1,IMG_20231107_092316_796_frontal1.jpg,441.1309058318792,75.28524871748967,1302.0,738.0,564.0,17.0,15.0,53.0,48.0,3.1176470588235294,3.2,0.22971597875375274,0.13020767459314098,0.0995083041606118,0.22580784801273687,0.19924221883476784,0.7039891732161797,0.6375751002712571,2
797,IMG_20231107_092424_797,frontal1,IMG_20231107_092424_797_frontal1.jpg,367.83385229803184,62.77442076005292,477.0,225.0,252.0,10.0,11.0,32.0,33.0,3.2,3.0,0.12104669912805979,0.057097499588707454,0.06394919953935234,0.15930055393459866,0.17523060932805853,0.5097617725907158,0.5256918279841756,2
798,IMG_20231107_094316_798,frontal1,IMG_20231107_094316_798_frontal1.jpg,468.0339626345205,79.8765061691075,1710.0,803.0,907.0,17.0,21.0,59.0,64.0,3.4705882352941178,3.0476190476190474,0.2680143142015974,0.12585701421279688,0.14215729998880047,0.21282853764295973,0.2629058406177738,0.7386402188785073,0.8012368475970248,2
799,IMG_20231107_095159_799,frontal1,IMG_20231107_095159_799_frontal1.jpg,445.1826627523676,75.9317179251002,1185.0,527.0,658.0,15.0,18.0,48.0,49.0,3.2,2.7222222222222223,0.20552842722816972,0.09140378156054468,0.11412464566762505,0.19754590584656795,0.23705508701588154,0.6321468987090174,0.6453166257654553,2
800,IMG_20231107_095800_800,frontal1,IMG_20231107_095800_800_frontal1.jpg,461.100013721004,78.69373910004576,1249.0,579.0,670.0,12.0,18.0,57.0,57.0,4.75,3.1666666666666665,0.20168893658119344,0.09349711311490072,0.10819182346629272,0.15248989484085934,0.22873484226128904,0.7243270004940819,0.7243270004940819,2
801,IMG_20231107_100442_801,frontal1,IMG_20231107_100442_801_frontal1.jpg,453.8198715106963,77.42666684441582,1625.0,802.0,823.0,19.0,16.0,62.0,64.0,3.263157894736842,4.0,0.27106424670188095,0.13378063129532833,0.13728361540655262,0.24539349005142305,0.20664714951698782,0.8007577043783278,0.8265885980679513,2
802,IMG_20231107_102347_802,frontal1,IMG_20231107_102347_802_frontal1.jpg,471.3975146712162,80.43935380963028,1189.0,682.0,507.0,16.0,14.0,54.0,49.0,3.375,3.5,0.18375734541151603,0.10540160603082753,0.0783557393806885,0.19890761477107322,0.17404416292468908,0.6713131998523721,0.6091545702364117,2
803,IMG_20231107_102829_803,frontal1,IMG_20231107_102829_803_frontal1.jpg,489.7764866520652,83.58843178726215,1918.0,1001.0,917.0,23.0,22.0,59.0,56.0,2.5652173913043477,2.5454545454545454,0.2745087852235221,0.14326553389402796,0.13124325132949416,0.2751576923770559,0.2631943144476187,0.7058392978367956,0.6699491640484839,2
804,IMG_20231107_104420_804,frontal1,IMG_20231107_104420_804_frontal1.jpg,391.754200706455,66.83158289397076,911.0,442.0,469.0,15.0,16.0,41.0,41.0,2.7333333333333334,2.5625,0.20396463949201432,0.09895979215748664,0.10500484733452768,0.22444478120169187,0.239407766615138,0.6134824019512911,0.6134824019512911,2
805,IMG_20231107_105013_805,frontal1,IMG_20231107_105013_805_frontal1.jpg,451.8099376091645,77.0993531051883,1008.0,445.0,563.0,13.0,15.0,49.0,52.0,3.769230769230769,3.466666666666667,0.16957392157132598,0.07486150307464291,0.09471241849668306,0.16861360668310435,0.1945541615574281,0.6355435944209318,0.6744544267324174,2
806,IMG_20231107_105854_806,frontal1,IMG_20231107_105854_806_frontal1.jpg,457.71879528117273,78.08347080541635,1292.0,598.0,694.0,16.0,21.0,50.0,51.0,3.125,2.4285714285714284,0.21190650797049132,0.09808056638262679,0.11382594158786453,0.20490892419308468,0.26894296300342363,0.6403403881033896,0.6531471958654574,2
807,IMG_20231107_110032_807,frontal1,IMG_20231107_110032_807_frontal1.jpg,415.2255151618584,70.82765801410264,1328.0,664.0,664.0,15.0,16.0,60.0,54.0,4.0,3.375,0.2647233875746952,0.1323616937873476,0.1323616937873476,0.21178167428624167,0.22590045257199112,0.8471266971449667,0.76241402743047,2
808,IMG_20231107_111238_808,frontal1,IMG_20231107_111238_808_frontal1.jpg,502.2501973279628,85.69854170611913,1515.0,738.0,777.0,18.0,21.0,56.0,57.0,3.111111111111111,2.7142857142857144,0.20628410694247687,0.1004869115006917,0.10579719544178516,0.210038579906369,0.24504500989076383,0.6534533597087036,0.6651221697035019,2
809,IMG_20231107_112015_809,frontal1,IMG_20231107_112015_809_frontal1.jpg,482.5276423618034,82.23547669846951,734.0,254.0,480.0,11.0,16.0,34.0,44.0,3.090909090909091,2.75,0.10853695452343155,0.03755910960347632,0.07097784491995524,0.13376222090051704,0.19456323040075205,0.41344686460159813,0.5350488836020681,2
810,IMG_20231107_112722_810,frontal1,IMG_20231107_112722_810_frontal1.jpg,434.5072094308681,74.15303412588779,380.0,,380.0,,13.0,,41.0,,3.1538461538461537,0.06910758952602454,,0.06910758952602454,,0.17531312310067068,,0.5529106190098075,1
811,IMG_20231107_113214_811,frontal1,IMG_20231107_113214_811_frontal1.jpg,399.6206459897805,68.08011686234123,1039.0,514.0,525.0,17.0,17.0,44.0,42.0,2.588235294117647,2.4705882352941178,0.22416869441071255,0.11089769867863931,0.11327099573207323,0.2497057993360116,0.2497057993360116,0.6462973629873242,0.616920210124264,2
812,IMG_20231107_114652_812,frontal1,IMG_20231107_114652_812_frontal1.jpg,469.024676833425,79.87177312893382,1669.0,823.0,846.0,18.0,20.0,64.0,61.0,3.5555555555555554,3.05,0.26161924330296565,0.1290069725813905,0.13261227072157517,0.22536121704651926,0.2504013522739103,0.8012843272765129,0.7637241244354264,2
813,IMG_20231107_115546_813,frontal1,IMG_20231107_115546_813_frontal1.jpg,432.6811495274664,73.7791399046164,2007.0,932.0,1075.0,23.0,27.0,63.0,60.0,2.739130434782609,2.2222222222222223,0.36870599270444165,0.17121773054336803,0.19748826216107365,0.3117412324097977,0.36595709891584943,0.8538998974703154,0.8132379975907765,2
814,IMG_20231107_121542_814,frontal1,IMG_20231107_121542_814_frontal1.jpg,569.2329879314216,97.12351827570396,4183.0,1694.0,2489.0,36.0,40.0,93.0,111.0,2.5833333333333335,2.775,0.4434442747232806,0.1795827399907333,0.2638615347325473,0.37066202542011517,0.41184669491123904,0.9575435656686309,1.1428745783786884,2
815,IMG_20231107_122218_815,frontal1,IMG_20231107_122218_815_frontal1.jpg,387.3687086578568,66.06428641919223,1246.0,666.0,580.0,19.0,18.0,54.0,47.0,2.8421052631578947,2.611111111111111,0.2854858224230432,0.15259515066913867,0.13289067175390457,0.2875986562458403,0.27246188486448025,0.8173856545934408,0.7114282549239207,2
816,IMG_20231107_123851_816,frontal1,IMG_20231107_123851_816_frontal1.jpg,432.49612889266166,73.7941684440123,1141.0,535.0,606.0,18.0,18.0,48.0,50.0,2.6666666666666665,2.7777777777777777,0.20952775414843164,0.09824482775583779,0.11128292639259384,0.24392171332151558,0.24392171332151558,0.6504579021907082,0.6775603147819877,2
817,IMG_20231107_124812_817,frontal1,IMG_20231107_124812_817_frontal1.jpg,463.2400404074287,78.6801270961676,1499.0,781.0,718.0,18.0,19.0,64.0,50.0,3.5555555555555554,2.6315789473684212,0.24214278173364343,0.12615978154367946,0.11598300018996396,0.2287744143829269,0.2414841040708673,0.8134201400281845,0.6354844843970191,2
818,IMG_20231107_125305_818,frontal1,IMG_20231107_125305_818_frontal1.jpg,431.0261015775246,73.52332650996215,1302.0,508.0,794.0,17.0,21.0,44.0,52.0,2.588235294117647,2.4761904761904763,0.24085778487293458,0.09397523403644452,0.14688255083649007,0.2312191355718455,0.28562363805933855,0.5984495273624236,0.7072585323374098,2
819,IMG_20231107_141207_819,frontal1,IMG_20231107_141207_819_frontal1.jpg,481.349774520296,82.14971335937223,1919.0,987.0,932.0,23.0,22.0,61.0,63.0,2.652173913043478,2.8636363636363638,0.2843563100103372,0.14625308909859447,0.1381032209117427,0.2799766311950983,0.2678037341866158,0.7425467175174347,0.7668925115343997,2
820,IMG_20231107_141637_820,frontal1,IMG_20231107_141637_820_frontal1.jpg,371.8809301145533,63.281454051501534,554.0,376.0,178.0,14.0,10.0,38.0,29.0,2.7142857142857144,2.9,0.13834289687690862,0.09389337405364195,0.04444952282326667,0.22123385452878686,0.15802418180627634,0.60049189086385,0.4582701272382013,2
821,IMG_20231107_144019_821,frontal1,IMG_20231107_144019_821_frontal1.jpg,507.1867375488469,86.39756176559231,1659.0,807.0,852.0,17.0,20.0,70.0,62.0,4.117647058823529,3.1,0.2222508411214379,0.1081111686467754,0.1141396724746625,0.19676481202239463,0.23148801414399367,0.8102080495039778,0.7176128438463804,2
822,IMG_20231107_145220_822,frontal1,IMG_20231107_145220_822_frontal1.jpg,457.1650359468512,78.02140841665063,491.0,,491.0,,14.0,,48.0,,3.4285714285714284,0.08065920191440643,,0.08065920191440643,,0.17943792971843156,,0.6152157590346224,1
823,IMG_20231107_150318_823,frontal1,IMG_20231107_150318_823_frontal1.jpg,511.0898239125778,87.1738998700917,2479.0,1260.0,1219.0,23.0,23.0,76.0,73.0,3.3043478260869565,3.1739130434782608,0.3262147365612953,0.16580498913563213,0.16040974742566316,0.2638404388730464,0.2638404388730464,0.8718205806239795,0.8374066103361908,2
824,IMG_20231108_085257_824,frontal1,IMG_20231108_085257_824_frontal1.jpg,433.1517677635395,73.92018583914168,516.0,,516.0,,16.0,,43.0,,2.6875,0.09443295971043023,,0.09443295971043023,,0.21644967228326145,,0.5817084942612651,1
825,IMG_20231108_085400_825,frontal1,IMG_20231108_085400_825_frontal1.jpg,374.8315702002794,63.96985180087446,615.0,375.0,240.0,16.0,13.0,35.0,30.0,2.1875,2.3076923076923075,0.15028804208250146,0.09163905005030577,0.058648992032195695,0.2501178219046817,0.2032207302975539,0.5471327354164912,0.4689709160712782,2
826,IMG_20231108_090502_826,frontal1,IMG_20231108_090502_826_frontal1.jpg,476.57714132707713,81.20768778604288,1535.0,697.0,838.0,16.0,19.0,58.0,61.0,3.625,3.210526315789474,0.2327630769927571,0.10569111704491968,0.12707195994783743,0.19702568114185257,0.23396799635594992,0.7142180941392156,0.7511604093533129,2
827,IMG_20231108_090553_827,frontal1,IMG_20231108_090553_827_frontal1.jpg,507.92822690189786,86.68382025130799,1946.0,1011.0,935.0,25.0,24.0,65.0,61.0,2.6,2.5416666666666665,0.2589803122287604,0.1345473256234721,0.12443298660528826,0.28840445572797385,0.2768682774988549,0.7498515848927321,0.7037068719762563,2
828,IMG_20231108_092428_828,frontal1,IMG_20231108_092428_828_frontal1.jpg,571.1819979827029,97.48136380550355,2274.0,1154.0,1120.0,23.0,22.0,67.0,68.0,2.9130434782608696,3.090909090909091,0.23930251740682915,0.12144023970425719,0.11786227770257196,0.23594253406107435,0.22568416301494068,0.6873108600909557,0.6975692311370894,2
829,IMG_20231108_092925_829,frontal1,IMG_20231108_092925_829_frontal1.jpg,475.4584714762181,81.12785841669218,1016.0,466.0,550.0,13.0,16.0,50.0,47.0,3.8461538461538463,2.9375,0.1543667228644983,0.07080205989651202,0.08356466296798629,0.1602408870850365,0.19721955333542954,0.6163111041732173,0.5793324379228243,2
830,IMG_20231108_093013_830,frontal1,IMG_20231108_093013_830_frontal1.jpg,462.5052388443307,78.93186741533736,703.0,223.0,480.0,9.0,15.0,39.0,43.0,4.333333333333333,2.8666666666666667,0.11283675019983361,0.03579316542612076,0.07704358477371284,0.11402238784801887,0.19003731308003147,0.49409701400808176,0.5447736308294235,2
831,IMG_20231108_093515_831,frontal1,IMG_20231108_093515_831_frontal1.jpg,439.67835861447264,75.03835845762477,1039.0,426.0,613.0,12.0,16.0,45.0,49.0,3.75,3.0625,0.1845223164055049,0.0756559256869539,0.10886639071855102,0.15991821045467794,0.21322428060623724,0.5996932892050423,0.6529993593566016,2
832,IMG_20231108_093715_832,frontal1,IMG_20231108_093715_832_frontal1.jpg,368.9545205380101,62.71184393576632,502.0,272.0,230.0,12.0,10.0,36.0,32.0,3.0,3.2,0.12764522577410187,0.06916235340748149,0.05848287236662037,0.19135141381413065,0.15945951151177554,0.5740542414423919,0.5102704368376817,2
833,IMG_20231108_093850_833,frontal1,IMG_20231108_093850_833_frontal1.jpg,455.1160829417994,77.63150790718255,1434.0,651.0,783.0,20.0,20.0,53.0,57.0,2.65,2.85,0.23794309563548868,0.10802019195167582,0.12992290368381285,0.25762735439729334,0.25762735439729334,0.6827124891528273,0.734237960032286,2
834,IMG_20231108_093921_834,frontal1,IMG_20231108_093921_834_frontal1.jpg,438.4893455113688,74.7859801438957,1367.0,673.0,694.0,17.0,19.0,57.0,52.0,3.3529411764705883,2.736842105263158,0.24441515719146634,0.12033021272118277,0.12408494447028356,0.2273153332655439,0.25405831364972553,0.7621749409491766,0.6953174899887226,2
835,IMG_20231108_094844_835,frontal1,IMG_20231108_094844_835_frontal1.jpg,309.90849761284665,52.862415591308654,0.0,,,,,,,,,,,,,,,,0
836,IMG_20231108_095818_836,frontal1,IMG_20231108_095818_836_frontal1.jpg,368.8333091710881,62.892249481251966,204.0,,204.0,,10.0,,29.0,,2.9,0.05157460499005465,,0.05157460499005465,,0.15900210411429117,,0.4611061019314444,1
837,IMG_20231108_100732_837,frontal1,IMG_20231108_100732_837_frontal1.jpg,457.2580397136805,77.87143922769933,1105.0,457.0,648.0,15.0,16.0,49.0,54.0,3.2666666666666666,3.375,0.18222412567689714,0.0753632809360561,0.10686084474084104,0.19262518002446796,0.20546685869276585,0.6292422547465953,0.6934506480880847,2
838,IMG_20231108_101055_838,frontal1,IMG_20231108_101055_838_frontal1.jpg,517.603774120681,88.3207884894962,1875.0,856.0,1019.0,15.0,19.0,69.0,66.0,4.6,3.473684210526316,0.2403673064915372,0.10973568765693646,0.13063161883460075,0.16983544029143172,0.2151248910358135,0.7812430253405859,0.7472759372822996,2
839,IMG_20231108_101641_839,frontal1,IMG_20231108_101641_839_frontal1.jpg,540.1651772571397,92.12443723071213,1979.0,1006.0,973.0,19.0,22.0,68.0,64.0,3.5789473684210527,2.909090909090909,0.23318257749571117,0.11853545879771876,0.1146471186979924,0.2062427795614891,0.23880742896593474,0.7381320531674346,0.6947125206281738,2
840,IMG_20231108_101852_840,frontal1,IMG_20231108_101852_840_frontal1.jpg,476.8275814897752,81.33072563771638,1579.0,711.0,868.0,18.0,19.0,51.0,67.0,2.8333333333333335,3.526315789473684,0.23871122186908317,0.1074880802716391,0.13122314159744408,0.22131857128854465,0.2336140474712416,0.6270692853175432,0.823796904240694,2
841,IMG_20231108_102422_841,frontal1,IMG_20231108_102422_841_frontal1.jpg,449.92454415990943,76.75805091096832,391.0,,391.0,,12.0,,48.0,,4.0,0.06636343859804207,,0.06636343859804207,,0.1563353922824174,,0.6253415691296696,1
842,IMG_20231108_102705_842,frontal1,IMG_20231108_102705_842_frontal1.jpg,489.49173479307217,83.38673357138174,1694.0,819.0,875.0,20.0,19.0,59.0,60.0,2.95,3.1578947368421053,0.24362367047328612,0.11778499770815899,0.1258386727651271,0.23984630580210164,0.22785399051199656,0.7075466021161998,0.7195389174063049,2
843,IMG_20231108_104049_843,frontal1,IMG_20231108_104049_843_frontal1.jpg,437.2482048079333,74.58287671493856,858.0,472.0,386.0,16.0,17.0,43.0,43.0,2.6875,2.5294117647058822,0.15424426559506407,0.08485232326441752,0.06939194233064654,0.21452645305105647,0.2279343563667475,0.5765398425747142,0.5765398425747142,2
844,IMG_20231108_105920_844,frontal1,IMG_20231108_105920_844_frontal1.jpg,426.01832382093534,72.69489004240837,611.0,236.0,375.0,10.0,14.0,30.0,37.0,3.0,2.642857142857143,0.11562012705617167,0.04465851061416778,0.07096161644200388,0.13756125078621415,0.1925857511006998,0.41268375235864246,0.5089766279089923,2
845,IMG_20231108_112517_845,frontal1,IMG_20231108_112517_845_frontal1.jpg,343.61731203854765,58.583342185065995,565.0,226.0,339.0,13.0,13.0,28.0,34.0,2.1538461538461537,2.6153846153846154,0.16462665676585028,0.06585066270634012,0.09877599405951017,0.22190608311374127,0.22190608311374127,0.47795156362959657,0.5803697558359387,2
846,IMG_20231108_113009_846,frontal1,IMG_20231108_113009_846_frontal1.jpg,383.0023483136439,65.33894649881384,0.0,,,,,,,,,,,,,,,,0
847,IMG_20231108_114418_847,frontal1,IMG_20231108_114418_847_frontal1.jpg,487.0321785013702,83.11636873483008,1171.0,314.0,857.0,18.0,22.0,26.0,55.0,1.4444444444444444,2.5,0.16950549157159311,0.04545236921731873,0.12405312235427438,0.21656384023977535,0.26468913807083655,0.3128144359018977,0.6617228451770913,2
848,IMG_20231108_115034_848,frontal1,IMG_20231108_115034_848_frontal1.jpg,407.5903869910989,69.49488129094875,637.0,466.0,171.0,14.0,11.0,47.0,25.0,3.357142857142857,2.272727272727273,0.13189665981910406,0.09648955019733516,0.03540710962176891,0.20145368608354478,0.15828503906564234,0.6763088032804718,0.35973872514918714,2
849,IMG_20231108_115439_849,frontal1,IMG_20231108_115439_849_frontal1.jpg,416.4283294803049,71.06321877219195,925.0,468.0,457.0,14.0,14.0,43.0,43.0,3.0714285714285716,3.0714285714285716,0.1831690037239921,0.09267361485711169,0.09049538886688042,0.19700768191882692,0.19700768191882692,0.605095023036397,0.605095023036397,2
850,IMG_20231108_120124_850,frontal1,IMG_20231108_120124_850_frontal1.jpg,466.6343165771645,79.57321257623057,1382.0,710.0,672.0,19.0,15.0,54.0,57.0,2.8421052631578947,3.8,0.21826005435708945,0.11213070809951774,0.10612934625757171,0.23877382079802464,0.1885056479984405,0.6786203327943858,0.7163214623940739,2
851,IMG_20231108_122131_851,frontal1,IMG_20231108_122131_851_frontal1.jpg,409.9705105353078,69.95002848788485,283.0,,283.0,,11.0,,32.0,,2.909090909090909,0.057837650704366826,,0.057837650704366826,,0.15725511822922517,,0.457469434848655,1
852,IMG_20231108_123322_852,frontal1,IMG_20231108_123322_852_frontal1.jpg,470.4496178670228,80.27890794986294,1495.0,1002.0,493.0,21.0,12.0,72.0,57.0,3.4285714285714284,4.75,0.23197344946775678,0.15547651930882428,0.0764969301589325,0.26158801279553096,0.14947886445458913,0.8968731867275348,0.7100246061592983,2
853,IMG_20231109_085837_853,frontal1,IMG_20231109_085837_853_frontal1.jpg,383.76596613381713,65.35521812809615,491.0,192.0,299.0,9.0,11.0,34.0,35.0,3.7777777777777777,3.1818181818181817,0.11495317081609244,0.04495113807879786,0.07000203273729458,0.1377089734802814,0.1683109675870106,0.5202338998143964,0.535534896867761,2
854,IMG_20231109_090610_854,frontal1,IMG_20231109_090610_854_frontal1.jpg,463.84232334039257,79.12315200712425,994.0,535.0,459.0,14.0,13.0,52.0,53.0,3.7142857142857144,4.076923076923077,0.15877394101982958,0.08545679924105515,0.07331714177877442,0.1769393615504529,0.16430083572542054,0.6572033429016821,0.6698418687267146,2
855,IMG_20231109_090656_855,frontal1,IMG_20231109_090656_855_frontal1.jpg,368.0709956765349,62.81156631312407,441.0,288.0,153.0,10.0,9.0,44.0,25.0,4.4,2.7777777777777777,0.11177877418643772,0.0729983831421634,0.03878039104427431,0.159206346648779,0.1432857119839011,0.7005079252546276,0.3980158666219475,2
856,IMG_20231109_091059_856,frontal1,IMG_20231109_091059_856_frontal1.jpg,417.9801415179294,71.2248262373592,1331.0,655.0,676.0,18.0,16.0,58.0,51.0,3.2222222222222223,3.1875,0.2623706545115207,0.12911553621716457,0.1332551182943561,0.2527208692656459,0.22464077268057414,0.8143228009670813,0.71604246291933,2
857,IMG_20231109_092553_857,frontal1,IMG_20231109_092553_857_frontal1.jpg,456.0306206954558,77.82453207681642,1453.0,746.0,707.0,15.0,16.0,61.0,59.0,4.066666666666666,3.6875,0.2399012870902503,0.12317024099747194,0.11673104609277836,0.19274128092661455,0.20559069965505553,0.7838145424348992,0.7581157049780173,2
858,IMG_20231109_094713_858,frontal1,IMG_20231109_094713_858_frontal1.jpg,519.5800823019043,88.6632801676149,1620.0,665.0,955.0,17.0,20.0,56.0,64.0,3.2941176470588234,3.2,0.20607600470824053,0.0845929278586296,0.12148307684961092,0.19173664642072888,0.2255725252008575,0.631603070562401,0.721832080642744,2
859,IMG_20231109_101538_859,frontal1,IMG_20231109_101538_859_frontal1.jpg,414.56010211568105,70.72780195701547,863.0,565.0,298.0,17.0,14.0,51.0,31.0,3.0,2.2142857142857144,0.17251643408578587,0.1129452899866385,0.059571144099147384,0.2403580986488408,0.19794196359316302,0.7210742959465224,0.4383000622420038,2
860,IMG_20231109_103249_860,frontal1,IMG_20231109_103249_860_frontal1.jpg,396.4830776064675,67.6571390753823,634.0,,634.0,,19.0,,52.0,,2.736842105263158,0.1385038989067338,,0.1385038989067338,,0.28082771839983595,,0.7685811240416563,1
861,IMG_20231109_103404_861,frontal1,IMG_20231109_103404_861_frontal1.jpg,537.3341575203053,91.69025226125773,1682.0,1034.0,648.0,23.0,16.0,64.0,52.0,2.782608695652174,3.25,0.20006893315063706,0.12299124665740709,0.07707768649322998,0.25084454925988126,0.1745005560068739,0.6980022240274956,0.5671268070223402,2
862,IMG_20231109_104118_862,frontal1,IMG_20231109_104118_862_frontal1.jpg,392.8205774974106,67.04125983014538,738.0,181.0,557.0,11.0,18.0,26.0,44.0,2.3636363636363638,2.4444444444444446,0.16419957474524718,0.04027116941583976,0.12392840532940744,0.16407806219437726,0.2684913744998901,0.387820874277619,0.656312248777509,2
863,IMG_20231109_104216_863,frontal1,IMG_20231109_104216_863_frontal1.jpg,375.3090474251926,64.02442949119603,682.0,313.0,369.0,10.0,12.0,41.0,42.0,4.1,3.5,0.16637686631490453,0.07635771137326264,0.0900191549416419,0.15619038044493774,0.1874284565339253,0.6403805598242448,0.6559995978687385,2
864,IMG_20231109_110402_864,frontal1,IMG_20231109_110402_864_frontal1.jpg,444.8093120494773,75.90870924248227,685.0,282.0,403.0,11.0,14.0,32.0,40.0,2.909090909090909,2.857142857142857,0.11887960627983044,0.04894021747578421,0.06993938880404622,0.14491090824455563,0.18443206503852533,0.4215590058023436,0.5269487572529296,2
865,IMG_20231109_111810_865,frontal1,IMG_20231109_111810_865_frontal1.jpg,413.2615362651995,70.52996859596111,636.0,251.0,385.0,11.0,16.0,36.0,39.0,3.272727272727273,2.4375,0.12785265018675873,0.05045757106427113,0.0773950791224876,0.1559620714283136,0.22685392207754704,0.5104213246744808,0.5529564350640209,2
866,IMG_20231109_112823_866,frontal1,IMG_20231109_112823_866_frontal1.jpg,498.181740472221,85.0055059768639,927.0,390.0,537.0,13.0,15.0,46.0,45.0,3.5384615384615383,3.0,0.12828787772956596,0.05397224629399216,0.07431563143557382,0.1529312701642907,0.17645915788187386,0.5411414175044132,0.5293774736456216,2
867,IMG_20231109_115159_867,frontal1,IMG_20231109_115159_867_frontal1.jpg,564.316658745608,96.30573748283845,1125.0,536.0,589.0,15.0,15.0,50.0,55.0,3.3333333333333335,3.6666666666666665,0.12129648054247011,0.057791034285123534,0.06350544625734657,0.15575396016953796,0.15575396016953796,0.5191798672317932,0.5710978539549726,2
868,IMG_20231109_115710_868,frontal1,IMG_20231109_115710_868_frontal1.jpg,497.05615185368,84.82697836487132,2023.0,1054.0,969.0,20.0,20.0,65.0,61.0,3.25,3.05,0.28114339721858395,0.1464780725004387,0.13466532471814524,0.23577404719018533,0.23577404719018533,0.7662656533681023,0.7191108439300652,2
869,IMG_20231109_120957_869,frontal1,IMG_20231109_120957_869_frontal1.jpg,482.6048532263632,82.28699735189647,1561.0,719.0,842.0,19.0,18.0,59.0,64.0,3.1052631578947367,3.5555555555555554,0.23053691254837608,0.10618580405014888,0.1243511084982272,0.23089917740888508,0.2187465891242069,0.7170027087960116,0.7777656502194024,2
870,IMG_20231109_123540_870,frontal1,IMG_20231109_123540_870_frontal1.jpg,444.3236259451408,75.74317435343285,1439.0,761.0,678.0,19.0,15.0,58.0,61.0,3.0526315789473686,4.066666666666666,0.2508267145175414,0.13264706723269562,0.11817964728484577,0.2508476857774958,0.19803764666644402,0.7657455671102502,0.805353096443539,2
871,IMG_20231109_125243_871,frontal1,IMG_20231109_125243_871_frontal1.jpg,399.8913213108328,68.24689241390243,594.0,268.0,326.0,10.0,12.0,39.0,36.0,3.9,3.0,0.1275324442689083,0.05753989068024819,0.0699925535886601,0.14652681823741062,0.17583218188489277,0.5714545911259015,0.5274965456546783,2
872,IMG_20231109_125405_872,frontal1,IMG_20231109_125405_872_frontal1.jpg,474.38353259673966,80.94339435281535,2130.0,1024.0,1106.0,21.0,21.0,64.0,71.0,3.0476190476190474,3.380952380952381,0.325099856933255,0.15629213779326437,0.16880771913999063,0.25944056544583965,0.25944056544583965,0.7906760089777971,0.8771561974597437,2
873,IMG_20231109_130302_873,frontal1,IMG_20231109_130302_873_frontal1.jpg,454.9267726498529,77.6407302605378,810.0,459.0,351.0,14.0,11.0,43.0,41.0,3.0714285714285716,3.727272727272727,0.13437107628071907,0.07614360989240747,0.0582274663883116,0.18031772695878076,0.14167821403904202,0.5538330185162551,0.5280733432364293,2
874,IMG_20231109_130720_874,frontal1,IMG_20231109_130720_874_frontal1.jpg,557.641437410881,95.15085496560765,1200.0,368.0,832.0,10.0,20.0,49.0,58.0,4.9,2.9,0.13254271309422844,0.04064643201556338,0.09189628107866504,0.10509627058647564,0.21019254117295127,0.5149717258737306,0.6095583694015586,2
875,IMG_20231109_131146_875,frontal1,IMG_20231109_131146_875_frontal1.jpg,350.71809694972285,59.78558960988762,685.0,324.0,361.0,13.0,15.0,35.0,33.0,2.6923076923076925,2.2,0.19164501993024563,0.09064669555824757,0.10099832437199807,0.21744370315367767,0.25089658056193576,0.5854253546445168,0.5519724772362586,2
876,IMG_20231109_131615_876,frontal1,IMG_20231109_131615_876_frontal1.jpg,393.9009111613969,67.2184586991526,1075.0,593.0,482.0,21.0,18.0,45.0,39.0,2.142857142857143,2.1666666666666665,0.2379202263011865,0.13124343646195683,0.10667678983922967,0.3124141851271686,0.2677835872518588,0.669458968129647,0.5801977723790275,2
877,IMG_20231109_131927_877,frontal1,IMG_20231109_131927_877_frontal1.jpg,513.4536031497419,87.62939933407866,1264.0,616.0,648.0,17.0,17.0,47.0,49.0,2.764705882352941,2.8823529411764706,0.16460666059085655,0.08021970168035414,0.08438695891050241,0.19399881922263482,0.19399881922263482,0.5363496766743433,0.5591730671711238,2
878,IMG_20231109_132516_878,frontal1,IMG_20231109_132516_878_frontal1.jpg,358.5444654535299,61.187009702807686,648.0,430.0,218.0,17.0,12.0,37.0,26.0,2.176470588235294,2.1666666666666665,0.173083850297053,0.11485502411687158,0.05822882618018141,0.2778367513393929,0.19612005976898322,0.6047035176210316,0.4249267961661303,2
879,IMG_20231110_084955_879,frontal1,IMG_20231110_084955_879_frontal1.jpg,406.8507523848335,69.34887636322634,1457.0,650.0,807.0,17.0,20.0,52.0,54.0,3.0588235294117645,2.7,0.30295679262013486,0.13515574138852962,0.16780105123160524,0.24513735321333335,0.28839688613333336,0.7498319039466668,0.7786715925600001,2
880,IMG_20231110_092610_880,frontal1,IMG_20231110_092610_880_frontal1.jpg,488.4780654457693,83.2755391936685,2014.0,1067.0,947.0,21.0,19.0,66.0,65.0,3.142857142857143,3.4210526315789473,0.29041868827097767,0.15386134080691816,0.1365573474640595,0.2521748907702857,0.22815823450644898,0.7925496567066123,0.7805413285746939,2
881,IMG_20231110_093746_881,frontal1,IMG_20231110_093746_881_frontal1.jpg,407.2774060946692,69.29329887240488,878.0,440.0,438.0,15.0,14.0,46.0,42.0,3.066666666666667,3.0,0.1828571897515878,0.09163686046776609,0.0912203292838217,0.2164711486405152,0.20203973873114753,0.6638448558309132,0.6061192161934426,2
882,IMG_20231110_094155_882,frontal1,IMG_20231110_094155_882_frontal1.jpg,433.5155488733049,73.98644448970283,1702.0,843.0,859.0,17.0,16.0,64.0,69.0,3.764705882352941,4.3125,0.3109247123542221,0.1540009004198644,0.15692381193435767,0.22977181992258053,0.21625583051536992,0.8650233220614797,0.9326032690975328,2
883,IMG_20231110_100909_883,frontal1,IMG_20231110_100909_883_frontal1.jpg,437.9711811745004,74.74678292354851,885.0,401.0,484.0,14.0,15.0,39.0,43.0,2.7857142857142856,2.8666666666666667,0.15840112425505057,0.07177271279805116,0.0866284114569994,0.1872990308401539,0.20067753304302202,0.5217615859118573,0.5752755947233298,2
884,IMG_20231110_103150_884,frontal1,IMG_20231110_103150_884_frontal1.jpg,520.5776348970802,88.84247075197297,1806.0,1188.0,618.0,23.0,16.0,70.0,61.0,3.0434782608695654,3.8125,0.2288107844361673,0.15051340637329277,0.07829737806287453,0.25888519089265905,0.18009404583837152,0.7879114505428754,0.6866085497587914,2
885,IMG_20231110_103839_885,frontal1,IMG_20231110_103839_885_frontal1.jpg,445.2566374841328,75.98162020620934,1254.0,393.0,861.0,12.0,21.0,47.0,58.0,3.9166666666666665,2.761904761904762,0.21721031047290332,0.0680730877319386,0.14913722274096472,0.15793293124617183,0.2763826296808007,0.6185706473808397,0.7633425010231638,2
886,IMG_20231110_110243_886,frontal1,IMG_20231110_110243_886_frontal1.jpg,447.636107322219,76.33142898285864,1426.0,819.0,607.0,21.0,18.0,54.0,48.0,2.5714285714285716,2.6666666666666665,0.24474438673328425,0.14056497386715275,0.10417941286613151,0.27511603385174227,0.23581374330149338,0.7074412299044802,0.6288366488039824,2
887,IMG_20231110_111318_887,frontal1,IMG_20231110_111318_887_frontal1.jpg,435.7975156268669,74.32885987730651,834.0,455.0,379.0,15.0,13.0,41.0,36.0,2.7333333333333334,2.769230769230769,0.1509562532742513,0.08235622930429777,0.06860002396995353,0.20180586685656507,0.1748984179423564,0.5516027027412779,0.48433408045575616,2
888,IMG_20231110_111608_888,frontal1,IMG_20231110_111608_888_frontal1.jpg,463.9158133831917,79.15519825964473,686.0,317.0,369.0,13.0,16.0,39.0,33.0,3.0,2.0625,0.10948767504554364,0.05059415887673081,0.05889351616881284,0.16423431797059523,0.20213454519457874,0.4927029539117857,0.4169024994638187,2
889,IMG_20231110_112140_889,frontal1,IMG_20231110_112140_889_frontal1.jpg,518.280886138778,88.40646645311234,1827.0,1169.0,658.0,24.0,16.0,70.0,60.0,2.9166666666666665,3.75,0.23376015278021842,0.14957067246856887,0.08418948031164955,0.27147335441495957,0.1809822362766397,0.7917972837102987,0.6786833860373989,2
890,IMG_20231110_112835_890,frontal1,IMG_20231110_112835_890_frontal1.jpg,612.8706326387161,104.59641447373612,3244.0,1982.0,1262.0,34.0,22.0,84.0,78.0,2.4705882352941178,3.5454545454545454,0.29651539782287933,0.18116323011249902,0.11535216771038032,0.32505894366519905,0.21033225766571703,0.8030868019963742,0.7457234589966332,2
891,IMG_20231110_113327_891,frontal1,IMG_20231110_113327_891_frontal1.jpg,479.708388051828,81.85135878976503,882.0,518.0,364.0,12.0,9.0,56.0,49.0,4.666666666666667,5.444444444444445,0.13164876772738782,0.07731753025259284,0.05433123747479497,0.14660721797938583,0.10995541348453937,0.6841670172371339,0.5986461400824922,2
892,IMG_20231110_113621_892,frontal1,IMG_20231110_113621_892_frontal1.jpg,483.5094316169449,82.50573011425936,925.0,525.0,400.0,18.0,16.0,43.0,37.0,2.388888888888889,2.3125,0.13588562276061564,0.07712427237764671,0.058761350382968924,0.21816666521309994,0.1939259246338666,0.5211759224535165,0.44845370071581653,2
893,IMG_20231110_114035_893,frontal1,IMG_20231110_114035_893_frontal1.jpg,423.54759899778793,72.28289545935779,1389.0,674.0,715.0,20.0,20.0,50.0,51.0,2.5,2.55,0.2658466327879791,0.12899973398063205,0.13684689880734704,0.2766906316203855,0.2766906316203855,0.6917265790509637,0.705561110631983,2
894,IMG_20231110_120339_894,frontal1,IMG_20231110_120339_894_frontal1.jpg,500.2962245563437,85.37685616564809,2176.0,1132.0,1044.0,25.0,23.0,70.0,66.0,2.8,2.869565217391304,0.2985235335230268,0.15529808821142754,0.14322544531159925,0.29281940238575926,0.26939385019489853,0.819894326680126,0.7730432222984044,2
895,IMG_20231110_120934_895,frontal1,IMG_20231110_120934_895_frontal1.jpg,512.9725224652022,87.54721342931161,1852.0,1056.0,796.0,25.0,20.0,58.0,54.0,2.32,2.7,0.2416330454921334,0.1377778056369832,0.10385523985515022,0.28556020255499953,0.22844816204399965,0.6624996699275989,0.616810037518799,2
896,IMG_20231110_133948_896,frontal1,IMG_20231110_133948_896_frontal1.jpg,460.7769879208465,78.62770888488338,1434.0,701.0,733.0,17.0,16.0,61.0,60.0,3.588235294117647,3.75,0.23195188660501004,0.1133879166737183,0.11856396993129174,0.21620876712672912,0.2034906043545686,0.7758079291017927,0.7630897663296322,2
897,IMG_20231114_104518_897,frontal1,IMG_20231114_104518_897_frontal1.jpg,454.96038004995313,77.64306212632354,1593.0,748.0,845.0,20.0,16.0,58.0,63.0,2.9,3.9375,0.26424724361576046,0.1240784295195159,0.14016881409624457,0.25758901635616127,0.206071213084929,0.7470081474328677,0.811405401521908,2
898,IMG_20231114_111427_898,frontal1,IMG_20231114_111427_898_frontal1.jpg,586.4859994957098,100.0835117855812,3329.0,1862.0,1467.0,29.0,25.0,80.0,81.0,2.7586206896551726,3.24,0.3323446742720309,0.18588939125699053,0.14645528301504035,0.2897580179053825,0.24979139474601944,0.7993324631872621,0.809324118977103,2
899,IMG_20231114_121151_899,frontal1,IMG_20231114_121151_899_frontal1.jpg,486.36067905037,83.00426007427703,1408.0,759.0,649.0,18.0,16.0,59.0,52.0,3.2777777777777777,3.25,0.20436282139042106,0.11016433340577385,0.0941984879846472,0.21685633946851107,0.19276119063867653,0.7108068904801197,0.6264738695756987,2
900,IMG_20231114_134641_900,frontal1,IMG_20231114_134641_900_frontal1.jpg,609.8885071284304,103.97805431137816,2539.0,1238.0,1301.0,24.0,21.0,77.0,81.0,3.2083333333333335,3.857142857142857,0.23484392379015448,0.11450838032777126,0.1203355434623832,0.23081793710169202,0.2019656949639805,0.7405408815345952,0.7790105377182105,2
901,IMG_20231114_135111_901,frontal1,IMG_20231114_135111_901_frontal1.jpg,449.4585555934892,76.7066065120701,607.0,369.0,238.0,12.0,9.0,36.0,35.0,3.0,3.888888888888889,0.10316280710505962,0.06271346922861121,0.040449337876448416,0.15644024088214295,0.1173301806616072,0.4693207226464288,0.4562840359062502,2
902,IMG_20231115_091837_902,frontal1,IMG_20231115_091837_902_frontal1.jpg,547.8528927072822,93.48621684898322,1154.0,422.0,732.0,15.0,18.0,49.0,56.0,3.2666666666666666,3.111111111111111,0.13204155741682091,0.04828556085779759,0.08375599655902331,0.1604514601786792,0.19254175221441505,0.5241414365836854,0.599018784667069,2
903,IMG_20231115_092104_903,frontal1,IMG_20231115_092104_903_frontal1.jpg,436.032043254089,74.37046580803653,1271.0,729.0,542.0,18.0,16.0,57.0,49.0,3.1666666666666665,3.0625,0.22979710191699598,0.13180337316875695,0.09799372874823904,0.24203156191681277,0.21513916614827802,0.7664332794032405,0.6588636963291015,2
904,IMG_20231115_092607_904,frontal1,IMG_20231115_092607_904_frontal1.jpg,520.5877240199148,88.84458084139806,1550.0,863.0,687.0,19.0,13.0,57.0,63.0,3.0,4.846153846153846,0.19636759116144314,0.10933240720795188,0.08703518395349125,0.21385660014444857,0.14632293694093848,0.6415698004333457,0.7091034636368558,2
905,IMG_20231115_093145_905,frontal1,IMG_20231115_093145_905_frontal1.jpg,407.7051761726183,69.56608980813918,1177.0,679.0,498.0,19.0,16.0,49.0,46.0,2.5789473684210527,2.875,0.24320991539954173,0.14030546521349943,0.1029044501860423,0.2731215747845154,0.22999711560801298,0.7043661665495398,0.6612417073730372,2
906,IMG_20231115_095858_906,frontal1,IMG_20231115_095858_906_frontal1.jpg,481.2906507203223,82.02218156217627,1686.0,849.0,837.0,17.0,20.0,63.0,55.0,3.7058823529411766,2.75,0.2506080042924827,0.12619584557788718,0.12441215871459549,0.2072610076472214,0.24383647958496638,0.7680849106926441,0.6705503188586576,2
907,IMG_20231115_103417_907,frontal1,IMG_20231115_103417_907_frontal1.jpg,463.19130316716416,79.0434520557037,1102.0,551.0,551.0,12.0,15.0,59.0,53.0,4.916666666666667,3.533333333333333,0.17638018620014742,0.08819009310007371,0.08819009310007371,0.15181523184922807,0.1897690398115351,0.7464248899253714,0.6705172740007573,2
908,IMG_20231115_103825_908,frontal1,IMG_20231115_103825_908_frontal1.jpg,422.7294276831368,72.12104344181566,1497.0,609.0,888.0,15.0,20.0,54.0,56.0,3.6,2.8,0.2878046440415337,0.11708285118322914,0.17072179285830455,0.2079836797161898,0.27731157295491976,0.7487412469782834,0.7764724042737753,2
909,IMG_20231115_104258_909,frontal1,IMG_20231115_104258_909_frontal1.jpg,575.0677784351485,98.14435863752274,3760.0,2283.0,1477.0,34.0,27.0,87.0,77.0,2.5588235294117645,2.8518518518518516,0.3903526772462019,0.23701467078539332,0.15333800646080856,0.34642846998035254,0.2751049614549858,0.8864493202438433,0.7845585937790337,2
910,IMG_20231115_110219_910,frontal1,IMG_20231115_110219_910_frontal1.jpg,495.18191626040925,84.51006585888665,2021.0,1159.0,862.0,25.0,20.0,63.0,62.0,2.52,3.1,0.2829758891511046,0.16228058165568046,0.12069530749542412,0.2958227489935287,0.23665819919482292,0.7454733274636922,0.733640417503951,2
911,IMG_20231115_111248_911,frontal1,IMG_20231115_111248_911_frontal1.jpg,524.5885450091225,89.52977465101502,2345.0,1462.0,883.0,27.0,20.0,72.0,65.0,2.6666666666666665,3.25,0.29255522861342265,0.18239477366005283,0.1101604549533698,0.30157565017052007,0.22338937049668153,0.8042017337880535,0.726015454114215,2
912,IMG_20231115_113007_912,frontal1,IMG_20231115_113007_912_frontal1.jpg,434.2036855440315,74.0216294689604,1588.0,718.0,870.0,20.0,19.0,51.0,54.0,2.55,2.8421052631578947,0.2898232456943269,0.13104098892224603,0.15878225677208085,0.270191296023639,0.2566817312224571,0.6889878048602794,0.7295164992638253,2
913,IMG_20231115_113709_913,frontal1,IMG_20231115_113709_913_frontal1.jpg,351.4256653441432,59.97204400128769,325.0,,325.0,,13.0,,37.0,,2.8461538461538463,0.0903619634585541,,0.0903619634585541,,0.2167676659431663,,0.6169541261459348,1
914,IMG_20231115_115032_914,frontal1,IMG_20231115_115032_914_frontal1.jpg,422.6490482984565,72.0429103941431,1213.0,791.0,422.0,20.0,11.0,55.0,47.0,2.75,4.2727272727272725,0.23371054197847319,0.15240316463724013,0.08130737734123304,0.2776123270226177,0.15268677986243973,0.7634338993121986,0.6523889685031516,2
915,IMG_20231115_115341_915,frontal1,IMG_20231115_115341_915_frontal1.jpg,480.41230833718174,81.98983516551685,1285.0,577.0,708.0,16.0,19.0,49.0,52.0,3.0625,2.736842105263158,0.1911538727000953,0.08583329536805835,0.10532057733203694,0.19514614180770123,0.2317360433966452,0.597635059286085,0.634224960875029,2
916,IMG_20231115_123000_916,frontal1,IMG_20231115_123000_916_frontal1.jpg,488.4089629506884,83.30717718734469,1124.0,584.0,540.0,18.0,17.0,46.0,42.0,2.5555555555555554,2.4705882352941178,0.16195765255656325,0.08414881591906845,0.0778088366374948,0.21606781801669792,0.20406405034910358,0.5521733127093391,0.5041582420389618,2
917,IMG_20231115_125053_917,frontal1,IMG_20231115_125053_917_frontal1.jpg,457.8262862641761,78.1341686159714,441.0,,441.0,,13.0,,54.0,,4.153846153846154,0.07223648390543992,,0.07223648390543992,,0.16638047387302296,,0.6911188914725569,1
918,IMG_20231115_125912_918,frontal1,IMG_20231115_125912_918_frontal1.jpg,563.0050581506848,95.98142149409287,1292.0,701.0,591.0,14.0,16.0,66.0,57.0,4.714285714285714,3.5625,0.1402452492028486,0.07609281709844957,0.064152432104399,0.1458615613529085,0.1666989272604669,0.6876330749494259,0.5938649283654133,2
919,IMG_20231115_131135_919,frontal1,IMG_20231115_131135_919_frontal1.jpg,415.8456849284053,70.8784407442519,289.0,289.0,,12.0,,36.0,,3.0,,0.05752670944530464,0.05752670944530464,,0.169303950171522,,0.507911850514566,,1
920,IMG_20231115_093602906_920,frontal1,IMG_20231115_093602906_920_frontal1.jpg,436.9630526190699,74.5080887720787,1509.0,942.0,567.0,18.0,14.0,72.0,57.0,4.0,4.071428571428571,0.2718206164872415,0.16968523573955033,0.10213538074769113,0.24158450842917548,0.18789906211158092,0.9663380337167019,0.7650176100257223,2
921,IMG_20231116_090858_921,frontal1,IMG_20231116_090858_921_frontal1.jpg,453.2665515786819,77.35414995743791,1479.0,681.0,798.0,16.0,20.0,55.0,54.0,3.4375,2.7,0.24717294830530034,0.11380985652191315,0.1333630917833872,0.20684087419748753,0.2585510927468594,0.7110155050538634,0.6980879504165204,2
922,IMG_20231116_091615_922,frontal1,IMG_20231116_091615_922_frontal1.jpg,467.57489988352665,79.77817952454858,1444.0,631.0,813.0,24.0,22.0,45.0,52.0,1.875,2.3636363636363638,0.22688142935903682,0.09914278526700293,0.1277386440920339,0.30083413964861094,0.2757646280112267,0.5640640118411455,0.6518073025719904,2
923,IMG_20231116_092052_923,frontal1,IMG_20231116_092052_923_frontal1.jpg,549.7391552236174,93.80136147627722,1833.0,1041.0,792.0,23.0,22.0,66.0,55.0,2.869565217391304,2.5,0.2083263385747049,0.1183129942478275,0.09001334432687741,0.24519899965222575,0.23453817358038984,0.7036145207411695,0.5863454339509746,2
924,IMG_20231116_092420_924,frontal1,IMG_20231116_092420_924_frontal1.jpg,478.3603450486944,81.62908556200676,1160.0,490.0,670.0,15.0,19.0,45.0,49.0,3.0,2.5789473684210527,0.17408771558335245,0.07353705227227819,0.10055066331107426,0.18375803056872123,0.23276017205371355,0.5512740917061637,0.600276233191156,2
925,IMG_20231116_093618_925,frontal1,IMG_20231116_093618_925_frontal1.jpg,506.548810272057,86.21762383491027,2131.0,808.0,1323.0,18.0,42.0,63.0,61.0,3.5,1.4523809523809523,0.2866760096510567,0.1086974264655344,0.17797858318552232,0.20877402089468908,0.4871393820876079,0.7307090731314118,0.7075119596986685,2
926,IMG_20231116_094638_926,frontal1,IMG_20231116_094638_926_frontal1.jpg,481.3282334707728,82.13946806576534,1382.0,596.0,786.0,16.0,16.0,50.0,63.0,3.125,3.9375,0.20483504940338587,0.0883369677600709,0.11649808164331497,0.19479064543234595,0.19479064543234595,0.6087207669760811,0.7669881663898622,2
927,IMG_20231116_095211_927,frontal1,IMG_20231116_095211_927_frontal1.jpg,474.3764334601266,80.95615527732288,1104.0,507.0,597.0,14.0,16.0,49.0,49.0,3.5,3.0625,0.16844934396780023,0.07735853024608216,0.09109081372171805,0.17293311363467906,0.1976378441539189,0.6052658977213767,0.6052658977213767,2
928,IMG_20231116_095504_928,frontal1,IMG_20231116_095504_928_frontal1.jpg,434.300202511768,74.12056430654732,1572.0,816.0,756.0,18.0,16.0,61.0,60.0,3.388888888888889,3.75,0.28613771684671746,0.14852950187463196,0.13760821497208547,0.24284758445113455,0.2158645195121196,0.822983480639956,0.8094919481704484,2
929,IMG_20231116_101603_929,frontal1,IMG_20231116_101603_929_frontal1.jpg,415.7232321836901,70.94940641396678,1067.0,548.0,519.0,17.0,15.0,60.0,52.0,3.5294117647058822,3.466666666666667,0.21196633304269835,0.10886368369953017,0.10310264934316818,0.23960736050151726,0.21141825926604463,0.8456730370641785,0.7329166321222881,2
930,IMG_20231116_102555_930,frontal1,IMG_20231116_102555_930_frontal1.jpg,453.2235233696377,77.29625705438907,941.0,432.0,509.0,13.0,17.0,46.0,42.0,3.5384615384615383,2.4705882352941178,0.15749714825514505,0.07230474818939708,0.08519240006574796,0.1681840815507098,0.21993302972015896,0.5951129039486655,0.5433639557792163,2
931,IMG_20231116_102923_931,frontal1,IMG_20231116_102923_931_frontal1.jpg,374.4532437434791,63.90287100479397,393.0,,393.0,,17.0,,34.0,,2.0,0.0962391568577218,,0.0962391568577218,,0.2660287359972397,,0.5320574719944794,1
932,IMG_20231116_103439_932,frontal1,IMG_20231116_103439_932_frontal1.jpg,462.4719624473914,78.92064912849042,1018.0,297.0,721.0,12.0,18.0,37.0,56.0,3.0833333333333335,3.111111111111111,0.16344305848965096,0.04768427148470171,0.11575878700494927,0.15205146096128586,0.22807719144192878,0.4688253379639647,0.7095734844860007,2
933,IMG_20231116_104822_933,frontal1,IMG_20231116_104822_933_frontal1.jpg,391.4400695219752,66.77838150182225,806.0,438.0,368.0,15.0,16.0,38.0,32.0,2.533333333333333,2.0,0.18074373975051763,0.0982205434376262,0.08252319631289143,0.2246235931847297,0.239598499397045,0.5690464360679819,0.47919699879409,2
934,IMG_20231116_104929_934,frontal1,IMG_20231116_104929_934_frontal1.jpg,379.98997296666016,64.81450601927355,630.0,284.0,346.0,12.0,15.0,30.0,32.0,2.5,2.1333333333333333,0.14996714325145274,0.06760423600541679,0.08236290724603595,0.18514373921837224,0.2314296740229653,0.4628593480459306,0.4937166379156593,2
935,IMG_20231116_110326_935,frontal1,IMG_20231116_110326_935_frontal1.jpg,523.7076809289696,89.36370961262355,1995.0,1061.0,934.0,21.0,16.0,70.0,70.0,3.3333333333333335,4.375,0.24981615672993432,0.13285962019571945,0.11695653653421487,0.23499472091111057,0.17904359688465568,0.7833157363703686,0.7833157363703686,2
936,IMG_20231116_111811_936,frontal1,IMG_20231116_111811_936_frontal1.jpg,472.04440465017706,80.55991332620637,1444.0,566.0,878.0,16.0,20.0,49.0,61.0,3.0625,3.05,0.2224995887739936,0.0872124426911914,0.1352871460828022,0.19860994555955108,0.24826243194943884,0.6082429582761252,0.7572004174457885,2
937,IMG_20231116_112321_937,frontal1,IMG_20231116_112321_937_frontal1.jpg,403.7722930978215,68.90873135216013,1152.0,472.0,680.0,14.0,19.0,44.0,48.0,3.142857142857143,2.526315789473684,0.24260735908094824,0.09940162629011073,0.1432057327908375,0.2031672870082687,0.27572703236836466,0.6385257591688445,0.6965735554569212,2
938,IMG_20231116_114321_938,frontal1,IMG_20231116_114321_938_frontal1.jpg,457.3346999307763,77.9864751648656,1079.0,522.0,557.0,14.0,16.0,52.0,48.0,3.7142857142857144,3.0,0.17741194681974545,0.08582857853559511,0.09158336828415034,0.17951830712189015,0.20516377956787446,0.666782283595592,0.6154913387036234,2
939,IMG_20231116_115038_939,frontal1,IMG_20231116_115038_939_frontal1.jpg,388.1510886261573,66.15637217752922,0.0,,,,,,,,,,,,,,,,0
940,IMG_20231116_115545_940,frontal1,IMG_20231116_115545_940_frontal1.jpg,546.8336585642487,93.32500309615249,1724.0,976.0,748.0,21.0,20.0,58.0,59.0,2.761904761904762,2.95,0.19794349560848845,0.1120608188595619,0.08588267674892654,0.22502008361428888,0.21430484153741797,0.6214840404585121,0.632199282535383,2
941,IMG_20231116_120422_941,frontal1,IMG_20231116_120422_941_frontal1.jpg,527.3278081500536,89.98211571094086,1842.0,1101.0,741.0,23.0,16.0,67.0,64.0,2.9130434782608696,4.0,0.22749781257167778,0.13597996288893444,0.09151784968274335,0.25560634819796135,0.17781311178988618,0.7445924056201484,0.7112524471595447,2
942,IMG_20231116_120525_942,frontal1,IMG_20231116_120525_942_frontal1.jpg,459.7093217033846,78.44440355381333,861.0,363.0,498.0,14.0,14.0,37.0,46.0,2.642857142857143,3.2857142857142856,0.13991981459536088,0.05899058385379326,0.0809292307415676,0.17847034798850775,0.17847034798850775,0.47167163396962763,0.5864025719622398,2
943,IMG_20231116_121141_943,frontal1,IMG_20231116_121141_943_frontal1.jpg,440.80911282357465,75.19268576060604,1699.0,886.0,813.0,22.0,19.0,53.0,54.0,2.409090909090909,2.8421052631578947,0.3004984139265834,0.15670488213004877,0.1437935317965346,0.2925816490987206,0.2526841514943496,0.7048557910105542,0.7181549568786778,2
944,IMG_20231116_121238_944,frontal1,IMG_20231116_121238_944_frontal1.jpg,431.34637970431527,73.49259120149243,916.0,446.0,470.0,13.0,14.0,45.0,43.0,3.4615384615384617,3.0714285714285716,0.16959316830727597,0.08257483959066057,0.0870183287166154,0.17688857866445734,0.19049539240787713,0.6123066184538908,0.5850929909670513,2
945,IMG_20231116_121620_945,frontal1,IMG_20231116_121620_945_frontal1.jpg,452.8533229932319,77.24970361832668,1554.0,751.0,803.0,18.0,19.0,56.0,57.0,3.111111111111111,3.0,0.26040982803202567,0.1258479928262878,0.13456183520573783,0.23301060271938298,0.24595563620379315,0.7249218751269693,0.7378669086113795,2
946,IMG_20231116_123231_946,frontal1,IMG_20231116_123231_946_frontal1.jpg,440.4940645612642,75.17754879691343,1487.0,577.0,910.0,14.0,18.0,55.0,71.0,3.9285714285714284,3.9444444444444446,0.2631083591095411,0.10209382865245811,0.161014530457083,0.18622581108383784,0.23943318567922006,0.7316014006865058,0.9444308990680347,2
947,IMG_20231116_123320_947,frontal1,IMG_20231116_123320_947_frontal1.jpg,390.7889977494463,66.67579379280266,845.0,375.0,470.0,14.0,16.0,39.0,40.0,2.7857142857142856,2.5,0.19007295184317277,0.08435190170555004,0.10572105013762273,0.20997125348826717,0.23996714684373394,0.5849199204316015,0.5999178671093348,2
948,IMG_20231116_123845_948,frontal1,IMG_20231116_123845_948_frontal1.jpg,543.6178550524328,92.69307030591632,1521.0,733.0,788.0,23.0,16.0,46.0,64.0,2.0,4.0,0.17702503082206975,0.08531186560984688,0.09171316521222285,0.2481307386204034,0.1726126877359328,0.4962614772408068,0.6904507509437312,2
949,IMG_20231116_124754_949,frontal1,IMG_20231116_124754_949_frontal1.jpg,490.7404453369666,83.69635067919631,625.0,186.0,439.0,10.0,11.0,30.0,52.0,3.0,4.7272727272727275,0.0892209766028059,0.026552162636995037,0.06266881396581087,0.119479522331021,0.1314274745641231,0.358438566993063,0.6212935161213091,2
950,IMG_20231116_131014_950,frontal1,IMG_20231116_131014_950_frontal1.jpg,374.6024110150856,63.837373165967875,793.0,426.0,367.0,15.0,13.0,43.0,39.0,2.8666666666666667,3.0,0.1945911888232545,0.10453448479029813,0.09005670403295636,0.23497207444614276,0.2036424645199904,0.6735866134122759,0.6109273935599712,2
951,IMG_20231116_132650_951,frontal1,IMG_20231116_132650_951_frontal1.jpg,441.52434392710455,75.33894216300243,2044.0,864.0,1180.0,19.0,23.0,58.0,74.0,3.0526315789473686,3.217391304347826,0.3601155339699059,0.15222104762720093,0.207894486342705,0.2521936126856126,0.305287004829952,0.7698541860929226,0.9822277546702805,2
952,IMG_20231117_090716_952,frontal1,IMG_20231117_090716_952_frontal1.jpg,517.2512455393088,88.26685725090285,2009.0,913.0,1096.0,20.0,25.0,60.0,65.0,3.0,2.6,0.2578603745820512,0.11718592433718901,0.14067445024486216,0.22658561347832998,0.2832320168479125,0.67975684043499,0.7364032438045724,2
953,IMG_20231117_091300_953,frontal1,IMG_20231117_091300_953_frontal1.jpg,360.5064829506729,61.503449057749556,660.0,214.0,446.0,10.0,16.0,29.0,40.0,2.9,2.5,0.17447973499120614,0.05657373225472442,0.11790600273648173,0.16259250746426196,0.2601480119428191,0.4715182716463597,0.6503700298570478,2
954,IMG_20231117_091820_954,frontal1,IMG_20231117_091820_954_frontal1.jpg,456.4186744873616,77.88812121889895,1515.0,644.0,871.0,16.0,21.0,56.0,58.0,3.5,2.761904761904762,0.24972968916365132,0.10615572265438379,0.14357396650926751,0.20542285202942762,0.2696174932886238,0.7189799821029967,0.7446578386066751,2
955,IMG_20231117_092356_955,frontal1,IMG_20231117_092356_955_frontal1.jpg,378.2174272576701,64.44262760452743,786.0,350.0,436.0,14.0,15.0,41.0,39.0,2.9285714285714284,2.6,0.1892675087375152,0.08427942501034391,0.10498808372717128,0.21724750402661153,0.2327651828856552,0.6362248332207909,0.6051894755027035,2
956,IMG_20231117_093002_956,frontal1,IMG_20231117_093002_956_frontal1.jpg,406.80807945254446,69.42658057775145,266.0,,266.0,,12.0,,37.0,,3.0833333333333335,0.05518614848260225,,0.05518614848260225,,0.17284446245427704,,0.5329370925673542,1
957,IMG_20231117_093434_957,frontal1,IMG_20231117_093434_957_frontal1.jpg,402.12794594461366,68.62657218660539,1623.0,798.0,825.0,20.0,22.0,56.0,56.0,2.8,2.5454545454545454,0.3446147849054063,0.1694409108777044,0.17517387402770193,0.2914323033010765,0.32057553363118413,0.8160104492430141,0.8160104492430141,2
958,IMG_20231117_094147_958,frontal1,IMG_20231117_094147_958_frontal1.jpg,384.31674480489096,65.56773220685567,797.0,318.0,479.0,14.0,16.0,37.0,40.0,2.642857142857143,2.5,0.1853864531230239,0.07396849698007729,0.11141795614294661,0.2135196617115298,0.24402247052746265,0.5643019630947573,0.6100561763186566,2
959,IMG_20231117_095902_959,frontal1,IMG_20231117_095902_959_frontal1.jpg,471.4546800895395,80.3429882741264,1240.0,519.0,721.0,13.0,16.0,55.0,62.0,4.230769230769231,3.875,0.19209927398539,0.0804028412890463,0.1116964326963437,0.1618062792940266,0.19914618990034044,0.6845650277824202,0.7716914858638192,2
960,IMG_20231117_100204_960,frontal1,IMG_20231117_100204_960_frontal1.jpg,466.1636400172155,79.44465145460093,1164.0,447.0,717.0,14.0,20.0,46.0,53.0,3.2857142857142856,2.65,0.18442663924120958,0.07082363207974285,0.11360300716146672,0.17622331703475816,0.25174759576394024,0.5790194702570625,0.6671311287744416,2
961,IMG_20231117_101311_961,frontal1,IMG_20231117_101311_961_frontal1.jpg,521.2365514901495,88.94377302166312,2288.0,1058.0,1230.0,22.0,26.0,65.0,69.0,2.9545454545454546,2.6538461538461537,0.28921773678358853,0.13373792199171183,0.1554798147918767,0.24734727629152506,0.29231950834452963,0.730798770861324,0.7757710029143285,2
962,IMG_20231117_101749_962,frontal1,IMG_20231117_101749_962_frontal1.jpg,422.2790138639911,71.99572147632286,836.0,245.0,591.0,10.0,18.0,30.0,48.0,3.0,2.6666666666666665,0.16128459986199395,0.04726641981601497,0.11401818004597897,0.1388971427043576,0.2500148568678437,0.41669142811307286,0.6667062849809166,2
963,IMG_20231117_103511_963,frontal1,IMG_20231117_103511_963_frontal1.jpg,436.6811147631026,74.52369537973365,1881.0,929.0,952.0,21.0,21.0,63.0,65.0,3.0,3.0952380952380953,0.3386881732264127,0.16727342526705868,0.171414747959354,0.2817895689819864,0.2817895689819864,0.8453687069459593,0.8722058087537675,2
964,IMG_20231117_103617_964,frontal1,IMG_20231117_103617_964_frontal1.jpg,440.66172215007566,75.1952938578818,731.0,353.0,378.0,10.0,12.0,46.0,44.0,4.6,3.6666666666666665,0.12928140260748874,0.06243000700471071,0.06685139560277803,0.13298704595662436,0.15958445514794925,0.6117404114004721,0.5851430022091472,2
965,IMG_20231117_104502_965,frontal1,IMG_20231117_104502_965_frontal1.jpg,397.1882891690837,67.7588053910438,1211.0,630.0,581.0,16.0,16.0,54.0,48.0,3.375,3.0,0.2637622639671913,0.13721736275749838,0.12654490120969294,0.23613167185670078,0.23613167185670078,0.7969443925163651,0.7083950155701023,2
966,IMG_20231117_104737_966,frontal1,IMG_20231117_104737_966_frontal1.jpg,486.90743826209416,83.04664967958637,1049.0,483.0,566.0,12.0,16.0,52.0,51.0,4.333333333333333,3.1875,0.15210071481552082,0.07003302693603103,0.08206768787948979,0.14449709947720757,0.19266279930294344,0.6261540977345662,0.6141126727781322,2
967,IMG_20231117_105435_967,frontal1,IMG_20231117_105435_967_frontal1.jpg,474.943235229718,80.97277314967111,1335.0,500.0,835.0,14.0,21.0,52.0,59.0,3.7142857142857144,2.8095238095238093,0.20361193878539116,0.07625915310314275,0.1273527856822484,0.17289762293459088,0.2593464344018863,0.642191170899909,0.7286399823672044,2
968,IMG_20231117_110019_968,frontal1,IMG_20231117_110019_968_frontal1.jpg,446.2480789231921,76.03849020893095,663.0,350.0,313.0,12.0,13.0,43.0,34.0,3.5833333333333335,2.6153846153846154,0.11466914074825744,0.06053423719742097,0.054134903550836465,0.15781481151226967,0.1709660458049588,0.565503074585633,0.4471419659514307,2
969,IMG_20231117_110137_969,frontal1,IMG_20231117_110137_969_frontal1.jpg,422.742723317385,72.14704122490829,1169.0,708.0,461.0,19.0,14.0,50.0,49.0,2.6315789473684212,3.5,0.22458330087400658,0.1360179444129997,0.08856535646100687,0.26335106301546257,0.194048151695604,0.6930291131985857,0.679168530934614,2
970,IMG_20231117_110959_970,frontal1,IMG_20231117_110959_970_frontal1.jpg,538.9484418661335,91.92871402472865,1396.0,643.0,753.0,15.0,18.0,56.0,57.0,3.7333333333333334,3.1666666666666665,0.16518973197167466,0.0760866745399619,0.08910305743171276,0.16316991006710949,0.1958038920805314,0.609167664250542,0.620045658255016,2
971,IMG_20231117_111746_971,frontal1,IMG_20231117_111746_971_frontal1.jpg,540.5011994490444,92.24418567834776,1865.0,827.0,1038.0,17.0,21.0,72.0,74.0,4.235294117647059,3.5238095238095237,0.2191799550484205,0.09719132591155161,0.12198862913686889,0.18429345844385686,0.22765662513652907,0.7805370004680997,0.8022185838144358,2
972,IMG_20231117_112316_972,frontal1,IMG_20231117_112316_972_frontal1.jpg,465.0301585186328,79.28083516940589,1682.0,848.0,834.0,22.0,20.0,52.0,58.0,2.3636363636363638,2.9,0.26760212541438244,0.13491474574993834,0.13268737966444408,0.27749455404942175,0.25226777640856524,0.6558962186622697,0.7315765515848391,2
973,IMG_20231117_113243_973,frontal1,IMG_20231117_113243_973_frontal1.jpg,381.18548672080846,64.77601983858773,765.0,372.0,393.0,14.0,15.0,43.0,39.0,3.0714285714285716,2.6,0.18231941412925126,0.08865728373343984,0.09366213039581144,0.21612936446058173,0.23156717620776615,0.6638259051289296,0.602074658140192,2
974,IMG_20231117_115029_974,frontal1,IMG_20231117_115029_974_frontal1.jpg,417.87899439875935,71.22342465516611,1045.0,454.0,591.0,15.0,17.0,43.0,48.0,2.8666666666666667,2.823529411764706,0.20600159651440628,0.08949734432300521,0.11650425219140106,0.21060486872996764,0.23868551789396333,0.6037339570259073,0.6739355799358965,2
975,IMG_20231117_120109_975,frontal1,IMG_20231117_120109_975_frontal1.jpg,397.5153492816502,67.53698547801443,788.0,410.0,378.0,14.0,14.0,43.0,39.0,3.0714285714285716,2.7857142857142856,0.17275987200151732,0.08988775066068795,0.08287212134082937,0.20729382427880902,0.20729382427880902,0.6366881745706278,0.5774613676338252,2
976,IMG_20231117_120718_976,frontal1,IMG_20231117_120718_976_frontal1.jpg,424.3430076830463,72.40788883161449,1319.0,795.0,524.0,20.0,18.0,55.0,42.0,2.75,2.3333333333333335,0.25157821148688475,0.15163356947086687,0.09994464201601791,0.27621299726760806,0.24859169754084726,0.7595857424859221,0.5800472942619769,2
977,IMG_20231117_121038_977,frontal1,IMG_20231117_121038_977_frontal1.jpg,476.4351889651472,81.19259382802021,1547.0,654.0,893.0,18.0,22.0,60.0,61.0,3.3333333333333335,2.772727272727273,0.2346699506334357,0.09920759386830444,0.13546235676513127,0.22169509743865404,0.2709606746472438,0.7389836581288468,0.7513000524309942,2
978,IMG_20231117_123021_978,frontal1,IMG_20231117_123021_978_frontal1.jpg,494.2290594571829,84.31720819368313,1823.0,954.0,869.0,19.0,17.0,65.0,68.0,3.4210526315789473,4.0,0.2564213793795426,0.13418869771151049,0.1222326816680321,0.2253395292258199,0.20161957878099673,0.7708983894567523,0.8064783151239869,2
979,IMG_20231117_124200_979,frontal1,IMG_20231117_124200_979_frontal1.jpg,402.7729115215936,68.73094043970414,799.0,439.0,360.0,14.0,13.0,42.0,41.0,3.0,3.1538461538461537,0.1691383955637551,0.09293085813828346,0.07620753742547162,0.20369283339403502,0.18914334529446108,0.6110785001821051,0.5965290120825312,2
980,IMG_20231117_124312_980,frontal1,IMG_20231117_124312_980_frontal1.jpg,480.9796771205626,82.03535815071955,1568.0,996.0,572.0,21.0,17.0,66.0,52.0,3.142857142857143,3.0588235294117645,0.232993551524309,0.14799845492232894,0.08499509660198007,0.25598718008176097,0.20722771720904457,0.8045311373998201,0.6338730173453129,2
981,IMG_20231117_130300_981,frontal1,IMG_20231117_130300_981_frontal1.jpg,421.8072272217914,71.96969800717291,1491.0,752.0,739.0,19.0,17.0,55.0,57.0,2.8947368421052633,3.3529411764705883,0.28785798616062597,0.1451839071715565,0.14267407898906947,0.2639999961943199,0.23621052291070727,0.764210515299347,0.7919999885829597,2
982,IMG_20231117_131526_982,frontal1,IMG_20231117_131526_982_frontal1.jpg,386.2576793458952,65.85411013979375,1120.0,706.0,414.0,19.0,15.0,52.0,41.0,2.736842105263158,2.7333333333333334,0.25825708890113214,0.1627942006823208,0.09546288821881135,0.2885165399648889,0.2277762157617544,0.7896242146407486,0.6225883230821287,2
983,IMG_20231117_132903_983,frontal1,IMG_20231117_132903_983_frontal1.jpg,478.4561544687984,81.60078256943456,1905.0,982.0,923.0,22.0,21.0,61.0,62.0,2.772727272727273,2.9523809523809526,0.2860924075833297,0.14747650616631483,0.13861590141701485,0.26960525753879966,0.25735047310521786,0.7475418504484901,0.7597966348820718,2
984,IMG_20231120_085910_984,frontal1,IMG_20231120_085910_984_frontal1.jpg,382.8487005816621,65.31776519048073,1116.0,541.0,575.0,15.0,15.0,51.0,53.0,3.4,3.533333333333333,0.2615782080077037,0.1268044897241646,0.1347737182835391,0.22964655873110104,0.22964655873110104,0.7807982996857435,0.8114178408498903,2
985,IMG_20231120_090411_985,frontal1,IMG_20231120_090411_985_frontal1.jpg,333.62249774861306,56.91854747547444,439.0,185.0,254.0,10.0,11.0,35.0,33.0,3.5,3.0,0.1355054937352557,0.057103681870210254,0.07840181186504544,0.17568965554345686,0.19325862109780254,0.614913794402099,0.5797758632934076,2
986,IMG_20231120_090938_986,frontal1,IMG_20231120_090938_986_frontal1.jpg,359.2439197365334,60.521632827380735,542.0,335.0,207.0,15.0,11.0,37.0,27.0,2.466666666666667,2.4545454545454546,0.14797147865210666,0.09145838625176335,0.05651309240034332,0.24784526291256662,0.18175319280254884,0.6113516485176643,0.4461214732426199,2
987,IMG_20231120_091700_987,frontal1,IMG_20231120_091700_987_frontal1.jpg,417.6372556862361,71.26618742649002,1110.0,483.0,627.0,18.0,18.0,44.0,52.0,2.4444444444444446,2.888888888888889,0.21855257483763849,0.09509990418610756,0.12345267065153093,0.2525741961230454,0.2525741961230454,0.6174035905229998,0.7296587887999089,2
988,IMG_20231120_092247_988,frontal1,IMG_20231120_092247_988_frontal1.jpg,378.3488558915984,64.56878562066402,501.0,161.0,340.0,9.0,14.0,24.0,35.0,2.6666666666666665,2.5,0.12016901155440508,0.03861718734582679,0.0815518242085783,0.13938623614317627,0.21682303400049643,0.3716966297151368,0.5420575850012411,2
989,IMG_20231120_092727_989,frontal1,IMG_20231120_092727_989_frontal1.jpg,410.3336806667788,70.00996754688252,757.0,396.0,361.0,10.0,12.0,47.0,43.0,4.7,3.5833333333333335,0.1544458086200305,0.08079331600202387,0.0736524926180066,0.14283680382087666,0.17140416458505198,0.6713329779581203,0.6141982564297697,2
990,IMG_20231120_093439_990,frontal1,IMG_20231120_093439_990_frontal1.jpg,456.9863998921758,77.95212863537138,1725.0,857.0,868.0,18.0,18.0,65.0,67.0,3.611111111111111,3.7222222222222223,0.2838789181708461,0.14103433789705225,0.14284458027379388,0.2309109490030316,0.2309109490030316,0.8338450936220585,0.8595018657335065,2
991,IMG_20231120_093816_991,frontal1,IMG_20231120_093816_991_frontal1.jpg,482.395385001692,82.29123878549046,1338.0,695.0,643.0,18.0,17.0,55.0,51.0,3.0555555555555554,3.0,0.197582698811844,0.1026307740465109,0.09495192476533311,0.2187353145444901,0.20658335262535177,0.6683579055526087,0.6197500578760553,2
992,IMG_20231120_094926_992,frontal1,IMG_20231120_094926_992_frontal1.jpg,373.5485481160399,63.721488103140324,990.0,491.0,499.0,15.0,15.0,44.0,44.0,2.933333333333333,2.933333333333333,0.24381665892493515,0.12092321164862944,0.12289344727630569,0.23539939895504056,0.23539939895504056,0.6905049036014523,0.6905049036014523,2
993,IMG_20231120_101251_993,frontal1,IMG_20231120_101251_993_frontal1.jpg,430.1591514007089,73.41322993073298,1356.0,641.0,715.0,19.0,16.0,50.0,59.0,2.6315789473684212,3.6875,0.251600225263499,0.11893491474476613,0.13266531051873287,0.25880893699850727,0.21794436799874295,0.6810761499960718,0.8036698569953646,2
994,IMG_20231120_101811_994,frontal1,IMG_20231120_101811_994_frontal1.jpg,507.6342277040384,86.63278543095404,2284.0,1181.0,1103.0,23.0,21.0,65.0,70.0,2.8260869565217392,3.3333333333333335,0.3043207344006122,0.1573567370083726,0.14696399739223961,0.2654884047140664,0.2424024564780606,0.7502933176701876,0.808008188260202,2
995,IMG_20231120_103256_995,frontal1,IMG_20231120_103256_995_frontal1.jpg,508.10023449154266,86.62658527604123,1697.0,833.0,864.0,21.0,19.0,63.0,64.0,3.0,3.3684210526315788,0.22614107465017944,0.11100501778644636,0.11513605686373309,0.2424198060339345,0.21933220545927407,0.7272594181018035,0.7388032183891337,2
996,IMG_20231120_104109_996,frontal1,IMG_20231120_104109_996_frontal1.jpg,524.7766559701737,89.48611083006946,1595.0,566.0,1029.0,16.0,22.0,50.0,62.0,3.125,2.8181818181818183,0.1991816933825066,0.07068140341974842,0.12850028996275817,0.17879869682104477,0.24584820812893654,0.5587459275657649,0.6928449501815485,2
997,IMG_20231120_104652_997,frontal1,IMG_20231120_104652_997_frontal1.jpg,456.50592481496574,77.83039328681171,1405.0,717.0,688.0,19.0,19.0,58.0,58.0,3.0526315789473686,3.0526315789473686,0.23194118637626954,0.11836429226461584,0.11357689411165368,0.24412057035332407,0.24412057035332407,0.7452101621311998,0.7452101621311998,2
998,IMG_20231120_105110_998,frontal1,IMG_20231120_105110_998_frontal1.jpg,545.2863782516441,93.06177530295645,1391.0,853.0,538.0,20.0,15.0,64.0,51.0,3.2,3.4,0.1606143940957733,0.09849322657346846,0.06212116752230484,0.21491100868096835,0.16118325651072626,0.6877152277790988,0.5480230721364693,2
999,IMG_20231120_105455_999,frontal1,IMG_20231120_105455_999_frontal1.jpg,488.6803861967997,83.39114878030794,1224.0,579.0,645.0,14.0,17.0,53.0,52.0,3.7857142857142856,3.0588235294117645,0.17601168661483835,0.08326043018790148,0.09275125642693688,0.16788352486764124,0.20385856591070722,0.635559058427499,0.6235673780798103,2
1000,IMG_20231120_110517_1000,frontal1,IMG_20231120_110517_1000_frontal1.jpg,448.0984744672334,76.45991659786786,961.0,542.0,419.0,18.0,15.0,44.0,42.0,2.4444444444444446,2.8,0.16438256307984478,0.09271108136240985,0.07167148171743493,0.23541746840594832,0.1961812236716236,0.5754649227700959,0.5493074262805461,2
1001,IMG_20231120_111347_1001,frontal1,IMG_20231120_111347_1001_frontal1.jpg,488.8002481925646,83.32518183834242,1458.0,915.0,543.0,19.0,19.0,65.0,50.0,3.4210526315789473,2.6315789473684212,0.20999308017170037,0.13178578076619057,0.07820729940550981,0.22802230467209222,0.22802230467209222,0.7800763054571576,0.6000586965055058,2
1002,IMG_20231120_111925_1002,frontal1,IMG_20231120_111925_1002_frontal1.jpg,357.77676138278605,61.057794683332446,1500.0,752.0,748.0,19.0,19.0,55.0,52.0,2.8947368421052633,2.736842105263158,0.40235465545204263,0.20171380059995736,0.20064085485208527,0.31118058060466797,0.31118058060466797,0.9007858912240388,0.8516521153390914,2
1003,IMG_20231120_114153_1003,frontal1,IMG_20231120_114153_1003_frontal1.jpg,429.13541019704473,73.19467832190007,528.0,287.0,241.0,12.0,13.0,46.0,27.0,3.8333333333333335,2.076923076923077,0.09855414839993526,0.05357015263405572,0.044983995765879546,0.16394634521413784,0.1776085406486493,0.6284609899875284,0.36887927673181015,2
1004,IMG_20231120_114315_1004,frontal1,IMG_20231120_114315_1004_frontal1.jpg,363.6191384000621,62.05656335186433,0.0,,,,,,,,,,,,,,,,0
1005,IMG_20231120_114900_1005,frontal1,IMG_20231120_114900_1005_frontal1.jpg,475.6567023985746,81.17200069959306,942.0,273.0,669.0,8.0,16.0,44.0,55.0,5.5,3.4375,0.14296785518739433,0.041433359305900905,0.10153449588149342,0.09855615151839059,0.19711230303678118,0.5420588333511482,0.6775735416889352,2
1006,IMG_20231120_115317_1006,frontal1,IMG_20231120_115317_1006_frontal1.jpg,389.9188635463623,66.37557264495912,606.0,316.0,290.0,13.0,16.0,36.0,27.0,2.769230769230769,1.6875,0.13754856450713535,0.07172499403342371,0.06582357047371164,0.19585518409817113,0.24105253427467216,0.5423682021180124,0.40677615158850927,2
1007,IMG_20231120_115832_1007,frontal1,IMG_20231120_115832_1007_frontal1.jpg,517.4610607895783,88.30727311425836,1191.0,398.0,793.0,12.0,17.0,50.0,59.0,4.166666666666667,3.4705882352941178,0.15272805222681612,0.051037585882680786,0.10169046634413534,0.1358891468030445,0.19250962463764637,0.5662047783460188,0.6681216384483022,2
1008,IMG_20231120_120824_1008,frontal1,IMG_20231120_120824_1008_frontal1.jpg,543.0447729202222,92.67472161653109,2001.0,904.0,1097.0,19.0,26.0,67.0,63.0,3.526315789473684,2.423076923076923,0.23298314764296882,0.10525575485719331,0.1277273927857755,0.20501815024185438,0.2805511529625376,0.7229587403265392,0.6797970244861488,2
1009,IMG_20231120_122414_1009,frontal1,IMG_20231120_122414_1009_frontal1.jpg,490.6339758655335,83.68378846287189,2019.0,1099.0,920.0,18.0,21.0,81.0,71.0,4.5,3.380952380952381,0.288305981604139,0.15693327081869676,0.13137271078544224,0.2150954244618847,0.2509446618721988,0.9679294100784812,0.8484319520441008,2
1010,IMG_20231120_123600_1010,frontal1,IMG_20231120_123600_1010_frontal1.jpg,414.1778253906827,70.65266977553588,1788.0,864.0,924.0,21.0,20.0,58.0,57.0,2.761904761904762,2.85,0.3581874455772315,0.1730838663191991,0.18510357925803236,0.29722868317244305,0.2830749363547077,0.8209173154286523,0.8067635686109169,2
1011,IMG_20231120_124640_1011,frontal1,IMG_20231120_124640_1011_frontal1.jpg,523.9741570861524,89.42435042723037,1956.0,1011.0,945.0,24.0,23.0,59.0,54.0,2.4583333333333335,2.347826086956522,0.24460045589890606,0.1264269227575634,0.11817353314134264,0.2683832746375961,0.2572006381943629,0.6597755501507571,0.6038623679345911,2
1012,IMG_20231120_130113_1012,frontal1,IMG_20231120_130113_1012_frontal1.jpg,492.0746024105779,83.97836723464269,1609.0,921.0,688.0,20.0,15.0,61.0,57.0,3.05,3.8,0.2281503771530044,0.13059446697198077,0.09755591018102364,0.23815657125266917,0.17861742843950187,0.726377542320641,0.6787462280701071,2
1013,IMG_20231120_130457_1013,frontal1,IMG_20231120_130457_1013_frontal1.jpg,357.11301886628627,60.942198572339926,564.0,299.0,265.0,13.0,10.0,35.0,35.0,2.6923076923076925,3.5,0.15185981557678688,0.08050724265506963,0.07135257292171723,0.21331688558246995,0.16408991198651535,0.5743146919528037,0.5743146919528037,2
1014,IMG_20231120_130647_1014,frontal1,IMG_20231120_130647_1014_frontal1.jpg,413.17101739634046,70.40774896722002,761.0,292.0,469.0,16.0,20.0,33.0,37.0,2.0625,1.85,0.15351249763280053,0.05890361275792083,0.09460888487487969,0.2272477139902481,0.2840596424878101,0.4686984101048867,0.5255103386024488,2
1015,IMG_20231121_090825_1015,frontal1,IMG_20231121_090825_1015_frontal1.jpg,431.56038528460175,73.56024715718642,1185.0,651.0,534.0,17.0,14.0,53.0,50.0,3.1176470588235294,3.5714285714285716,0.21899388634860412,0.12030803376619517,0.09868585258240894,0.2311030843014126,0.19032018707175155,0.7204978510573451,0.6797149538276841,2
1016,IMG_20231121_091232_1016,frontal1,IMG_20231121_091232_1016_frontal1.jpg,407.3569582908632,69.48723504482183,929.0,457.0,472.0,14.0,13.0,45.0,45.0,3.2142857142857144,3.4615384615384617,0.19240025877831943,0.09464684419988371,0.0977534145784357,0.2014758536725412,0.1870847212673597,0.6476009582331681,0.6476009582331681,2
1017,IMG_20231121_091853_1017,frontal1,IMG_20231121_091853_1017_frontal1.jpg,570.3609220922029,97.34059651788452,2177.0,968.0,1209.0,18.0,22.0,67.0,77.0,3.7222222222222223,3.5,0.22975788373781694,0.10216152111079779,0.12759636262701915,0.1849177079646603,0.22601053195680704,0.6883048018684578,0.7910368618488246,2
1018,IMG_20231121_095248_1018,frontal1,IMG_20231121_095248_1018_frontal1.jpg,549.1691750876931,93.68966498260453,2607.0,1207.0,1400.0,23.0,25.0,64.0,71.0,2.782608695652174,2.84,0.2970008273880101,0.1375067121815605,0.15949411520644963,0.24549132504925103,0.2668383967926642,0.6831062957892202,0.7578210468911663,2
1019,IMG_20231121_095607_1019,frontal1,IMG_20231121_095607_1019_frontal1.jpg,415.1916782699256,70.81019292660133,821.0,298.0,523.0,12.0,17.0,39.0,41.0,3.25,2.411764705882353,0.16373879946795764,0.059432597127224575,0.10430620234073307,0.16946712759896956,0.24007843076520688,0.5507681646966511,0.579012685963146,2
1020,IMG_20231121_100959_1020,frontal1,IMG_20231121_100959_1020_frontal1.jpg,561.6668603106893,95.6948117987401,2151.0,1038.0,1113.0,22.0,23.0,67.0,70.0,3.0454545454545454,3.0434782608695654,0.23488951170603128,0.11334975041881008,0.12153976128722122,0.2298975209467902,0.2403474082625534,0.7001424501561339,0.7314921121034234,2
1021,IMG_20231121_102313_1021,frontal1,IMG_20231121_102313_1021_frontal1.jpg,489.1329407918679,83.45674695221632,1856.0,929.0,927.0,20.0,17.0,65.0,70.0,3.25,4.117647058823529,0.2664741386479412,0.13338064375212144,0.13309349489581979,0.2396450943798603,0.20369833022288128,0.7788465567345461,0.8387578303295111,2
1022,IMG_20231121_103029_1022,frontal1,IMG_20231121_103029_1022_frontal1.jpg,516.8517009630687,88.12442494203289,2252.0,1121.0,1131.0,24.0,26.0,68.0,67.0,2.8333333333333335,2.576923076923077,0.2899851738389669,0.14434874772357098,0.1456364261153959,0.27234220269564186,0.29503738625361203,0.7716362409709854,0.7602886491920002,2
1023,IMG_20231121_103745_1023,frontal1,IMG_20231121_103745_1023_frontal1.jpg,353.9044747311642,60.38620369777363,679.0,368.0,311.0,12.0,9.0,45.0,43.0,3.75,4.777777777777778,0.18620627787560548,0.10091886635968014,0.08528741151592534,0.1987208876394796,0.1490406657296097,0.7452033286480484,0.7120831807081351,2
1024,IMG_20231121_105209_1024,frontal1,IMG_20231121_105209_1024_frontal1.jpg,433.2000006408149,73.92453624202302,1050.0,568.0,482.0,18.0,14.0,45.0,47.0,2.5,3.357142857142857,0.19213747614816223,0.10393722519252967,0.08820025095563257,0.24349155118226834,0.18938231758620871,0.6087288779556709,0.6357834947537007,2
1025,IMG_20231121_110634_1025,frontal1,IMG_20231121_110634_1025_frontal1.jpg,442.6647273532684,75.53793945521116,1307.0,608.0,699.0,17.0,20.0,48.0,46.0,2.823529411764706,2.3,0.2290579237813529,0.10655487196561787,0.12250305181573502,0.2250524719446423,0.26476761405252036,0.6354422737260489,0.6089655123207969,2
1026,IMG_20231121_111544_1026,frontal1,IMG_20231121_111544_1026_frontal1.jpg,442.4837510690857,75.3082505332957,1090.0,702.0,388.0,17.0,14.0,56.0,40.0,3.2941176470588234,2.857142857142857,0.19219468812502247,0.12378043216859244,0.06841425595643001,0.22573887827182845,0.18590260563562344,0.7436104225424938,0.5311503018160669,2
1027,IMG_20231121_111637_1027,frontal1,IMG_20231121_111637_1027_frontal1.jpg,424.6343832706234,72.46449852022054,875.0,435.0,440.0,13.0,15.0,48.0,46.0,3.6923076923076925,3.066666666666667,0.1666316408294808,0.08283973001237045,0.08379191081711033,0.17939819174174607,0.20699791354816854,0.6623933233541394,0.6347936015477169,2
1028,IMG_20231121_112518_1028,frontal1,IMG_20231121_112518_1028_frontal1.jpg,447.9982052306582,76.44498969781328,1028.0,450.0,578.0,13.0,16.0,44.0,48.0,3.3846153846153846,3.0,0.17591183613939193,0.07700420842677663,0.09890762771261531,0.17005692657411486,0.2093008327066029,0.5755772899431579,0.6279024981198087,2
1029,IMG_20231121_112634_1029,frontal1,IMG_20231121_112634_1029_frontal1.jpg,372.6140219621696,63.48548233501463,988.0,438.0,550.0,15.0,18.0,43.0,47.0,2.8666666666666667,2.611111111111111,0.2451365657567414,0.10867390263304932,0.13646266312369207,0.23627449061258743,0.2835293887351049,0.6773202064227507,0.740326737252774,2
1030,IMG_20231121_113720_1030,frontal1,IMG_20231121_113720_1030_frontal1.jpg,535.2124616946758,91.32988329925632,1138.0,601.0,537.0,16.0,18.0,45.0,43.0,2.8125,2.388888888888889,0.1364320662851191,0.07205243570945219,0.06437963057566694,0.1751890993616356,0.19708773678184005,0.49271934195460015,0.4708207045343957,2
1031,IMG_20231121_115709_1031,frontal1,IMG_20231121_115709_1031_frontal1.jpg,532.511371258398,90.88193491778398,2300.0,1109.0,1191.0,27.0,25.0,64.0,66.0,2.3703703703703702,2.64,0.2784663398011808,0.13426920471283024,0.14419713508835058,0.29708874513318245,0.2750821714196134,0.7042103588342102,0.7262169325477793,2
1032,IMG_20231121_120553_1032,frontal1,IMG_20231121_120553_1032_frontal1.jpg,486.2328230817256,82.92570209105897,1309.0,550.0,759.0,15.0,19.0,52.0,55.0,3.466666666666667,2.8947368421052633,0.19035370411590605,0.07998054794785968,0.11037315616804635,0.18088481160556008,0.22912076136704276,0.6270673468992749,0.6632443092203869,2
1033,IMG_20231121_121322_1033,frontal1,IMG_20231121_121322_1033_frontal1.jpg,502.31328059525697,85.71830101931482,1302.0,488.0,814.0,14.0,20.0,52.0,56.0,3.7142857142857144,2.8,0.17720006432391866,0.06641599953154555,0.1107840647923731,0.16332568230494202,0.23332240329277432,0.6066382485612132,0.6533027292197681,2
1034,IMG_20231121_122342_1034,frontal1,IMG_20231121_122342_1034_frontal1.jpg,498.977906220167,85.13570588190035,1887.0,785.0,1102.0,21.0,22.0,54.0,64.0,2.5714285714285716,2.909090909090909,0.2603445062607169,0.10830441834375347,0.15204008791696347,0.24666501302204566,0.2584109660230955,0.6342814620566889,0.7517409920671868,2
1035,IMG_20231121_123046_1035,frontal1,IMG_20231121_123046_1035_frontal1.jpg,524.7184087451748,89.53749663105376,1690.0,938.0,752.0,19.0,18.0,64.0,55.0,3.3684210526315788,3.0555555555555554,0.21080301058343054,0.11700190764926499,0.09380110293416553,0.2122015994962533,0.2010330942596084,0.7147843351452743,0.6142677880154701,2
1036,IMG_20231121_123646_1036,frontal1,IMG_20231121_123646_1036_frontal1.jpg,443.06651788913695,75.61543660342524,1567.0,814.0,753.0,16.0,17.0,61.0,58.0,3.8125,3.411764705882353,0.2740615238831174,0.14236508005160023,0.13169644383151718,0.21159700609696974,0.22482181897803036,0.8067135857446972,0.7670391471015153,2
1037,IMG_20231121_124357_1037,frontal1,IMG_20231121_124357_1037_frontal1.jpg,453.23932233728334,77.32450587026507,1257.0,543.0,714.0,15.0,18.0,51.0,53.0,3.4,2.9444444444444446,0.2102330402817174,0.09081665940570609,0.11941638087601132,0.19398766058934763,0.23278519270721718,0.659558046003782,0.685423067415695,2
1038,IMG_20231121_125326_1038,frontal1,IMG_20231121_125326_1038_frontal1.jpg,465.14331626904186,79.36029175857355,1575.0,829.0,746.0,20.0,17.0,57.0,56.0,2.85,3.2941176470588234,0.2500771703213849,0.13162792012471622,0.11844925019666865,0.252015202525252,0.2142129221464642,0.7182433271969682,0.7056425670707056,2
1039,IMG_20231121_130019_1039,frontal1,IMG_20231121_130019_1039_frontal1.jpg,347.3350376692786,59.27358911879913,0.0,,,,,,,,,,,,,,,,0
1040,IMG_20231121_132549_1040,frontal1,IMG_20231121_132549_1040_frontal1.jpg,391.170650305201,66.75741006415201,308.0,,308.0,,13.0,,37.0,,2.8461538461538463,0.06911172896172997,,0.06911172896172997,,0.1947349363539922,,0.5542455880844394,1
1041,IMG_20231121_133525_1041,frontal1,IMG_20231121_133525_1041_frontal1.jpg,473.7622193816487,80.85435250540792,887.0,360.0,527.0,10.0,13.0,47.0,52.0,4.7,4.0,0.13568030547629184,0.05506754224516918,0.08061276323112267,0.12367917978603753,0.1607829337218488,0.5812921449943764,0.6431317348873952,2
1042,IMG_20231121_150907_1042,frontal1,IMG_20231121_150907_1042_frontal1.jpg,501.846411009893,85.64672454983884,2328.0,1188.0,1140.0,25.0,24.0,62.0,64.0,2.48,2.6666666666666665,0.3173667751000871,0.1619552099737558,0.1554115651263313,0.2918967436454876,0.28022087389966815,0.7239039242408094,0.7472556637324483,2
1043,IMG_20231121_1043461024_1043,frontal1,IMG_20231121_1043461024_1043_frontal1.jpg,495.40218756065286,84.50969424348098,880.0,338.0,542.0,14.0,14.0,38.0,53.0,2.7142857142857144,3.7857142857142856,0.1232167107787409,0.04732641845819821,0.07589029232054269,0.16566146789816305,0.16566146789816305,0.4496525557235855,0.6271469856144745,2
1044,IMG_20231108_104408_1044,frontal1,IMG_20231108_104408_1044_frontal1.jpg,411.48568772901774,70.21108148944136,836.0,545.0,291.0,16.0,12.0,47.0,38.0,2.9375,3.1666666666666665,0.16958793501926847,0.11055672797308772,0.05903120704618078,0.227884255028975,0.17091319127173124,0.6694099991476141,0.5412251056938157,2
1045,IMG_20231121_092248_1045,frontal1,IMG_20231121_092248_1045_frontal1.jpg,451.7345062670955,77.09601623323329,911.0,306.0,605.0,10.0,21.0,41.0,41.0,4.1,1.9523809523809523,0.15326906291253042,0.05148225384328684,0.10178680906924359,0.1297083881707673,0.2723876151586113,0.5318043915001459,0.5318043915001459,2
1046,IMG_20231124_093920_1046,frontal1,IMG_20231124_093920_1046_frontal1.jpg,504.7838960961756,86.13712692535023,1658.0,758.0,900.0,18.0,18.0,61.0,65.0,3.388888888888889,3.611111111111111,0.22346204165504063,0.10216177778921641,0.12130026386582424,0.20896912449377952,0.20896912449377952,0.7081731441178084,0.7546107273386482,2
1047,IMG_20231124_095239_1047,frontal1,IMG_20231124_095239_1047_frontal1.jpg,551.2361548566456,94.0647939724675,2476.0,1223.0,1253.0,25.0,23.0,64.0,76.0,2.56,3.3043478260869565,0.2798313857424147,0.13822043003351098,0.14161095570890372,0.2657742492618166,0.24451230932087126,0.6803820781102505,0.8079537177559224,2
1048,IMG_20231124_095809_1048,frontal1,IMG_20231124_095809_1048_frontal1.jpg,421.8820808676288,71.99368411411864,1331.0,693.0,638.0,17.0,15.0,54.0,55.0,3.176470588235294,3.6666666666666665,0.25679659395557614,0.1337040117289363,0.1230925822266398,0.23613182474525068,0.20835161006933883,0.7500657962496198,0.7639559035875757,2
1049,IMG_20231124_100508_1049,frontal1,IMG_20231124_100508_1049_frontal1.jpg,407.1350395641112,69.48228172524688,889.0,264.0,625.0,12.0,20.0,31.0,43.0,2.5833333333333335,2.15,0.1841423229241897,0.05468343447917444,0.12945888844501524,0.17270590000845806,0.28784316668076343,0.4461569083551833,0.6188628083636414,2
1050,IMG_20231124_101116_1050,frontal1,IMG_20231124_101116_1050_frontal1.jpg,494.6352959997761,84.41598724202078,1318.0,662.0,656.0,18.0,17.0,54.0,54.0,3.0,3.176470588235294,0.184954968534117,0.09289847433200718,0.09205649420210983,0.21322975171034805,0.20138365439310651,0.6396892551310442,0.6396892551310442,2
1051,IMG_20231124_102016_1051,frontal1,IMG_20231124_102016_1051_frontal1.jpg,408.1247570371605,69.51749752035778,1142.0,666.0,476.0,19.0,14.0,52.0,43.0,2.736842105263158,3.0714285714285716,0.23630768400355534,0.13781166159927133,0.09849602240428401,0.2733124850248812,0.20138814686043877,0.7480131169102011,0.6185493082142047,2
1052,IMG_20231124_102947_1052,frontal1,IMG_20231124_102947_1052_frontal1.jpg,517.2748350591335,88.16271975268647,1708.0,793.0,915.0,15.0,18.0,71.0,66.0,4.733333333333333,3.6666666666666665,0.2197444462250004,0.10202420717589304,0.11772023904910736,0.17013994171320837,0.20416793005585004,0.8053290574425196,0.7486157435381168,2
1053,IMG_20231124_104825_1053,frontal1,IMG_20231124_104825_1053_frontal1.jpg,479.0785663565514,81.75995788222757,2542.0,1222.0,1320.0,24.0,23.0,65.0,72.0,2.7083333333333335,3.130434782608696,0.3802718942692612,0.18280576506571095,0.1974661292035503,0.29354222557906867,0.28131129951327416,0.7950101942766443,0.8806266767372061,2
1054,IMG_20231124_110038_1054,frontal1,IMG_20231124_110038_1054_frontal1.jpg,388.9044268479507,66.37299960661963,939.0,459.0,480.0,16.0,17.0,41.0,41.0,2.5625,2.411764705882353,0.21314870666728078,0.10419090134215322,0.10895780532512755,0.24106187899942766,0.25612824643689186,0.6177210649360334,0.6177210649360334,2
1055,IMG_20231124_110513_1055,frontal1,IMG_20231124_110513_1055_frontal1.jpg,472.8658178764682,80.7007864149342,925.0,411.0,514.0,13.0,16.0,43.0,46.0,3.3076923076923075,2.875,0.14203199884591566,0.06310827191964469,0.07892372692627098,0.161088888690114,0.19826324761860187,0.5328324779749924,0.5700068369034803,2
1056,IMG_20231124_111045_1056,frontal1,IMG_20231124_111045_1056_frontal1.jpg,527.3265540872142,89.94067369020999,2806.0,1495.0,1311.0,31.0,28.0,70.0,68.0,2.2580645161290325,2.4285714285714284,0.34687691185331904,0.184811469430047,0.162065442423272,0.3446716455201996,0.3113163249859867,0.7782908124649668,0.7560539321088249,2
1057,IMG_20231124_112045_1057,frontal1,IMG_20231124_112045_1057_frontal1.jpg,502.23443557073847,85.6644406537063,1685.0,748.0,937.0,16.0,21.0,59.0,61.0,3.6875,2.9047619047619047,0.2296141976902838,0.10192962603699245,0.12768457165329133,0.18677528129412652,0.24514255669854104,0.6887338497720915,0.7120807599338573,2
1058,IMG_20231124_112738_1058,frontal1,IMG_20231124_112738_1058_frontal1.jpg,392.6397996048963,66.98304364554991,647.0,298.0,349.0,17.0,12.0,28.0,38.0,1.6470588235294117,3.1666666666666665,0.14420307635882104,0.0664181093584678,0.07778496700035323,0.2537955738463881,0.17914981683274453,0.4180162392764039,0.5673077533036911,2
1059,IMG_20231124_113408_1059,frontal1,IMG_20231124_113408_1059_frontal1.jpg,469.7294657758889,80.14430108137607,1123.0,534.0,589.0,14.0,17.0,51.0,48.0,3.642857142857143,2.823529411764706,0.17483745032669162,0.08313730941625408,0.09170014091043754,0.17468490973281842,0.21211739038985092,0.6363521711695528,0.5989196905125203,2
1060,IMG_20231124_115226_1060,frontal1,IMG_20231124_115226_1060_frontal1.jpg,458.8179449807452,78.25591022523268,1893.0,971.0,922.0,22.0,20.0,61.0,62.0,2.772727272727273,3.1,0.3091123233973199,0.15855682304215404,0.15055550035516585,0.2811289260668054,0.2555717509698231,0.7794938404579604,0.7922724280064516,2
1061,IMG_20231124_120325_1061,frontal1,IMG_20231124_120325_1061_frontal1.jpg,583.7060698333038,99.59261861569097,3097.0,1751.0,1346.0,32.0,28.0,72.0,69.0,2.25,2.4642857142857144,0.31223882378256235,0.17653541506079,0.13570340872177233,0.3213089528600702,0.28114533375256145,0.722945143935158,0.6928224296045264,2
1062,IMG_20231124_120428_1062,frontal1,IMG_20231124_120428_1062_frontal1.jpg,536.9318386608402,91.61083069512294,1699.0,898.0,801.0,22.0,20.0,59.0,62.0,2.6818181818181817,3.1,0.20244158852617744,0.10699973307622564,0.09544185544995182,0.24014627782620038,0.21831479802381853,0.6440286541702647,0.6767758738738374,2
1063,IMG_20231124_124322_1063,frontal1,IMG_20231124_124322_1063_frontal1.jpg,546.2778917624465,93.22929205865073,2669.0,1260.0,1409.0,31.0,32.0,61.0,66.0,1.967741935483871,2.0625,0.3070745336725414,0.14496587202225633,0.16210866165028506,0.33251351925420436,0.3432397618107916,0.6543007959518214,0.7079320087347577,2
1064,IMG_20231124_124645_1064,frontal1,IMG_20231124_124645_1064_frontal1.jpg,420.83938089459537,71.58795520493095,604.0,405.0,199.0,13.0,8.0,44.0,36.0,3.3846153846153846,4.5,0.11785744537281019,0.07902692943044391,0.03883051594236627,0.18159479430283498,0.11175064264789844,0.6146285345634415,0.502877891915543,2
1065,IMG_20231124_130733_1065,frontal1,IMG_20231124_130733_1065_frontal1.jpg,429.15078195783,73.24165839472232,1476.0,850.0,626.0,20.0,16.0,61.0,53.0,3.05,3.3125,0.2751503177853459,0.15845377379237396,0.11669654399297189,0.27306863932836845,0.21845491146269477,0.8328593499515238,0.7236318942201764,2
1066,IMG_20231124_143618_1066,frontal1,IMG_20231124_143618_1066_frontal1.jpg,401.1308154831911,68.40119051025971,1112.0,594.0,518.0,15.0,14.0,50.0,49.0,3.3333333333333335,3.5,0.2376716964241171,0.12695772273014888,0.11071397369396821,0.21929442876802127,0.20467480018348652,0.7309814292267376,0.7163618006422028,2
1067,IMG_20231128_110041_1067,frontal1,IMG_20231128_110041_1067_frontal1.jpg,385.08067490816126,65.7169476384439,940.0,372.0,568.0,14.0,18.0,39.0,46.0,2.7857142857142856,2.5555555555555554,0.2176572243478047,0.08613668878445037,0.13152053556335433,0.21303484874288517,0.2739019483837095,0.5934542214980373,0.6999716458694798,2
1068,IMG_20231128_110445_1068,frontal1,IMG_20231128_110445_1068_frontal1.jpg,385.65515882713015,65.80781419043169,1197.0,588.0,609.0,16.0,17.0,52.0,50.0,3.25,2.9411764705882355,0.2764007508966531,0.13577580745800505,0.1406249434386481,0.243132220646319,0.25832798443671395,0.7901797171005368,0.7597881895197469,2
1069,IMG_20231128_110653_1069,frontal1,IMG_20231128_110653_1069_frontal1.jpg,386.1244098835262,65.89672737074977,672.0,312.0,360.0,14.0,16.0,31.0,36.0,2.2142857142857144,2.25,0.15475389177307722,0.07185002118035727,0.08290387059271993,0.21245364616110385,0.24280416704126156,0.47043307364244424,0.5463093758428385,2
1070,IMG_20231128_110830_1070,frontal1,IMG_20231128_110830_1070_frontal1.jpg,397.10906969430886,67.7719543880786,885.0,323.0,562.0,10.0,18.0,42.0,49.0,4.2,2.7222222222222223,0.19268293409115822,0.0703238279225357,0.12235910616862251,0.1475536612495721,0.26559659024922977,0.6197253772482028,0.7230129401229032,2
1071,IMG_20231128_111108_1071,frontal1,IMG_20231128_111108_1071_frontal1.jpg,404.4514107465415,68.8856852313096,1045.0,512.0,533.0,15.0,16.0,44.0,47.0,2.933333333333333,2.9375,0.22022079430548827,0.10789765232957894,0.11232314197590933,0.2177520619796676,0.23226886611164543,0.6387393818070249,0.6822897942029585,2
1072,IMG_20231128_111334_1072,frontal1,IMG_20231128_111334_1072_frontal1.jpg,404.5890188126441,69.04679799135117,1166.0,609.0,557.0,16.0,17.0,51.0,50.0,3.1875,2.9411764705882355,0.24457466312937048,0.12774096899295592,0.11683369413641453,0.23172689343254074,0.24620982427207452,0.7386294728162236,0.7241465419766898,2
1073,IMG_20231128_111523_1073,frontal1,IMG_20231128_111523_1073_frontal1.jpg,372.8920758121587,63.61387708312866,816.0,361.0,455.0,16.0,16.0,38.0,46.0,2.375,2.875,0.20164452190413854,0.08920793187180638,0.11243659003233214,0.2515174476646297,0.2515174476646297,0.5973539382034956,0.7231126620358104,2
1074,IMG_20231128_111629_1074,frontal1,IMG_20231128_111629_1074_frontal1.jpg,444.4276599050107,75.66188332281381,907.0,469.0,438.0,16.0,13.0,41.0,44.0,2.5625,3.3846153846153846,0.1584356801462666,0.08192539579779387,0.07651028434847273,0.21146711259797085,0.1718170289858513,0.5418844760323003,0.5815345596444198,2
1075,IMG_20231128_111726_1075,frontal1,IMG_20231128_111726_1075_frontal1.jpg,399.4467737585644,68.16892140639246,958.0,406.0,552.0,15.0,17.0,48.0,47.0,3.2,2.764705882352941,0.20615442640381443,0.0873681598329318,0.11878626657088263,0.220041621468187,0.24938050433061196,0.7041331886981984,0.689463747266986,2
1076,IMG_20231128_111901_1076,frontal1,IMG_20231128_111901_1076_frontal1.jpg,417.3447168061059,71.22667385303967,1002.0,412.0,590.0,13.0,20.0,45.0,46.0,3.4615384615384617,2.3,0.19750695493283227,0.08121044454324042,0.11629651038959186,0.18251589322874456,0.28079368189037623,0.6317857842533465,0.6458254683478654,2
1077,IMG_20231128_112011_1077,frontal1,IMG_20231128_112011_1077_frontal1.jpg,430.230927011704,73.34714935979146,1047.0,435.0,612.0,12.0,15.0,45.0,51.0,3.75,3.4,0.19461674400719148,0.08085795954453513,0.11375878446265633,0.16360554029354465,0.20450692536693083,0.6135207761007925,0.6953235462475648,2
1078,IMG_20231128_112127_1078,frontal1,IMG_20231128_112127_1078_frontal1.jpg,396.16672356741896,67.60335730085559,1518.0,921.0,597.0,22.0,17.0,63.0,54.0,2.8636363636363638,3.176470588235294,0.3321507542362474,0.20152229555440307,0.13062845868184433,0.32542762487509724,0.25146680103984786,0.9319063803241421,0.7987768974206932,2
1079,IMG_20231128_112303_1079,frontal1,IMG_20231128_112303_1079_frontal1.jpg,452.5016825982517,77.16625121790288,1362.0,608.0,754.0,16.0,20.0,54.0,55.0,3.375,2.75,0.22872956425501317,0.1021054148803583,0.12662414937465485,0.20734452882541915,0.25918066103177395,0.6997877847857896,0.7127468178373784,2
1080,IMG_20231128_112442_1080,frontal1,IMG_20231128_112442_1080_frontal1.jpg,436.7976551495052,74.47031943152682,1709.0,894.0,815.0,20.0,17.0,59.0,62.0,2.95,3.6470588235294117,0.3081595486271944,0.16120224486407947,0.14695730376311494,0.2685633706511678,0.22827886505349262,0.792261943420945,0.8325464490186202,2
1081,IMG_20231128_112601_1081,frontal1,IMG_20231128_112601_1081_frontal1.jpg,450.915379661103,76.95491537933069,2040.0,838.0,1202.0,20.0,31.0,60.0,61.0,3.0,1.967741935483871,0.34447478480740645,0.1415048380728464,0.2029699467345601,0.25989243054085404,0.40283326733832375,0.779677291622562,0.7926719131496048,2
1082,IMG_20231128_112740_1082,frontal1,IMG_20231128_112740_1082_frontal1.jpg,454.55716338031,77.52498199841017,1180.0,341.0,839.0,11.0,20.0,48.0,58.0,4.363636363636363,2.9,0.19633542152471425,0.05673760910163353,0.13959781242308072,0.14188974594312811,0.25798135626023294,0.619155255024559,0.7481459331546756,2
1083,IMG_20231128_112846_1083,frontal1,IMG_20231128_112846_1083_frontal1.jpg,461.1438831800264,78.700173603398,1671.0,581.0,1090.0,14.0,25.0,55.0,64.0,3.9285714285714284,2.56,0.2697895160956022,0.09380473300511363,0.17598478309048857,0.177890331863201,0.3176613068985732,0.698854875176861,0.8132129456603473,2
1084,IMG_20231128_113054_1084,frontal1,IMG_20231128_113054_1084_frontal1.jpg,473.7352622907331,80.82682870383994,1229.0,491.0,738.0,17.0,19.0,41.0,57.0,2.411764705882353,3.0,0.18812252718617997,0.07515716911994659,0.11296535806623338,0.21032620322504822,0.2350704624279951,0.5072573136604104,0.7052113872839852,2
1085,IMG_20231128_113157_1085,frontal1,IMG_20231128_113157_1085_frontal1.jpg,415.5557297142672,70.87918231755596,732.0,289.0,443.0,11.0,16.0,37.0,39.0,3.3636363636363638,2.4375,0.145704741094736,0.05752550570543539,0.08817923538930061,0.15519366392684,0.22573623843904,0.52201505139028,0.55023208119516,2
1086,IMG_20231128_113326_1086,frontal1,IMG_20231128_113326_1086_frontal1.jpg,519.6560496620681,88.6737644946669,2653.0,1329.0,1324.0,29.0,28.0,75.0,73.0,2.586206896551724,2.607142857142857,0.3374014602046131,0.16901867343080695,0.16838278677380616,0.32704148927549076,0.31576419654185317,0.845796955022821,0.8232423695555457,2
1087,IMG_20231128_113641_1087,frontal1,IMG_20231128_113641_1087_frontal1.jpg,452.6599866088516,77.23891086509973,1773.0,580.0,1193.0,16.0,22.0,51.0,68.0,3.1875,3.090909090909091,0.29719154733877456,0.09722002112605148,0.19997152621272313,0.20714947713264006,0.2848305310573801,0.6602889583602902,0.8803852778137203,2
1088,IMG_20231128_113747_1088,frontal1,IMG_20231128_113747_1088_frontal1.jpg,624.4498009551645,106.57267394136854,4115.0,1691.0,2424.0,34.0,36.0,70.0,91.0,2.0588235294117645,2.5277777777777777,0.3623081592610919,0.14888532133912669,0.21342283792196518,0.31903112442036746,0.3377976611509773,0.6568287855713448,0.8538774212427482,2
1089,IMG_20231128_113855_1089,frontal1,IMG_20231128_113855_1089_frontal1.jpg,453.2072976664732,77.33916944679179,1708.0,889.0,819.0,21.0,19.0,61.0,56.0,2.9047619047619047,2.9473684210526314,0.285554401487232,0.148628725364256,0.13692567612297601,0.2715312324946506,0.2456711151142077,0.7887335801035089,0.7240832866524016,2
1090,IMG_20231128_113958_1090,frontal1,IMG_20231128_113958_1090_frontal1.jpg,493.955473515491,84.2987204684625,1606.0,653.0,953.0,17.0,21.0,51.0,62.0,3.0,2.9523809523809526,0.22599746905179488,0.09189062720474599,0.1341068418470489,0.2016637963841927,0.24911410141576745,0.6049913891525781,0.7354797279894086,2
1091,IMG_20231128_114134_1091,frontal1,IMG_20231128_114134_1091_frontal1.jpg,484.7959754056269,82.64793280170024,1246.0,542.0,704.0,16.0,15.0,49.0,56.0,3.0625,3.7333333333333334,0.18241227150560357,0.07934787412202017,0.1030643973835834,0.19359225884559386,0.18149274266774426,0.5928762927146313,0.6775729059595785,2
1092,IMG_20231128_114249_1092,frontal1,IMG_20231128_114249_1092_frontal1.jpg,502.067680997199,85.68606432384428,1351.0,608.0,743.0,14.0,17.0,59.0,65.0,4.214285714285714,3.823529411764706,0.1840072597806088,0.08281007694049604,0.10119718284011277,0.16338712847270023,0.19839865600256457,0.6885600414206652,0.7585830964803939,2
1093,IMG_20231128_114420_1093,frontal1,IMG_20231128_114420_1093_frontal1.jpg,431.47895293641176,73.50329592879757,1857.0,873.0,984.0,20.0,22.0,63.0,65.0,3.15,2.9545454545454546,0.34371483472659575,0.16158484152736569,0.18212999319923007,0.2720966420250589,0.29930630622756477,0.8571044223789355,0.8843140865814414,2
1094,IMG_20231128_114615_1094,frontal1,IMG_20231128_114615_1094_frontal1.jpg,421.1765753496299,71.84079389813593,1349.0,847.0,502.0,18.0,15.0,59.0,48.0,3.2777777777777777,3.2,0.2613784051461884,0.16411231220075728,0.0972660929454311,0.2505540240204257,0.2087950200170214,0.8212604120669509,0.6681440640544685,2
1095,IMG_20231128_114725_1095,frontal1,IMG_20231128_114725_1095_frontal1.jpg,518.3971643403418,88.45598739234262,3009.0,1342.0,1667.0,24.0,30.0,76.0,79.0,3.1666666666666665,2.6333333333333333,0.38456319594024335,0.17151339612888222,0.21304979981136113,0.27132137357247577,0.3391517169655947,0.8591843496461733,0.8930995213427327,2
1096,IMG_20231128_114834_1096,frontal1,IMG_20231128_114834_1096_frontal1.jpg,491.1034751952983,83.80899599028824,1460.0,634.0,826.0,18.0,21.0,51.0,63.0,2.8333333333333335,3.0,0.2078603144160627,0.0902626296847834,0.11759768473127931,0.21477407988619546,0.250569759867228,0.6085265596775538,0.7517092796016841,2
1097,IMG_20231128_114956_1097,frontal1,IMG_20231128_114956_1097_frontal1.jpg,444.2464465215704,75.8124902906644,1992.0,1000.0,992.0,25.0,19.0,57.0,68.0,2.28,3.5789473684210527,0.3465834407409133,0.17398767105467533,0.17259576968623794,0.3297609655631971,0.25061833382802984,0.7518550014840895,0.8969498263318962,2
1098,IMG_20231128_115117_1098,frontal1,IMG_20231128_115117_1098_frontal1.jpg,516.3216307769814,88.10947497234505,1582.0,603.0,979.0,19.0,21.0,48.0,63.0,2.526315789473684,3.0,0.2037798566594853,0.07767335876464579,0.12610649789483952,0.21564082643737845,0.23833986079920774,0.5447768246839034,0.7150195823976233,2
1099,IMG_20231128_115244_1099,frontal1,IMG_20231128_115244_1099_frontal1.jpg,540.7801291042584,92.28789273092467,1857.0,790.0,1067.0,18.0,19.0,60.0,70.0,3.3333333333333335,3.6842105263157894,0.21803310750575328,0.09275506458241524,0.12527804292333805,0.19504183557946161,0.20587749311165393,0.6501394519315388,0.7584960272534619,2
1100,IMG_20231128_115415_1100,frontal1,IMG_20231128_115415_1100_frontal1.jpg,562.0929352028974,95.92273039161954,3448.0,1864.0,1584.0,31.0,28.0,86.0,79.0,2.774193548387097,2.8214285714285716,0.37473494380451566,0.20258292785719756,0.1721520159473181,0.32317678899920443,0.29190161587024915,0.896554963030051,0.8235795590624887,2
1101,IMG_20231128_115526_1101,frontal1,IMG_20231128_115526_1101_frontal1.jpg,583.5708547487857,99.57133945262726,3352.0,1798.0,1554.0,27.0,28.0,88.0,85.0,3.259259259259259,3.0357142857142856,0.33809232437468767,0.18135143174990703,0.1567408926247806,0.27116236608271904,0.28120541667837534,0.8837884524177511,0.8536593006307822,2
1102,IMG_20231128_115820_1102,frontal1,IMG_20231128_115820_1102_frontal1.jpg,502.4161447384032,85.74455747894386,1648.0,780.0,868.0,20.0,20.0,56.0,63.0,2.8,3.15,0.2241527548323504,0.10609171648618526,0.11806103834616513,0.23325095595614176,0.23325095595614176,0.6531026766771969,0.7347405112618466,2
1103,IMG_20231128_115932_1103,frontal1,IMG_20231128_115932_1103_frontal1.jpg,566.88949017234,96.73197422245312,3852.0,2144.0,1708.0,31.0,24.0,101.0,86.0,3.2580645161290325,3.5833333333333335,0.41166711468196177,0.2291314366246433,0.18253567805731846,0.32047314498833396,0.2481082412812908,1.0441221820587654,0.8890545312579586,2
1104,IMG_20231128_120104_1104,frontal1,IMG_20231128_120104_1104_frontal1.jpg,554.7402550675286,94.4623662224059,3296.0,1416.0,1880.0,26.0,32.0,75.0,85.0,2.8846153846153846,2.65625,0.3693767558486493,0.1586885577310945,0.21068819811755485,0.27524188774590486,0.3387592464564983,0.7939669838824178,0.8998292484000735,2
1105,IMG_20231128_120207_1105,frontal1,IMG_20231128_120207_1105_frontal1.jpg,526.4914882308648,89.83391830010062,1918.0,969.0,949.0,27.0,27.0,66.0,64.0,2.4444444444444446,2.3703703703703702,0.2376664708248956,0.12007237238233776,0.11759409844255783,0.30055462915246967,0.30055462915246967,0.7346890934838147,0.7124257876206689,2
1106,IMG_20231128_120316_1106,frontal1,IMG_20231128_120316_1106_frontal1.jpg,577.1262095498296,98.48386145072031,1969.0,723.0,1246.0,19.0,28.0,54.0,72.0,2.8421052631578947,2.5714285714285716,0.20300913426168748,0.07454322197623162,0.12846591228545587,0.19292501045470567,0.28431054172272413,0.5483131876081109,0.7310842501441478,2
1107,IMG_20231128_140511_1107,frontal1,IMG_20231128_140511_1107_frontal1.jpg,511.0613221552594,87.22113146425842,1094.0,551.0,543.0,15.0,16.0,51.0,50.0,3.4,3.125,0.14380496793747657,0.07242827909830858,0.07137668883916799,0.17197667294819166,0.1834417844780711,0.5847206880238517,0.5732555764939722,2
1108,IMG_20231128_141004_1108,frontal1,IMG_20231128_141004_1108_frontal1.jpg,528.1689859864131,90.13756185031151,1128.0,622.0,506.0,16.0,15.0,49.0,49.0,3.0625,3.2666666666666666,0.13883452748025366,0.07655591852191292,0.06227860895834073,0.1775064653575906,0.16641231127274117,0.5436135501576211,0.5436135501576211,2
1109,IMG_20231128_141713_1109,frontal1,IMG_20231128_141713_1109_frontal1.jpg,491.40063159061424,83.85951952003948,1720.0,745.0,975.0,21.0,24.0,55.0,64.0,2.619047619047619,2.6666666666666665,0.24458155814430313,0.1059379423357592,0.13864361580854392,0.2504187970571634,0.28619291092247245,0.6558587541973327,0.7631810957932599,2
1110,IMG_20231128_142207_1110,frontal1,IMG_20231128_142207_1110_frontal1.jpg,477.438207402198,81.46688812790381,1301.0,455.0,846.0,14.0,21.0,43.0,53.0,3.0714285714285716,2.5238095238095237,0.19602661550183137,0.06855657959518315,0.12747003590664824,0.17184896000961597,0.2577734400144239,0.5278218057438204,0.6505710628935462,2
1111,IMG_20231128_142609_1111,frontal1,IMG_20231128_142609_1111_frontal1.jpg,549.4216531949104,93.72524226915868,2260.0,961.0,1299.0,21.0,26.0,66.0,67.0,3.142857142857143,2.576923076923077,0.25727364274975884,0.1093982171161585,0.14787542563360032,0.22405917009734186,0.2774065915490899,0.7041859631630744,0.714855447453424,2
1112,IMG_20231128_142948_1112,frontal1,IMG_20231128_142948_1112_frontal1.jpg,539.0249194969795,91.96347396078733,1324.0,493.0,831.0,14.0,20.0,49.0,54.0,3.5,2.7,0.15655150533061313,0.05829296988519054,0.0982585354454226,0.15223435345612885,0.2174776477944698,0.532820237096451,0.5871896490450684,2
1113,IMG_20231128_143258_1113,frontal1,IMG_20231128_143258_1113_frontal1.jpg,535.2829318861044,91.31395495590779,1622.0,537.0,1085.0,16.0,20.0,44.0,71.0,2.75,3.55,0.19452550144118622,0.06440209264729778,0.13012340879388845,0.17521965845993442,0.21902457307491804,0.4818540607648197,0.777537234415959,2
1114,IMG_20231128_143819_1114,frontal1,IMG_20231128_143819_1114_frontal1.jpg,561.6390017121911,95.85305030298142,2081.0,1155.0,926.0,23.0,20.0,61.0,61.0,2.652173913043478,3.05,0.22649582678822597,0.12571008166285488,0.10078574512537108,0.23995063200700883,0.2086527234843555,0.6363908066272843,0.6363908066272843,2
1115,IMG_20231128_144145_1115,frontal1,IMG_20231128_144145_1115_frontal1.jpg,514.8825490500019,87.87032557258443,903.0,335.0,568.0,11.0,16.0,41.0,48.0,3.727272727272727,3.0,0.11695082216643872,0.04338707134635324,0.07356375082008548,0.1251844684575973,0.18208649957468695,0.4665966551601353,0.5462594987240609,2
1116,IMG_20231128_144501_1116,frontal1,IMG_20231128_144501_1116_frontal1.jpg,576.1751528540016,98.30800872337869,1443.0,530.0,913.0,17.0,21.0,42.0,56.0,2.4705882352941178,2.6666666666666665,0.14930987518048644,0.054840078895119757,0.09446979628536668,0.17292589099058028,0.21361433592954035,0.4272286718590807,0.5696382291454409,2
1117,IMG_20231128_144806_1117,frontal1,IMG_20231128_144806_1117_frontal1.jpg,603.3734976493915,102.89423233396823,2017.0,802.0,1215.0,20.0,24.0,54.0,68.0,2.7,2.8333333333333335,0.1905126576565204,0.07575168638598381,0.11476097127053658,0.19437435458078098,0.23324922549693716,0.5248107573681087,0.6608728055746553,2
1118,IMG_20231128_145154_1118,frontal1,IMG_20231128_145154_1118_frontal1.jpg,651.7660431048155,111.23377811946173,2426.0,873.0,1553.0,20.0,28.0,64.0,80.0,3.2,2.857142857142857,0.19607283100519668,0.07055712344086426,0.12551570756433242,0.17980149859263614,0.2517220980296906,0.5753647954964357,0.7192059943705446,2
1119,IMG_20231128_145239_1119,frontal1,IMG_20231128_145239_1119_frontal1.jpg,618.8209203910332,105.6031198459258,1968.0,824.0,1144.0,19.0,23.0,60.0,64.0,3.1578947368421053,2.782608695652174,0.17647028882457066,0.0738879664590682,0.10258232236550245,0.179918926900274,0.21779659572138432,0.5681650323166547,0.606042701137765,2
1120,IMG_20231128_145725_1120,frontal1,IMG_20231128_145725_1120_frontal1.jpg,448.2441036839944,76.48224904125179,550.0,163.0,387.0,9.0,15.0,26.0,35.0,2.888888888888889,2.3333333333333335,0.09402457711321262,0.02786546558082483,0.0661591115323878,0.11767436382716363,0.1961239397119394,0.3399481621673616,0.45762252599452524,2
1121,IMG_20231128_150033_1121,frontal1,IMG_20231128_150033_1121_frontal1.jpg,469.9572337382153,80.145657365265,2093.0,949.0,1144.0,27.0,22.0,59.0,68.0,2.185185185185185,3.090909090909091,0.32584363170284064,0.14774276468513892,0.1781008670177017,0.3368866247730318,0.2745002127780259,0.7361596615410695,0.8484552031320801,2
1122,IMG_20231128_150115_1122,frontal1,IMG_20231128_150115_1122_frontal1.jpg,447.2047405909886,76.27002520143158,263.0,,263.0,,11.0,,34.0,,3.090909090909091,0.04521140138041841,,0.04521140138041841,,0.14422441805871505,,0.44578456490875557,1
1123,IMG_20231128_150601_1123,frontal1,IMG_20231128_150601_1123_frontal1.jpg,575.5231537720796,98.21671373587165,2117.0,932.0,1185.0,21.0,23.0,64.0,69.0,3.0476190476190474,3.0,0.21945731445061825,0.09661512379214748,0.12284219065847078,0.21381289600539932,0.23417602895829448,0.6516202544926455,0.7025280868748834,2
1124,IMG_20231128_150644_1124,frontal1,IMG_20231128_150644_1124_frontal1.jpg,515.2940254170372,87.92081924215498,2533.0,1069.0,1464.0,22.0,27.0,63.0,82.0,2.8636363636363638,3.037037037037037,0.32768136000164727,0.13829110692529054,0.1893902530763567,0.2502251479186828,0.30709449971838343,0.716553832676228,0.9326573695150904,2
1125,IMG_20231128_151237_1125,frontal1,IMG_20231128_151237_1125_frontal1.jpg,530.3066258667762,90.40663821172001,2854.0,1316.0,1538.0,21.0,26.0,73.0,79.0,3.4761904761904763,3.0384615384615383,0.34918319011146176,0.16101088934361726,0.18817230076784447,0.23228382799525038,0.28758950132745287,0.807462830650156,0.873829638648799,2
1126,IMG_20231128_151651_1126,frontal1,IMG_20231128_151651_1126_frontal1.jpg,524.7228533461911,89.51872406122925,1796.0,986.0,810.0,21.0,21.0,71.0,59.0,3.380952380952381,2.8095238095238093,0.2241189429564553,0.12304080053177334,0.10107814242468195,0.23458779400873012,0.23458779400873012,0.7931301606961828,0.6590799926911941,2
1127,IMG_20231128_151751_1127,frontal1,IMG_20231128_151751_1127_frontal1.jpg,492.17303594895145,83.99521355063172,2058.0,890.0,1168.0,18.0,23.0,67.0,72.0,3.7222222222222223,3.130434782608696,0.29169990873964063,0.1261481626716619,0.16555174606797876,0.21429792531153846,0.2738251267869658,0.7976644997707265,0.8571917012461538,2
1128,IMG_20231128_152220_1128,frontal1,IMG_20231128_152220_1128_frontal1.jpg,499.7827545499899,85.29402389179728,2019.0,1098.0,921.0,26.0,20.0,67.0,59.0,2.576923076923077,2.95,0.2775230833523347,0.1509263722243009,0.1265967111280338,0.3048279212736312,0.2344830163643317,0.7855181048205112,0.6917248982747785,2
1129,IMG_20231128_152332_1129,frontal1,IMG_20231128_152332_1129_frontal1.jpg,550.9979960253917,94.0369895642384,2832.0,1232.0,1600.0,23.0,26.0,85.0,92.0,3.6956521739130435,3.5384615384615383,0.32025492269031397,0.13931993811951512,0.18093498457079887,0.24458460555341657,0.27648694540821006,0.9038996292191482,0.9783384222136663,2
1130,IMG_20231128_152812_1130,frontal1,IMG_20231128_152812_1130_frontal1.jpg,544.6257859390065,92.94915170663255,2331.0,900.0,1431.0,21.0,28.0,60.0,72.0,2.857142857142857,2.5714285714285716,0.2698058813463504,0.10417215495998086,0.16563372638636958,0.22592998014958224,0.3012399735327763,0.6455142289988064,0.7746170747985677,2
1131,IMG_20231128_152855_1131,frontal1,IMG_20231128_152855_1131_frontal1.jpg,552.1647436433284,94.21387536086665,3217.0,1540.0,1677.0,26.0,36.0,85.0,81.0,3.269230769230769,2.25,0.36242765106333513,0.17349660635297984,0.18893104471035532,0.27596784338201147,0.3821093216058621,0.9022025649027299,0.8597459736131896,2
1132,IMG_20231128_153323_1132,frontal1,IMG_20231128_153323_1132_frontal1.jpg,507.5722484516154,86.52623902580774,2481.0,1275.0,1206.0,23.0,26.0,75.0,72.0,3.260869565217391,2.769230769230769,0.3313836753482894,0.17029995407862514,0.16108372126966425,0.2658153209818805,0.30048688458821277,0.866789090158306,0.8321175265519738,2
1133,IMG_20231128_153400_1133,frontal1,IMG_20231128_153400_1133_frontal1.jpg,577.5702443414302,98.54584516874056,2486.0,1510.0,976.0,29.0,19.0,75.0,68.0,2.586206896551724,3.5789473684210527,0.25599087642693547,0.15548922904451834,0.10050164738241715,0.2942792763139141,0.19280366379187477,0.7610670939152951,0.6900341651498676,2
1134,IMG_20231128_153812_1134,frontal1,IMG_20231128_153812_1134_frontal1.jpg,512.3559978816378,87.36965179465578,1135.0,430.0,705.0,13.0,18.0,44.0,54.0,3.3846153846153846,3.0,0.14868756587630896,0.05633097209410824,0.09235659378220072,0.1487930847035284,0.2060211942048855,0.5036073636119422,0.6180635826146564,2
1135,IMG_20231129_104240_1135,frontal1,IMG_20231129_104240_1135_frontal1.jpg,436.35401851454606,74.3507007547291,893.0,293.0,600.0,13.0,16.0,33.0,50.0,2.5384615384615383,3.125,0.16154046426019017,0.05300263832949129,0.10853782593069888,0.17484704068741586,0.2151963577691272,0.44384248789882486,0.6724886180285226,2
1136,IMG_20231129_104331_1136,frontal1,IMG_20231129_104331_1136_frontal1.jpg,538.8296568386778,91.94636598182225,998.0,369.0,629.0,13.0,18.0,41.0,47.0,3.1538461538461537,2.611111111111111,0.11804875275839607,0.043647284336521194,0.07440146842187488,0.1413867732692132,0.1957663014496798,0.44591213107982625,0.5111675648963862,2
1137,IMG_20231129_104447_1137,frontal1,IMG_20231129_104447_1137_frontal1.jpg,546.5302198355444,93.24813300731364,1723.0,619.0,1104.0,14.0,21.0,57.0,71.0,4.071428571428571,3.380952380952381,0.19815497797993536,0.07118858466023215,0.12696639331970322,0.15013705420677914,0.2252055813101687,0.6112722921276008,0.76140934633438,2
1138,IMG_20231129_105414_1138,frontal1,IMG_20231129_105414_1138_frontal1.jpg,476.93860357999415,81.39735491393081,1560.0,752.0,808.0,19.0,20.0,57.0,57.0,3.0,2.85,0.23545288366912337,0.11350036443537229,0.12195251923375107,0.23342281846984478,0.24570822996825767,0.7002684554095343,0.7002684554095343,2
1139,IMG_20231129_105458_1139,frontal1,IMG_20231129_105458_1139_frontal1.jpg,585.1408273636326,99.82463530931882,1651.0,669.0,982.0,16.0,22.0,58.0,63.0,3.625,2.8636363636363638,0.1656805809628902,0.06713525661064419,0.09854532435224603,0.16028107641387365,0.22038648006907627,0.5810189020002919,0.6311067383796275,2
1140,IMG_20231129_110051_1140,frontal1,IMG_20231129_110051_1140_frontal1.jpg,643.8998340902912,109.83614246201543,2480.0,728.0,1752.0,16.0,32.0,67.0,82.0,4.1875,2.5625,0.20557066340382327,0.06034493667660618,0.1452257267272171,0.14567153981698938,0.29134307963397876,0.609999572983643,0.7465666415620706,2
1141,IMG_20231129_110446_1141,frontal1,IMG_20231129_110446_1141_frontal1.jpg,629.9423177358005,107.45270701546723,2692.0,1159.0,1533.0,23.0,24.0,75.0,90.0,3.260869565217391,3.75,0.23315263797568356,0.10038035193678203,0.1327722860389015,0.21404765537167228,0.22335407517044062,0.697981484907627,0.8375777818891523,2
1142,IMG_20231129_110530_1142,frontal1,IMG_20231129_110530_1142_frontal1.jpg,563.0271935534712,96.06087683136039,1834.0,709.0,1125.0,18.0,23.0,53.0,65.0,2.9444444444444446,2.8260869565217392,0.19874958858077163,0.07683394673051641,0.12191564185025523,0.1873811752894978,0.23943150175880276,0.5517334605746325,0.6766542441009643,2
1143,IMG_20231129_110614_1143,frontal1,IMG_20231129_110614_1143_frontal1.jpg,529.2442626017294,90.23940452045586,1330.0,510.0,820.0,12.0,18.0,53.0,68.0,4.416666666666667,3.7777777777777777,0.1633274567041456,0.06262932550309343,0.10069813120105219,0.13297960091569297,0.19946940137353944,0.5873265707109773,0.7535510718555934,2
1144,IMG_20231129_111325_1144,frontal1,IMG_20231129_111325_1144_frontal1.jpg,629.0442990154012,107.24748783185916,2807.0,1590.0,1217.0,34.0,24.0,73.0,71.0,2.1470588235294117,2.9583333333333335,0.2440440122826942,0.13823654418577974,0.10580746809691444,0.31702374281535284,0.22378146551671965,0.6806686242800223,0.6620201688202956,2
1145,IMG_20231129_111412_1145,frontal1,IMG_20231129_111412_1145_frontal1.jpg,539.8283938687356,92.11628525227472,1801.0,796.0,1005.0,17.0,23.0,60.0,58.0,3.5294117647058822,2.5217391304347827,0.21224666788735358,0.0938080775337776,0.11843859035357598,0.18454934383689992,0.24968440636757047,0.6513506253067056,0.6296389377964821,2
1146,IMG_20231129_111705_1146,frontal1,IMG_20231129_111705_1146_frontal1.jpg,576.2823339638549,98.35149876270484,1963.0,645.0,1318.0,15.0,24.0,57.0,75.0,3.8,3.125,0.20293564431027056,0.06668033142135738,0.1362553128889132,0.1525141984484739,0.24402271751755822,0.5795539541042009,0.7625709922423695,2
1147,IMG_20231129_111751_1147,frontal1,IMG_20231129_111751_1147_frontal1.jpg,518.4105167065508,88.47535161281463,2224.0,1120.0,1104.0,24.0,19.0,80.0,82.0,3.3333333333333335,4.315789473684211,0.28411239974338803,0.14307818692113067,0.14103421282225737,0.2712619906279511,0.2147490759137946,0.9042066354265036,0.9268118013121662,2
1148,IMG_20231129_111835_1148,frontal1,IMG_20231129_111835_1148_frontal1.jpg,529.9870228748979,90.44866524188281,2374.0,1214.0,1160.0,21.0,20.0,81.0,79.0,3.857142857142857,3.95,0.29018595580894946,0.1483933236529337,0.14179263215601573,0.23217589716598516,0.22111990206284302,0.8955356033545142,0.8734236131482299,2
1149,IMG_20231129_112435_1149,frontal1,IMG_20231129_112435_1149_frontal1.jpg,602.0278781420184,102.67724860995074,2329.0,1062.0,1267.0,21.0,20.0,71.0,84.0,3.380952380952381,4.2,0.22091288297650002,0.10073399816274926,0.12017888481375077,0.20452437403902962,0.19478511813240917,0.6914871693700526,0.8180974961561185,2
1150,IMG_20231129_112533_1150,frontal1,IMG_20231129_112533_1150_frontal1.jpg,536.7564281718477,91.6064302529959,3593.0,2170.0,1423.0,33.0,25.0,96.0,84.0,2.909090909090909,3.36,0.4281592171642562,0.2585876708172658,0.16957154634699043,0.36023672037936183,0.2729066063480014,1.0479613683763254,0.9169661973292847,2
1151,IMG_20231129_112615_1151,frontal1,IMG_20231129_112615_1151_frontal1.jpg,498.391423861308,85.05720943845574,1716.0,978.0,738.0,21.0,21.0,65.0,63.0,3.0952380952380953,3.0,0.23718926155572748,0.13518129242511742,0.10200796913061007,0.24689265188266993,0.24689265188266993,0.7641915415415974,0.7406779556480098,2
1152,IMG_20231129_113512_1152,frontal1,IMG_20231129_113512_1152_frontal1.jpg,514.7114057024236,87.84123864054823,2062.0,1089.0,973.0,20.0,20.0,71.0,61.0,3.55,3.05,0.2672340285835415,0.14113378134213225,0.12610024724140925,0.22768349250903935,0.22768349250903935,0.8082763984070896,0.69443465215257,2
1153,IMG_20231129_113723_1153,frontal1,IMG_20231129_113723_1153_frontal1.jpg,530.7803662885646,90.556281976618,2763.0,1068.0,1695.0,20.0,27.0,81.0,90.0,4.05,3.3333333333333335,0.3369331317324739,0.13023691085424616,0.20669622087822773,0.22085712402772986,0.29815711743743534,0.894471352312306,0.9938570581247844,2
1154,IMG_20231129_114344_1154,frontal1,IMG_20231129_114344_1154_frontal1.jpg,555.309643625741,94.7334280870381,3468.0,1753.0,1715.0,30.0,31.0,81.0,82.0,2.7,2.6451612903225805,0.3864315547607991,0.19533290527557118,0.19109864948522795,0.31667807874995235,0.32723401470828406,0.8550308126248714,0.8655867485832031,2
1155,IMG_20231129_114428_1155,frontal1,IMG_20231129_114428_1155_frontal1.jpg,544.0264938582425,92.84494306535241,1734.0,703.0,1031.0,20.0,22.0,47.0,62.0,2.35,2.8181818181818183,0.2011558117635011,0.08155278873687502,0.11960302302662609,0.21541291684483285,0.23695420852931615,0.5062203545853572,0.6677800422189819,2
1156,IMG_20231129_114804_1156,frontal1,IMG_20231129_114804_1156_frontal1.jpg,533.912796117466,91.10299135717896,2756.0,1299.0,1457.0,27.0,24.0,72.0,75.0,2.6666666666666665,3.125,0.3320579931136411,0.15651064334347597,0.17554734977016512,0.29636787549756327,0.2634381115533896,0.7903143346601688,0.8232440986043424,2
1157,IMG_20231129_114849_1157,frontal1,IMG_20231129_114849_1157_frontal1.jpg,549.968363830252,93.79619803876872,2589.0,985.0,1604.0,21.0,27.0,64.0,81.0,3.0476190476190474,3.0,0.29428056459427476,0.11196074010249542,0.18231982449177933,0.22388967185343786,0.28785814952584865,0.6823304285057153,0.863574448577546,2
1158,IMG_20231129_115413_1158,frontal1,IMG_20231129_115413_1158_frontal1.jpg,506.22364715664247,86.33476987900538,1215.0,500.0,715.0,16.0,19.0,40.0,53.0,2.5,2.789473684210526,0.163006456413402,0.06708084626065926,0.09592561015274274,0.1853251016064946,0.22007355815771232,0.46331275401623645,0.6138893990715133,2
1159,IMG_20231129_115508_1159,frontal1,IMG_20231129_115508_1159_frontal1.jpg,592.6466256051036,101.14330646166879,1879.0,778.0,1101.0,17.0,20.0,65.0,72.0,3.823529411764706,3.6,0.1836760309333684,0.0760510654955618,0.1076249654378066,0.1680783493709754,0.1977392345540887,0.6426525123007883,0.7118612443947193,2
1160,IMG_20231129_115921_1160,frontal1,IMG_20231129_115921_1160_frontal1.jpg,563.0450141089487,96.0160718189527,1599.0,633.0,966.0,14.0,22.0,58.0,60.0,4.142857142857143,2.727272727272727,0.17344452495117754,0.0686619038737307,0.10478262107744685,0.14580892276449625,0.22912830720135127,0.6040655371671988,0.6248953832764126,2
1161,IMG_20231129_120008_1161,frontal1,IMG_20231129_120008_1161_frontal1.jpg,605.2284215240265,103.29138731873488,3036.0,1596.0,1440.0,27.0,27.0,77.0,74.0,2.8518518518518516,2.740740740740741,0.28455979950064836,0.14959072463868076,0.1349690748619676,0.2613964310178528,0.2613964310178528,0.7454638958657285,0.7164198479748559,2
1162,IMG_20231129_120333_1162,frontal1,IMG_20231129_120333_1162_frontal1.jpg,594.1261840973419,101.3445421436257,2311.0,1133.0,1178.0,23.0,23.0,68.0,70.0,2.9565217391304346,3.0434782608695654,0.22500865080684965,0.11031363105329323,0.11469501975355642,0.2269485806882856,0.2269485806882856,0.670978412469714,0.6907130716599997,2
1163,IMG_20231129_120420_1163,frontal1,IMG_20231129_120420_1163_frontal1.jpg,594.9058797153364,101.52630690050194,1058.0,293.0,765.0,12.0,18.0,42.0,59.0,3.5,3.2777777777777777,0.10264279992613137,0.028425652531527876,0.0742171473946035,0.11819596680257728,0.17729395020386593,0.4136858838090205,0.5811301701126717,2
1164,IMG_20231129_120810_1164,frontal1,IMG_20231129_120810_1164_frontal1.jpg,644.5408770861217,110.00085744667214,3349.0,1637.0,1712.0,32.0,34.0,73.0,73.0,2.28125,2.1470588235294117,0.276772544620091,0.13528714707168973,0.14148539754840125,0.29090682329920414,0.3090884997554044,0.6636311906513095,0.6636311906513095,2
1165,IMG_20231129_120914_1165,frontal1,IMG_20231129_120914_1165_frontal1.jpg,539.0684499161559,92.00091832946805,1807.0,657.0,1150.0,15.0,21.0,56.0,68.0,3.7333333333333334,3.238095238095238,0.21348817653154287,0.07762132373061631,0.13586685280092656,0.1630418508028683,0.22825859112401561,0.6086895763307083,0.7391230569730028,2
1166,IMG_20231129_120957_1166,frontal1,IMG_20231129_120957_1166_frontal1.jpg,490.4505382034086,83.69573230160977,1120.0,526.0,594.0,18.0,16.0,44.0,47.0,2.4444444444444446,2.9375,0.15988635265484571,0.07508948347897218,0.08479686917587353,0.2150647291684405,0.19116864814972487,0.5257137824117434,0.5615579039398169,2
1167,IMG_20231129_121458_1167,frontal1,IMG_20231129_121458_1167_frontal1.jpg,565.9444791556435,96.56214165015497,2676.0,1290.0,1386.0,24.0,24.0,76.0,77.0,3.1666666666666665,3.2083333333333335,0.2869936781578959,0.1383489704124386,0.1486447077454573,0.2485446116859348,0.2485446116859348,0.7870579370054602,0.7974139624923742,2
1168,IMG_20231129_121542_1168,frontal1,IMG_20231129_121542_1168_frontal1.jpg,558.2636597088785,95.19345617342343,1363.0,435.0,928.0,17.0,25.0,44.0,66.0,2.588235294117647,2.64,0.15041171596080524,0.048003739136427206,0.10240797682437805,0.1785837039998779,0.26262309411746754,0.4622166456467428,0.6933249684701143,2
1169,IMG_20231129_122016_1169,frontal1,IMG_20231129_122016_1169_frontal1.jpg,524.50673358589,89.51565892899994,2560.0,987.0,1573.0,20.0,33.0,67.0,73.0,3.35,2.212121212121212,0.31947872280179457,0.12317402320522315,0.19630469959657143,0.22342459676092158,0.3686505846555206,0.7484723991490873,0.8154997781773637,2
1170,IMG_20231129_122107_1170,frontal1,IMG_20231129_122107_1170_frontal1.jpg,602.4008270474574,102.78298135912478,2522.0,626.0,1896.0,16.0,32.0,76.0,82.0,4.75,2.5625,0.2387276157244684,0.059255942681806985,0.1794716730426614,0.1556677943024034,0.3113355886048068,0.7394220229364162,0.7977974457998175,2
1171,IMG_20231129_122543_1171,frontal1,IMG_20231129_122543_1171_frontal1.jpg,529.1062111972544,90.24620859676689,914.0,178.0,736.0,10.0,23.0,27.0,48.0,2.7,2.0869565217391304,0.11222465133132048,0.021855566670651035,0.09036908466066944,0.11080797914382692,0.2548583520308019,0.2991815436883327,0.5318782998903693,2
1172,IMG_20231129_122633_1172,frontal1,IMG_20231129_122633_1172_frontal1.jpg,529.854417964147,90.42695630064652,2200.0,1085.0,1115.0,19.0,21.0,71.0,74.0,3.736842105263158,3.5238095238095237,0.26904619516567857,0.13268869170670966,0.1363575034589689,0.21011433733133575,0.23223163599779215,0.785164102659202,0.8183400506588866,2
1173,IMG_20231129_122856_1173,frontal1,IMG_20231129_122856_1173_frontal1.jpg,593.5627538248134,101.19100422652897,3374.0,1212.0,2162.0,22.0,33.0,74.0,101.0,3.3636363636363638,3.0606060606060606,0.3295044365579882,0.11836377507655059,0.21114066148143762,0.21741063020533122,0.3261159453079968,0.7312903015997505,0.9981124386699297,2
1174,IMG_20231129_123355_1174,frontal1,IMG_20231129_123355_1174_frontal1.jpg,597.9388816458585,102.04452965141712,2220.0,925.0,1295.0,23.0,25.0,61.0,72.0,2.652173913043478,2.88,0.21319328326155587,0.08883053469231494,0.12436274856924091,0.22539179786087232,0.24499108463138297,0.5977782465005744,0.7055743237383829,2
1175,IMG_20231129_123438_1175,frontal1,IMG_20231129_123438_1175_frontal1.jpg,547.8103315143026,93.38309175959026,2849.0,1105.0,1744.0,23.0,30.0,71.0,84.0,3.0869565217391304,2.8,0.32670512857746536,0.12671434435875717,0.19999078421870817,0.24629726395450968,0.32125730081023,0.7603089452508778,0.899520442268644,2
1176,IMG_20231129_123807_1176,frontal1,IMG_20231129_123807_1176_frontal1.jpg,537.0532774410135,91.64247952068622,1558.0,757.0,801.0,19.0,22.0,48.0,59.0,2.526315789473684,2.6818181818181817,0.1855127618282354,0.090136816883167,0.09537594494506839,0.20732743264231712,0.2400633430595251,0.5237745666753275,0.6438062382050901,2
1177,IMG_20231129_123848_1177,frontal1,IMG_20231129_123848_1177_frontal1.jpg,549.4558744659051,93.71486695719017,2938.0,1571.0,1367.0,24.0,23.0,94.0,93.0,3.9166666666666665,4.043478260869565,0.3345297958555772,0.17887893440745806,0.15565086144811913,0.25609597259486505,0.24542530707007904,1.0030425593298882,0.9923718938051022,2
1178,IMG_20231129_124434_1178,frontal1,IMG_20231129_124434_1178_frontal1.jpg,663.9639127772751,113.28598731024603,2740.0,1208.0,1532.0,27.0,30.0,65.0,66.0,2.4074074074074074,2.2,0.2135001452733674,0.09412707134679847,0.11937307392656892,0.2383348606571928,0.2648165118413253,0.5737691089895383,0.5825963260509157,2
1179,IMG_20231129_124515_1179,frontal1,IMG_20231129_124515_1179_frontal1.jpg,626.7086850657876,106.95641316658595,2382.0,1089.0,1293.0,21.0,22.0,70.0,75.0,3.3333333333333335,3.409090909090909,0.20822271105779047,0.09519501777579085,0.11302769328199962,0.19634166272285364,0.20569126570965618,0.6544722090761788,0.7012202240101916,2
1180,IMG_20231129_124951_1180,frontal1,IMG_20231129_124951_1180_frontal1.jpg,624.9651389209736,106.63337945440871,2230.0,789.0,1441.0,21.0,26.0,56.0,74.0,2.6666666666666665,2.8461538461538463,0.19611847910279734,0.06938900448973412,0.12672947461306322,0.19693645749057956,0.2438260902264318,0.5251638866415455,0.6939665644906137,2
1181,IMG_20231129_125032_1181,frontal1,IMG_20231129_125032_1181_frontal1.jpg,571.2823083392548,97.4331436124139,1946.0,775.0,1171.0,17.0,21.0,67.0,74.0,3.9411764705882355,3.5238095238095237,0.2049884567892036,0.08163723227730359,0.1233512245119,0.1744786154865893,0.2155324073657868,0.6876510139765578,0.7594951497651534,2
1182,IMG_20231129_125328_1182,frontal1,IMG_20231129_125328_1182_frontal1.jpg,637.8635840166378,108.79190281001193,3119.0,1335.0,1784.0,27.0,31.0,71.0,84.0,2.6296296296296298,2.7096774193548385,0.2635252470675075,0.11279455108532303,0.1507306959821845,0.24818023494957417,0.2849476771643259,0.6526220993118432,0.7721162865097863,2
1183,IMG_20231129_125412_1183,frontal1,IMG_20231129_125412_1183_frontal1.jpg,632.2665011773747,107.83893755252659,2033.0,730.0,1303.0,20.0,26.0,54.0,70.0,2.7,2.6923076923076925,0.17481801219807036,0.06277282287486048,0.11204518932320988,0.1854617678355587,0.24110029818622633,0.5007467731560086,0.6491161874244555,2
1184,IMG_20231129_125711_1184,frontal1,IMG_20231129_125711_1184_frontal1.jpg,691.7056608011749,118.04963845280913,3364.0,1808.0,1556.0,29.0,30.0,76.0,77.0,2.6206896551724137,2.566666666666667,0.241394107420888,0.12973856903001352,0.11165553839087447,0.24565937160064136,0.25413038441445657,0.6437969738499567,0.6522679866637718,2
1185,IMG_20231129_125753_1185,frontal1,IMG_20231129_125753_1185_frontal1.jpg,597.3860550718175,101.95388058468525,2641.0,1205.0,1436.0,23.0,26.0,68.0,69.0,2.9565217391304346,2.6538461538461537,0.25407438322104886,0.11592564626329566,0.13814873695775318,0.2255921978457276,0.25501726712995293,0.6669682371091077,0.6767765935371828,2
1186,IMG_20231129_130246_1186,frontal1,IMG_20231129_130246_1186_frontal1.jpg,629.2302714921232,107.37301025764813,2350.0,1224.0,1126.0,24.0,23.0,66.0,66.0,2.75,2.869565217391304,0.20383445869068767,0.10616739465421349,0.09766706403647417,0.2235198579457773,0.21420653053136993,0.6146796093508876,0.6146796093508876,2
1187,IMG_20231129_130329_1187,frontal1,IMG_20231129_130329_1187_frontal1.jpg,664.0463124942949,113.31299338403417,3284.0,1775.0,1509.0,30.0,26.0,85.0,84.0,2.8333333333333335,3.230769230769231,0.2557665371592189,0.13824165756930984,0.11752487958990904,0.2647533976825204,0.22945294465818433,0.750134626767141,0.7413095135110571,2
1188,IMG_20231129_130405_1188,frontal1,IMG_20231129_130405_1188_frontal1.jpg,572.6189346917678,97.63989421635411,1670.0,834.0,836.0,22.0,18.0,58.0,64.0,2.6363636363636362,3.5555555555555554,0.1751708634484563,0.0874805389916243,0.08769032445683202,0.22531773694112758,0.18435087567910438,0.5940194882993364,0.6554697801923711,2
1189,IMG_20231129_135328_1189,frontal1,IMG_20231129_135328_1189_frontal1.jpg,650.9280376586013,111.05562461884874,2527.0,828.0,1699.0,22.0,29.0,59.0,78.0,2.6818181818181817,2.689655172413793,0.20489158578138228,0.06713503483458035,0.13775655094680195,0.19809892633088738,0.2611304028907152,0.5312653024328343,0.7023507388095098,2
1190,IMG_20231129_135407_1190,frontal1,IMG_20231129_135407_1190_frontal1.jpg,600.9694316245408,102.56457308542544,2436.0,1246.0,1190.0,23.0,23.0,70.0,67.0,3.0434782608695654,2.9130434782608696,0.23157012530083335,0.11844678822858717,0.11312333707224617,0.22424897123925464,0.22424897123925464,0.6824968689890358,0.6532470031752201,2
1191,IMG_20231129_135454_1191,frontal1,IMG_20231129_135454_1191_frontal1.jpg,566.1428202612303,96.61680647073841,1628.0,637.0,991.0,15.0,21.0,55.0,67.0,3.6666666666666665,3.1904761904761907,0.17440102928421983,0.06823922337472238,0.10616180590949745,0.1552524922725834,0.21735348918161676,0.5692591383328057,0.6934611321508725,2
1192,IMG_20231129_140103_1192,frontal1,IMG_20231129_140103_1192_frontal1.jpg,484.2531315357682,82.64529640328868,2741.0,1285.0,1456.0,25.0,28.0,73.0,77.0,2.92,2.75,0.4013033197113869,0.18813380730723536,0.2131695124041515,0.3024975538596433,0.33879726032280044,0.8832928572701584,0.9316924658877013,2
1193,IMG_20231129_140149_1193,frontal1,IMG_20231129_140149_1193_frontal1.jpg,474.3936499858444,80.96313515573927,2283.0,1095.0,1188.0,20.0,23.0,68.0,73.0,3.4,3.1739130434782608,0.3482821985151353,0.16704730940607673,0.18123488910905858,0.2470260071022244,0.284079908167558,0.8398884241475629,0.901644925923119,2
1194,IMG_20231129_140545_1194,frontal1,IMG_20231129_140545_1194_frontal1.jpg,614.6293094368137,104.89472974011143,2881.0,1646.0,1235.0,29.0,22.0,75.0,69.0,2.586206896551724,3.1363636363636362,0.26183995737058213,0.14959686561332114,0.112243091757261,0.2764676554470447,0.20973408344258565,0.7150025571906329,0.6578023526153822,2
1195,IMG_20231129_140637_1195,frontal1,IMG_20231129_140637_1195_frontal1.jpg,548.1329836896609,93.5477912759051,3729.0,1902.0,1827.0,31.0,29.0,88.0,94.0,2.838709677419355,3.2413793103448274,0.42611351353097227,0.21734188863928916,0.20877162489168313,0.3313814209527425,0.3100019744396623,0.9406956465755271,1.0048339861147675,2
1196,IMG_20231129_140901_1196,frontal1,IMG_20231129_140901_1196_frontal1.jpg,496.7534001904638,84.72629155275307,2704.0,1179.0,1525.0,23.0,23.0,66.0,85.0,2.869565217391304,3.6956521739130435,0.3766780309611919,0.16423942252338952,0.21243860843780238,0.2714623711068426,0.2714623711068426,0.7789789779587658,1.0032305019165924,2
1197,IMG_20231129_141211_1197,frontal1,IMG_20231129_141211_1197_frontal1.jpg,607.8832419996565,103.74497959521862,2669.0,1006.0,1663.0,19.0,29.0,72.0,79.0,3.789473684210526,2.7241379310344827,0.2479787089307823,0.09346818328376433,0.15451052564701798,0.183141392230566,0.279531598667706,0.694009486347408,0.761482630853406,2
1198,IMG_20231129_141823_1198,frontal1,IMG_20231129_141823_1198_frontal1.jpg,567.6663339353588,96.87583011975853,1665.0,809.0,856.0,19.0,20.0,59.0,57.0,3.1052631578947367,2.85,0.17741215201306823,0.08620206064779111,0.09121009136527712,0.19612735164707312,0.20644984383902434,0.6090270393251218,0.5883820549412194,2
1199,IMG_20231129_141908_1199,frontal1,IMG_20231129_141908_1199_frontal1.jpg,667.6077648567482,113.87175021689886,2721.0,1258.0,1463.0,25.0,26.0,70.0,73.0,2.8,2.8076923076923075,0.20984399710884516,0.09701718058174466,0.11282681652710051,0.21954523358410571,0.22832704292746994,0.614726654035496,0.6410720820655886,2
1200,IMG_20231129_142155_1200,frontal1,IMG_20231129_142155_1200_frontal1.jpg,616.6620232385324,105.19510735227684,2329.0,1120.0,1209.0,23.0,25.0,66.0,60.0,2.869565217391304,2.4,0.2104642840044794,0.1012108192722271,0.1092534647322523,0.21864134729173018,0.2376536383605763,0.6274056052719215,0.5703687320653831,2
1201,IMG_20231129_142526_1201,frontal1,IMG_20231129_142526_1201_frontal1.jpg,665.153680846273,113.4792962032958,2995.0,1324.0,1671.0,27.0,28.0,70.0,76.0,2.5925925925925926,2.7142857142857144,0.23257528372399125,0.10281458285494638,0.12976070086904487,0.23792886370770278,0.2467410438450251,0.6168526096125627,0.6697256904364967,2
1202,IMG_20231129_142932_1202,frontal1,IMG_20231129_142932_1202_frontal1.jpg,567.3554592855611,96.79479077329775,2551.0,954.0,1597.0,18.0,22.0,79.0,94.0,4.388888888888889,4.2727272727272725,0.2722741981905389,0.10182265193013487,0.17045154626040399,0.18596042055773068,0.22728495845944863,0.8161596235589291,0.9711266406903714,2
1203,IMG_20231129_144346_1203,frontal1,IMG_20231129_144346_1203_frontal1.jpg,592.4961866352998,101.09634355939485,4102.0,1937.0,2165.0,39.0,36.0,86.0,86.0,2.2051282051282053,2.388888888888889,0.4013513788160354,0.18952160428246234,0.21182977453357302,0.38577062855974814,0.35609596482438294,0.850673693747137,0.850673693747137,2
1204,IMG_20231129_144754_1204,frontal1,IMG_20231129_144754_1204_frontal1.jpg,507.61901423235815,86.63333424153514,3039.0,1288.0,1751.0,24.0,31.0,81.0,86.0,3.375,2.774193548387097,0.4049119940993588,0.17161126962815865,0.23330072447120015,0.27702962387535046,0.35782993083899434,0.9349749805793078,0.9926894855533391,2
1205,IMG_20231129_145013_1205,frontal1,IMG_20231129_145013_1205_frontal1.jpg,520.8846605217801,88.89747978609074,2542.0,1044.0,1498.0,20.0,29.0,66.0,71.0,3.3,2.4482758620689653,0.32165969672421274,0.13210571336745794,0.1895539833567548,0.2249782563929251,0.3262184717697414,0.7424282460966528,0.7986728101948841,2
1206,IMG_20231129_1059291140_1206,frontal1,IMG_20231129_1059291140_1206_frontal1.jpg,515.3857113534283,87.95846311557541,1747.0,891.0,856.0,17.0,20.0,65.0,54.0,3.823529411764706,2.7,0.2258071244204083,0.11516551108104396,0.11064161333936434,0.193273045001507,0.2273800529429494,0.7389851720645856,0.6139261429459634,2
1207,IMG_20231202_091014_1207,frontal1,IMG_20231202_091014_1207_frontal1.jpg,485.42073711884177,82.81842151416339,1185.0,426.0,759.0,14.0,19.0,45.0,55.0,3.2142857142857144,2.8947368421052633,0.17276845630054496,0.062109166568803505,0.11065928973174145,0.16904451623248767,0.22941755774409042,0.5433573736044247,0.6641034566276302,2
1208,IMG_20231202_091647_1208,frontal1,IMG_20231202_091647_1208_frontal1.jpg,438.6000442146228,74.8176396027967,1442.0,663.0,779.0,19.0,22.0,51.0,52.0,2.6842105263157894,2.3636363636363638,0.25760675979769565,0.11844194295830252,0.13916481683939314,0.2539508076019251,0.2940483035390712,0.6816574309314832,0.695023262910532,2
1209,IMG_20231202_092743_1209,frontal1,IMG_20231202_092743_1209_frontal1.jpg,378.8977103092212,64.6309267358039,952.0,330.0,622.0,12.0,16.0,46.0,55.0,3.8333333333333335,3.4375,0.2279062219794035,0.07900110635840668,0.14890511562099684,0.18566962607627757,0.24755950143503674,0.7117335666257306,0.8509857861829389,2
1210,IMG_20231202_093912_1210,frontal1,IMG_20231202_093912_1210_frontal1.jpg,426.9012259777902,72.85779330574753,956.0,444.0,512.0,16.0,16.0,40.0,43.0,2.5,2.6875,0.18009674583011298,0.08364325852360896,0.09645348730650402,0.21960588255611918,0.21960588255611918,0.5490147063902979,0.5901908093695704,2
1211,IMG_20231202_094502_1211,frontal1,IMG_20231202_094502_1211_frontal1.jpg,447.7159131107093,76.29430042667599,1150.0,602.0,548.0,17.0,17.0,50.0,46.0,2.9411764705882355,2.7058823529411766,0.19756665644295957,0.10342184972057535,0.0941448067223842,0.22282136286626228,0.22282136286626228,0.6553569496066538,0.6029283936381215,2
1212,IMG_20231202_110643_1212,frontal1,IMG_20231202_110643_1212_frontal1.jpg,552.9389649240796,94.24656846320649,2493.0,1199.0,1294.0,25.0,27.0,64.0,67.0,2.56,2.4814814814814814,0.280666892142504,0.13498580171635072,0.14568109042615332,0.26526164726899215,0.28648257905051155,0.6790698170086199,0.710901214680899,2
1213,IMG_20231202_113939_1213,frontal1,IMG_20231202_113939_1213_frontal1.jpg,648.1564331963348,110.61185567329035,2523.0,1070.0,1453.0,19.0,25.0,74.0,85.0,3.8947368421052633,3.4,0.20621198078418362,0.08745414959931687,0.11875783118486674,0.1717718221464389,0.22601555545584068,0.6690060441492884,0.7684528885498583,2
1214,IMG_20231202_120005_1214,frontal1,IMG_20231202_120005_1214_frontal1.jpg,526.335835039469,89.7835786540218,1281.0,616.0,665.0,22.0,23.0,53.0,53.0,2.409090909090909,2.3043478260869565,0.158911492333717,0.07641645532987484,0.08249503700384216,0.2450336724132629,0.25617156661386575,0.5903083926319516,0.5903083926319516,2
1215,IMG_20231202_120958_1215,frontal1,IMG_20231202_120958_1215_frontal1.jpg,523.0359742247687,89.19450424364003,2886.0,1665.0,1221.0,31.0,27.0,75.0,64.0,2.4193548387096775,2.3703703703703702,0.3627606194486259,0.20928497275882266,0.15347564668980326,0.34755504571584006,0.3027092333654091,0.8408589815705808,0.7175329976068956,2
1216,IMG_20231202_122753_1216,frontal1,IMG_20231202_122753_1216_frontal1.jpg,428.4040105799457,73.04566786387143,1500.0,719.0,781.0,17.0,19.0,56.0,58.0,3.2941176470588234,3.0526315789473686,0.28112685271535504,0.1347534714015602,0.14637338131379488,0.2327311187253617,0.2601112503401101,0.7666436852129562,0.7940238168277046,2
1217,IMG_20231202_124952_1217,frontal1,IMG_20231202_124952_1217_frontal1.jpg,546.5547582184869,93.27629227439414,1687.0,962.0,725.0,20.0,21.0,58.0,57.0,2.9,2.7142857142857144,0.19389764458395736,0.11056878132173502,0.08332886326222234,0.21441675598731239,0.22513759378667803,0.621808592363206,0.6110877545638403,2
1218,IMG_20231205_091751_1218,frontal1,IMG_20231205_091751_1218_frontal1.jpg,507.4378014990758,86.58536525610965,1331.0,761.0,570.0,18.0,15.0,60.0,52.0,3.3333333333333335,3.466666666666667,0.1775370784274509,0.1015069246305711,0.07603015379687979,0.20788732537834828,0.17323943781529025,0.692957751261161,0.6005633844263395,2
1219,IMG_20231205_092026_1219,frontal1,IMG_20231205_092026_1219_frontal1.jpg,501.4737055656591,85.5536210490696,1315.0,577.0,738.0,14.0,18.0,53.0,55.0,3.7857142857142856,3.0555555555555554,0.17965899310027988,0.0788313604706171,0.10082763262966278,0.16364006372062553,0.21039436764080427,0.6194945269423681,0.6428716789024574,2
1220,IMG_20231205_092307_1220,frontal1,IMG_20231205_092307_1220_frontal1.jpg,568.3343789920461,96.98935613840798,2746.0,1482.0,1264.0,26.0,29.0,79.0,72.0,3.0384615384615383,2.4827586206896552,0.2919122902845791,0.15754334093290104,0.13436894935167806,0.26807065264869767,0.2990018818004705,0.8145223676633506,0.7423494996425474,2
1221,IMG_20231205_092552_1221,frontal1,IMG_20231205_092552_1221_frontal1.jpg,463.6185374541336,79.06852964520705,2064.0,999.0,1065.0,20.0,21.0,67.0,71.0,3.35,3.380952380952381,0.3301432083365962,0.15979315170942812,0.1703500566271681,0.25294513619695663,0.2655923930068045,0.8473662062598047,0.897955233499196,2
1222,IMG_20231205_092852_1222,frontal1,IMG_20231205_092852_1222_frontal1.jpg,503.496102625528,85.92774129249301,1337.0,815.0,522.0,17.0,13.0,65.0,60.0,3.823529411764706,4.615384615384615,0.1810775522547505,0.11038010851729368,0.07069744373745682,0.19784064778489863,0.15128990712962836,0.7564495356481419,0.698261109829054,2
1223,IMG_20231205_093120_1223,frontal1,IMG_20231205_093120_1223_frontal1.jpg,468.6445682840696,79.87682096838999,1319.0,730.0,589.0,17.0,13.0,56.0,58.0,3.2941176470588234,4.461538461538462,0.20672987954547462,0.11441456563168799,0.09231531391378661,0.21282769887308717,0.1627505932558902,0.7010794786407577,0.7261180314493562,2
1224,IMG_20231205_093434_1224,frontal1,IMG_20231205_093434_1224_frontal1.jpg,446.8968794131805,76.25188530484898,1475.0,917.0,558.0,20.0,17.0,65.0,49.0,3.25,2.8823529411764706,0.25368269829264556,0.15771324361651254,0.09596945467613303,0.2622885968004802,0.2229453072804082,0.8524379396015608,0.6426070621611766,2
1225,IMG_20231205_093659_1225,frontal1,IMG_20231205_093659_1225_frontal1.jpg,459.8662186085245,78.46556201308677,783.0,623.0,160.0,15.0,8.0,54.0,27.0,3.6,3.375,0.12717553771512857,0.10118819922927855,0.02598733848585003,0.1911666674546758,0.10195555597582709,0.6882000028368329,0.34410000141841646,2
1226,IMG_20231205_093935_1226,frontal1,IMG_20231205_093935_1226_frontal1.jpg,486.2420460953497,82.98339180336635,1095.0,571.0,524.0,15.0,15.0,49.0,55.0,3.2666666666666666,3.6666666666666665,0.159012679320296,0.08291894054053792,0.07609373877975809,0.18075906122930374,0.18075906122930374,0.5904796000157255,0.6627832245074471,2
1227,IMG_20231205_094219_1227,frontal1,IMG_20231205_094219_1227_frontal1.jpg,485.9329334121143,82.93014503420088,1161.0,541.0,620.0,16.0,16.0,54.0,53.0,3.375,3.3125,0.16881357609096206,0.0786633459648669,0.09015023012609516,0.1929334621735137,0.1929334621735137,0.6511504348356087,0.6390920934497641,2
1228,IMG_20231205_094517_1228,frontal1,IMG_20231205_094517_1228_frontal1.jpg,488.0539564646238,83.29098318678884,1696.0,866.0,830.0,19.0,22.0,61.0,67.0,3.210526315789474,3.0454545454545454,0.24447241948733903,0.12483084627124741,0.11964157321609163,0.22811592891622484,0.26413423348194454,0.7323721928363008,0.8044088019677402,2
1229,IMG_20231205_094806_1229,frontal1,IMG_20231205_094806_1229_frontal1.jpg,493.0502782847928,84.13699431252819,1656.0,939.0,717.0,21.0,17.0,67.0,53.0,3.1904761904761907,3.1176470588235294,0.2339302288972509,0.13264522037108611,0.10128500852616479,0.24959294269528062,0.20205142980094146,0.796320340980181,0.629925045849994,2
1230,IMG_20231205_095122_1230,frontal1,IMG_20231205_095122_1230_frontal1.jpg,489.268965096396,83.49101792712597,1402.0,719.0,683.0,17.0,18.0,56.0,52.0,3.2941176470588234,2.888888888888889,0.20112613205387664,0.10314528455544744,0.09798084749842921,0.2036147171524274,0.21559205345551138,0.6707308329727021,0.6228214877603662,2
1231,IMG_20231205_095400_1231,frontal1,IMG_20231205_095400_1231_frontal1.jpg,475.7066719448064,81.17319409687734,1594.0,846.0,748.0,18.0,20.0,60.0,68.0,3.3333333333333335,3.4,0.24191513840750833,0.12839410733547807,0.11352103107203025,0.22174808075825667,0.24638675639806298,0.7391602691941889,0.8377149717534141,2
1232,IMG_20231205_095644_1232,frontal1,IMG_20231205_095644_1232_frontal1.jpg,514.1088248985589,87.60789004009584,1772.0,1084.0,688.0,23.0,19.0,67.0,56.0,2.9130434782608696,2.9473684210526314,0.2308751953095427,0.141235164625025,0.0896400306845177,0.26253343151482705,0.21687544342529191,0.7647713004997135,0.639211833253492,2
1233,IMG_20231205_095919_1233,frontal1,IMG_20231205_095919_1233_frontal1.jpg,431.8623917915886,73.68788080983224,315.0,315.0,,13.0,,40.0,,3.076923076923077,,0.05801207772080756,0.05801207772080756,,0.17641978378438317,,0.5428301039519482,,1
1234,IMG_20231205_100141_1234,frontal1,IMG_20231205_100141_1234_frontal1.jpg,531.4853562225904,90.65124009487975,1264.0,688.0,576.0,15.0,17.0,62.0,60.0,4.133333333333334,3.5294117647058822,0.15381531345009036,0.08372225921966944,0.07009305423042092,0.1654693304173259,0.1875319078063027,0.6839398990582805,0.6618773216693036,2
1235,IMG_20231205_100406_1235,frontal1,IMG_20231205_100406_1235_frontal1.jpg,488.3739951017257,83.341774434166,163.0,,163.0,,7.0,,36.0,,5.142857142857143,0.02346724561394287,,0.02346724561394287,,0.0839914922321398,,0.43195624576529035,1
1236,IMG_20231205_100623_1236,frontal1,IMG_20231205_100623_1236_frontal1.jpg,526.5221956811083,89.84653086974828,1302.0,477.0,825.0,14.0,17.0,47.0,62.0,3.357142857142857,3.6470588235294117,0.1612903403766771,0.059090239907584476,0.10220010046909264,0.1558212639316702,0.18921153477417094,0.5231142431991785,0.6900655974116823,2
1237,IMG_20231205_100901_1237,frontal1,IMG_20231205_100901_1237_frontal1.jpg,499.5151491413968,85.11551104057065,1192.0,428.0,764.0,16.0,22.0,39.0,60.0,2.4375,2.727272727272727,0.1645352037506334,0.05907807651448918,0.10545712723614424,0.18797983827381987,0.2584722776265023,0.4582008557924359,0.7049243935268245,2
1238,IMG_20231205_101130_1238,frontal1,IMG_20231205_101130_1238_frontal1.jpg,510.2066942051946,87.05943434094284,1991.0,896.0,1095.0,21.0,23.0,61.0,67.0,2.9047619047619047,2.9130434782608696,0.26268760317566847,0.11821601830507229,0.14447158487059616,0.24121452383620637,0.26418733563013075,0.7006707597146946,0.769589195096468,2
1239,IMG_20231205_101342_1239,frontal1,IMG_20231205_101342_1239_frontal1.jpg,502.2349493485206,85.70963914341685,1860.0,1029.0,831.0,21.0,22.0,66.0,61.0,3.142857142857143,2.772727272727273,0.25319411722548213,0.14007351969087156,0.11312059753461055,0.24501328216842644,0.2566805813193039,0.7700417439579117,0.7117052482035244,2
1240,IMG_20231205_101604_1240,frontal1,IMG_20231205_101604_1240_frontal1.jpg,541.9807557895363,92.49103222390234,1991.0,908.0,1083.0,20.0,25.0,63.0,70.0,3.15,2.8,0.23274052380311952,0.10614183606892642,0.12659868773419308,0.2162371801796307,0.27029647522453837,0.6811471175658368,0.7568301306287075,2
1241,IMG_20231205_101831_1241,frontal1,IMG_20231205_101831_1241_frontal1.jpg,519.1912284015066,88.60789137783635,590.0,298.0,292.0,12.0,12.0,37.0,39.0,3.0833333333333335,3.25,0.07514623188210424,0.03795521542519841,0.037191016456905826,0.13542811834704804,0.13542811834704804,0.41757003157006484,0.44014138462790614,2
1242,IMG_20231205_102056_1242,frontal1,IMG_20231205_102056_1242_frontal1.jpg,442.61572563732256,75.53410919963855,964.0,557.0,407.0,16.0,13.0,53.0,51.0,3.3125,3.923076923076923,0.16896268811567064,0.09762678141123293,0.07133590670443771,0.21182483211275582,0.1721076760916141,0.7016697563735036,0.6751916523594091,2
1243,IMG_20231205_102319_1243,frontal1,IMG_20231205_102319_1243_frontal1.jpg,528.2356532633229,90.15198604831892,1966.0,1033.0,933.0,20.0,17.0,69.0,70.0,3.45,4.117647058823529,0.24189835563901174,0.12710122145223762,0.11479713418677415,0.2218475806986722,0.18857044359387135,0.765374153410419,0.7764665324453527,2
1244,IMG_20231205_102549_1244,frontal1,IMG_20231205_102549_1244_frontal1.jpg,481.2697276303108,82.0398237974657,525.0,223.0,302.0,10.0,10.0,33.0,40.0,3.3,4.0,0.07800274128078032,0.0331325929630743,0.04487014831770601,0.12189202191227659,0.12189202191227659,0.4022436723105128,0.48756808764910636,2
1245,IMG_20231205_102807_1245,frontal1,IMG_20231205_102807_1245_frontal1.jpg,464.34610010183394,79.23840024183498,1425.0,775.0,650.0,18.0,19.0,60.0,56.0,3.3333333333333335,2.9473684210526314,0.22695693957214721,0.12343272152169409,0.10352421805045312,0.2271625871429022,0.2397827308730634,0.7572086238096739,0.706728048889029,2
1246,IMG_20231205_103011_1246,frontal1,IMG_20231205_103011_1246_frontal1.jpg,446.0359197231,76.08965201133915,531.0,319.0,212.0,12.0,8.0,43.0,36.0,3.5833333333333335,4.5,0.09171562401873506,0.055098463393552705,0.03661716062518236,0.1577086986573643,0.10513913243824287,0.5651228368555554,0.4731260959720929,2
1247,IMG_20231205_103300_1247,frontal1,IMG_20231205_103300_1247_frontal1.jpg,452.52566558943215,77.2304468402568,1406.0,900.0,506.0,21.0,15.0,58.0,52.0,2.761904761904762,3.466666666666667,0.23572640096414538,0.15089172181204186,0.08483467915210352,0.2719134856675934,0.19422391833399527,0.7509991508914483,0.6733095835578502,2
1248,IMG_20231205_103534_1248,frontal1,IMG_20231205_103534_1248_frontal1.jpg,509.22768241080087,86.87707466312997,2360.0,1104.0,1256.0,21.0,27.0,71.0,76.0,3.380952380952381,2.814814814814815,0.3126810957643261,0.1462711566626339,0.16640993910169222,0.24172084616601683,0.3107839450705931,0.8172466703708189,0.874799252791299,2
1249,IMG_20231205_103815_1249,frontal1,IMG_20231205_103815_1249_frontal1.jpg,421.7988217269293,71.94639215872094,987.0,376.0,611.0,15.0,17.0,41.0,48.0,2.7333333333333334,2.823529411764706,0.19067735173710915,0.07263899113794635,0.11803836059916281,0.20848856419246845,0.23628703941813092,0.5698687421260804,0.667163405415899,2
1250,IMG_20231205_104049_1250,frontal1,IMG_20231205_104049_1250_frontal1.jpg,510.9467637126161,87.19737000745387,1399.0,574.0,825.0,16.0,20.0,49.0,65.0,3.0625,3.25,0.18399708473599916,0.07549272811898751,0.10850435661701166,0.18349177272929534,0.2293647159116192,0.561943553983467,0.7454353267127624,2
1251,IMG_20231205_104343_1251,frontal1,IMG_20231205_104343_1251_frontal1.jpg,466.33467079238926,79.58778381446537,1649.0,661.0,988.0,15.0,22.0,56.0,63.0,3.7333333333333334,2.8636363636363638,0.26033216640736945,0.10435388841435489,0.15597827799301456,0.188471135657803,0.2764243322981111,0.7036255731224645,0.7915787697627726,2
1252,IMG_20231205_104651_1252,frontal1,IMG_20231205_104651_1252_frontal1.jpg,441.9114020331104,75.41521114025323,924.0,464.0,460.0,13.0,14.0,46.0,53.0,3.5384615384615383,3.7857142857142856,0.16246285040928532,0.08158307639600475,0.08087977401328056,0.17237901748790818,0.18563894191005495,0.6099565234187521,0.7027759943737795,2
1253,IMG_20231205_104958_1253,frontal1,IMG_20231205_104958_1253_frontal1.jpg,484.5389226130435,82.68980901814076,978.0,349.0,629.0,12.0,20.0,40.0,53.0,3.3333333333333335,2.65,0.14303254857592362,0.051041267334353116,0.09199128124157052,0.14512066411191493,0.24186777351985822,0.48373554703971644,0.6409495998276242,2
1254,IMG_20231205_105233_1254,frontal1,IMG_20231205_105233_1254_frontal1.jpg,441.67672104569135,75.36536626100252,1401.0,879.0,522.0,20.0,15.0,61.0,54.0,3.05,3.6,0.24665760322190106,0.1547551985953255,0.09190240462657556,0.26537388448079385,0.19903041336059538,0.8093903476664212,0.7165094880981433,2
1255,IMG_20231205_105535_1255,frontal1,IMG_20231205_105535_1255_frontal1.jpg,465.8781639311685,79.50982619834762,1355.0,710.0,645.0,18.0,19.0,57.0,52.0,3.1666666666666665,2.736842105263158,0.21433726611240303,0.11230956379321487,0.10202770231918816,0.22638711289717392,0.2389641747247947,0.7168925241743841,0.6540072150362802,2
1256,IMG_20231205_105756_1256,frontal1,IMG_20231205_105756_1256_frontal1.jpg,422.8550247775296,72.16182117497434,1084.0,522.0,562.0,13.0,19.0,49.0,50.0,3.769230769230769,2.6315789473684212,0.20816816405394348,0.10024334099276615,0.10792482306117734,0.18015066399832477,0.26329712430524393,0.6790294258398396,0.6928871692243261,2
1257,IMG_20231205_110148_1257,frontal1,IMG_20231205_110148_1257_frontal1.jpg,412.782900543098,70.42560503497172,489.0,336.0,153.0,13.0,10.0,39.0,24.0,3.0,2.4,0.09859336414805527,0.0677451336477435,0.030848230500311772,0.18459195336049297,0.1419938102773023,0.5537758600814789,0.3407851446655255,2
1258,IMG_20231205_110506_1258,frontal1,IMG_20231205_110506_1258_frontal1.jpg,452.40161180301953,77.20986591320532,1531.0,700.0,831.0,17.0,23.0,53.0,60.0,3.1176470588235294,2.608695652173913,0.25682044504363727,0.11742280308984068,0.13939764195379659,0.22017911569889756,0.29788939182792024,0.6864407724730335,0.7771027612902266,2
1259,IMG_20231205_110803_1259,frontal1,IMG_20231205_110803_1259_frontal1.jpg,460.0912660501527,78.49048325391018,1760.0,970.0,790.0,21.0,19.0,61.0,59.0,2.9047619047619047,3.1052631578947367,0.2856792268705293,0.1574482102638713,0.12823101660665806,0.26754835910573704,0.24206756300042873,0.7771642812119027,0.7516834851065944,2
1260,IMG_20231205_111022_1260,frontal1,IMG_20231205_111022_1260_frontal1.jpg,425.4483140932514,72.60969312141971,779.0,384.0,395.0,15.0,15.0,40.0,38.0,2.6666666666666665,2.533333333333333,0.14775706477476483,0.07283531819449254,0.07492174658027229,0.2065839883790258,0.2065839883790258,0.5508906356774022,0.5233461038935321,2
1261,IMG_20231205_111300_1261,frontal1,IMG_20231205_111300_1261_frontal1.jpg,448.39791948411454,76.29447967757811,852.0,378.0,474.0,13.0,13.0,41.0,46.0,3.1538461538461537,3.5384615384615383,0.14637043507467695,0.06493899584299048,0.08143143923168647,0.17039240656648086,0.17039240656648086,0.5373914360942857,0.6029269770813938,2
1262,IMG_20231205_111532_1262,frontal1,IMG_20231205_111532_1262_frontal1.jpg,481.6880035921756,82.16803670102378,1779.0,789.0,990.0,19.0,23.0,52.0,61.0,2.736842105263158,2.652173913043478,0.2634936343445624,0.11686142636192229,0.14663220798264012,0.23123346696396443,0.27991419685111485,0.6328494885329553,0.7423811307790438,2
1263,IMG_20231205_111802_1263,frontal1,IMG_20231205_111802_1263_frontal1.jpg,416.02913865132746,70.89838238551918,526.0,366.0,160.0,15.0,10.0,38.0,28.0,2.533333333333333,2.8,0.10464370100742436,0.07281291743102151,0.031830783576402844,0.2115704124028606,0.14104694160190706,0.5359783780872468,0.39493143648533974,2
1264,IMG_20231205_112019_1264,frontal1,IMG_20231205_112019_1264_frontal1.jpg,441.8953750861219,75.41242419751045,832.0,520.0,312.0,16.0,13.0,42.0,34.0,2.625,2.6153846153846154,0.14629770816808102,0.09143606760505064,0.05486164056303039,0.21216663129797914,0.17238538792960806,0.5569374071571953,0.4508540915082057,2
1265,IMG_20231205_112242_1265,frontal1,IMG_20231205_112242_1265_frontal1.jpg,437.5386366462079,74.65342506984344,677.0,499.0,178.0,16.0,7.0,44.0,32.0,2.75,4.571428571428571,0.12147563924102868,0.08953669716583945,0.03193894207518923,0.21432372305799627,0.09376662883787336,0.5893902384094897,0.42864744611599254,2
1266,IMG_20231205_120058_1266,frontal1,IMG_20231205_120058_1266_frontal1.jpg,400.72546059233406,68.38404756743836,972.0,706.0,266.0,17.0,12.0,58.0,35.0,3.411764705882353,2.9166666666666665,0.20785317353721142,0.15097154374204863,0.0568816297951628,0.24859598992345538,0.17547952229890967,0.8481510244447301,0.5118152733718199,2
1267,IMG_20231205_120416_1267,frontal1,IMG_20231205_120416_1267_frontal1.jpg,444.6661288755032,75.88563756729847,1183.0,635.0,548.0,18.0,17.0,54.0,48.0,3.0,2.823529411764706,0.20543080598348698,0.11026928300888778,0.0951615229745992,0.2371990349825666,0.22402131081686844,0.7115971049476998,0.6325307599535109,2
1268,IMG_20231205_120728_1268,frontal1,IMG_20231205_120728_1268_frontal1.jpg,418.4356891696729,71.39439574569045,1652.0,1069.0,583.0,27.0,20.0,62.0,48.0,2.2962962962962963,2.4,0.32410206526870783,0.2097246415086251,0.11437742376008274,0.3781809442883308,0.28013403280617094,0.86841550169913,0.6723216787348103,2
1269,IMG_20231205_121035_1269,frontal1,IMG_20231205_121035_1269_frontal1.jpg,435.8888748549449,74.37114016133205,1061.0,468.0,593.0,15.0,16.0,47.0,57.0,3.1333333333333333,3.5625,0.19182557326510827,0.08461297670883192,0.10721259655627634,0.20169113943205327,0.21513721539419017,0.6319655702204336,0.7664263298418025,2
1270,IMG_20231205_121303_1270,frontal1,IMG_20231205_121303_1270_frontal1.jpg,435.8889384272353,74.37277458532596,1367.0,921.0,446.0,22.0,14.0,62.0,47.0,2.8181818181818183,3.357142857142857,0.24713858000620667,0.1665066804577296,0.08063189954847709,0.2958071703343536,0.18824092657640684,0.8336383891240874,0.6319516820779373,2
1271,IMG_20231205_121529_1271,frontal1,IMG_20231205_121529_1271_frontal1.jpg,457.67158125611104,78.10256790544588,687.0,351.0,336.0,13.0,11.0,37.0,38.0,2.8461538461538463,3.4545454545454546,0.11262274563534219,0.05754087877438881,0.055081866860953385,0.1664477922894715,0.1408404396295528,0.47373602420849587,0.4865397005384552,2
1272,IMG_20231205_122029_1272,frontal1,IMG_20231205_122029_1272_frontal1.jpg,445.3684655592176,75.98048608418613,901.0,403.0,498.0,16.0,15.0,36.0,44.0,2.25,2.933333333333333,0.15607044035239986,0.06980731127859838,0.08626312907380147,0.21058038484081365,0.1974191107882628,0.4738058658918307,0.5790960583122375,2
1273,IMG_20231205_122118_1273,frontal1,IMG_20231205_122118_1273_frontal1.jpg,472.3607510772016,80.61622438856847,1076.0,611.0,465.0,17.0,12.0,51.0,49.0,3.0,4.083333333333333,0.16556455362906802,0.09401481623360647,0.07154973739546155,0.2108756658964871,0.14885341122104973,0.6326269976894613,0.6078180958192864,2
1274,IMG_20231205_122441_1274,frontal1,IMG_20231205_122441_1274_frontal1.jpg,425.939184543935,72.69361325430421,1678.0,877.0,801.0,24.0,27.0,58.0,56.0,2.4166666666666665,2.074074074074074,0.317540733960845,0.16596139671255128,0.1515793372482937,0.3301528005774146,0.3714219006495914,0.7978692680620852,0.770356534680634,2
1275,IMG_20231205_122714_1275,frontal1,IMG_20231205_122714_1275_frontal1.jpg,434.9266297029769,74.19757193921131,1162.0,562.0,600.0,17.0,21.0,47.0,49.0,2.764705882352941,2.3333333333333335,0.2110701121812173,0.1020838236194872,0.10898628856173011,0.2291180096018207,0.28302812950813144,0.6334439088991514,0.6603989688523068,2
1276,IMG_20231205_122949_1276,frontal1,IMG_20231205_122949_1276_frontal1.jpg,409.16114819948393,69.71991209862927,244.0,,244.0,,12.0,,32.0,,2.6666666666666665,0.05019681530406677,,0.05019681530406677,,0.1721172565883933,,0.4589793509023821,1
1277,IMG_20231205_123330_1277,frontal1,IMG_20231205_123330_1277_frontal1.jpg,451.7130232386415,77.0084166780406,1449.0,572.0,877.0,21.0,24.0,49.0,57.0,2.3333333333333335,2.375,0.2443385526691872,0.09645386620205319,0.14788468646713399,0.27269746484721935,0.3116542455396793,0.6362940846435119,0.7401788331567383,2
1278,IMG_20231205_123552_1278,frontal1,IMG_20231205_123552_1278_frontal1.jpg,397.64921708494376,67.86487755492577,521.0,245.0,276.0,12.0,15.0,31.0,26.0,2.5833333333333335,1.7333333333333334,0.1131221325108602,0.0531956285319784,0.059926503978881794,0.17682195020963412,0.22102743776204264,0.45679003804155477,0.38311422545420726,2
1279,IMG_20231205_123757_1279,frontal1,IMG_20231205_123757_1279_frontal1.jpg,406.03257778566126,69.14854598693594,557.0,,557.0,,16.0,,52.0,,3.25,0.11649011935607108,,0.11649011935607108,,0.23138592101449015,,0.752004243297093,1
1280,IMG_20231205_124015_1280,frontal1,IMG_20231205_124015_1280_frontal1.jpg,424.119488631722,72.36436927657637,1245.0,518.0,727.0,15.0,20.0,44.0,54.0,2.933333333333333,2.7,0.23774959679493657,0.09891910934921859,0.13883048744571796,0.20728433274489066,0.2763791103265209,0.6080340427183459,0.7462235978816064,2
1281,IMG_20231205_124238_1281,frontal1,IMG_20231205_124238_1281_frontal1.jpg,474.04737639188215,80.90110058021958,643.0,200.0,443.0,8.0,12.0,42.0,48.0,5.25,4.0,0.09824311253478932,0.03055773329231394,0.06768537924247538,0.09888617018340057,0.14832925527510085,0.519152393462853,0.5933170211004034,2
1282,IMG_20231205_124544_1282,frontal1,IMG_20231205_124544_1282_frontal1.jpg,422.9358898714626,72.17774846409472,345.0,163.0,182.0,8.0,8.0,28.0,29.0,3.5,3.625,0.06622354638358857,0.031288226262391125,0.034935320121197454,0.11083748343826008,0.11083748343826008,0.38793119203391024,0.40178587746369276,2
1283,IMG_20231205_124921_1283,frontal1,IMG_20231205_124921_1283_frontal1.jpg,426.0229766674333,72.70011574562086,0.0,,,,,,,,,,,,,,,,0
1284,IMG_20231205_125004_1284,frontal1,IMG_20231205_125004_1284_frontal1.jpg,442.2782993777487,75.47936576321183,1070.0,543.0,527.0,17.0,17.0,46.0,50.0,2.7058823529411766,2.9411764705882355,0.18781371068173341,0.09531107000016939,0.09250264068156404,0.22522711774408805,0.22522711774408805,0.6094380833075324,0.6624326992473178,2
1285,IMG_20231205_125233_1285,frontal1,IMG_20231205_125233_1285_frontal1.jpg,458.372784054316,78.21652085528132,1498.0,814.0,684.0,20.0,17.0,62.0,61.0,3.1,3.588235294117647,0.24485829716847807,0.1330538410514961,0.11180445611698198,0.25570045536804986,0.21734538706284237,0.7926714116409546,0.779886388872552,2
1286,IMG_20231205_125457_1286,frontal1,IMG_20231205_125457_1286_frontal1.jpg,459.0380249820605,78.32879657551868,831.0,422.0,409.0,12.0,14.0,49.0,42.0,4.083333333333333,3.0,0.13544348363330527,0.06878116738057138,0.06666231625273389,0.15320036212263916,0.17873375580974568,0.6255681453341099,0.536201267429237,2
1287,IMG_20231205_125738_1287,frontal1,IMG_20231205_125738_1287_frontal1.jpg,462.7464595561952,78.97415718493625,1297.0,551.0,746.0,15.0,18.0,52.0,58.0,3.466666666666667,3.2222222222222223,0.20795529191485468,0.08834492355056664,0.11961036836428804,0.1899355502442911,0.2279226602931493,0.6584432408468758,0.7344174609445921,2
1288,IMG_20231205_130037_1288,frontal1,IMG_20231205_130037_1288_frontal1.jpg,450.7262598606056,76.92386904847733,1297.0,704.0,593.0,17.0,16.0,55.0,57.0,3.235294117647059,3.5625,0.21918848573281433,0.11897354969614594,0.10021493603666838,0.2209977242471595,0.20799785811497365,0.7149926372702219,0.7409923695345936,2
1289,IMG_20231205_130336_1289,frontal1,IMG_20231205_130336_1289_frontal1.jpg,467.2218655899211,79.698122247438,1831.0,940.0,891.0,24.0,22.0,56.0,61.0,2.3333333333333335,2.772727272727273,0.2882651663805063,0.14798976318824464,0.14027540319226167,0.30113632947947544,0.2760416353561858,0.7026514354521094,0.7653881707603334,2
1290,IMG_20231205_130742_1290,frontal1,IMG_20231205_130742_1290_frontal1.jpg,454.0218712377336,77.48194903106261,1397.0,753.0,644.0,19.0,15.0,60.0,55.0,3.1578947368421053,3.6666666666666665,0.23269943708236132,0.12542782829135152,0.1072716087910098,0.24521840554608243,0.19359347806269667,0.7743739122507867,0.7098427528965544,2
1291,IMG_20231205_130840_1291,frontal1,IMG_20231205_130840_1291_frontal1.jpg,474.7033371463707,80.99726054578277,968.0,762.0,206.0,17.0,9.0,61.0,34.0,3.588235294117647,3.7777777777777777,0.1475484651211157,0.11614868845277908,0.0313997766683366,0.20988364156329642,0.11111486906292163,0.7531118903153577,0.41976728312659284,2
1292,IMG_20231205_131520_1292,frontal1,IMG_20231205_131520_1292_frontal1.jpg,444.2785401094678,75.79601090554557,686.0,401.0,285.0,15.0,14.0,36.0,29.0,2.4,2.0714285714285716,0.1194074479713842,0.06979939742933683,0.04960805054204737,0.19789959683620412,0.1847062903804572,0.4749590324068899,0.38260588721666133,2
1293,IMG_20231205_131802_1293,frontal1,IMG_20231205_131802_1293_frontal1.jpg,403.545607794125,68.86856467086075,1025.0,534.0,491.0,19.0,19.0,40.0,37.0,2.1052631578947367,1.9473684210526316,0.21611345278157654,0.11258983783937744,0.1035236149421991,0.2758878465204774,0.2758878465204774,0.5808165189904787,0.5372552800661927,2
1294,IMG_20231205_132010_1294,frontal1,IMG_20231205_132010_1294_frontal1.jpg,392.5187095746067,66.98978333235307,1360.0,696.0,664.0,17.0,19.0,59.0,55.0,3.4705882352941178,2.8947368421052633,0.30305521521458756,0.15509296308040657,0.14796225213418096,0.2537700400620606,0.28362533889289127,0.8807313155095046,0.8210207178478433,2
1295,IMG_20231205_132246_1295,frontal1,IMG_20231205_132246_1295_frontal1.jpg,441.00704626264206,75.26401219245257,745.0,346.0,399.0,12.0,13.0,41.0,45.0,3.4166666666666665,3.4615384615384617,0.13151689305951428,0.061080328857170386,0.07043656420234388,0.15943874968179483,0.17272531215527775,0.544749061412799,0.5978953113067307,2
1296,IMG_20231205_132625_1296,frontal1,IMG_20231205_132625_1296_frontal1.jpg,444.6849942650165,75.88654095109689,1010.0,445.0,565.0,17.0,17.0,50.0,52.0,2.9411764705882355,3.0588235294117645,0.1753847625535186,0.07727348449140176,0.09811127806211682,0.2240186439773979,0.2240186439773979,0.6588783646394055,0.6852334992249818,2
1297,IMG_20231205_132951_1297,frontal1,IMG_20231205_132951_1297_frontal1.jpg,435.3939581189484,74.23296931400162,1291.0,663.0,628.0,18.0,19.0,52.0,52.0,2.888888888888889,2.736842105263158,0.2342785767244574,0.12031502429768805,0.11396355242676937,0.24247985991050594,0.2559509632388674,0.700497373074795,0.700497373074795,2
1298,IMG_20231205_133240_1298,frontal1,IMG_20231205_133240_1298_frontal1.jpg,419.5565510633472,71.4800712530007,1263.0,594.0,669.0,18.0,19.0,49.0,50.0,2.7222222222222223,2.6315789473684212,0.24719142268431718,0.11625629855461948,0.1309351241296977,0.2518184395240704,0.2658083528309632,0.6855057520377472,0.69949566534464,2
1299,IMG_20231205_133522_1299,frontal1,IMG_20231205_133522_1299_frontal1.jpg,430.6920437574603,73.50011623831823,1124.0,565.0,559.0,16.0,15.0,47.0,52.0,2.9375,3.466666666666667,0.20806079778897993,0.1045857213085175,0.10347507648046245,0.21768673056408896,0.2040813099038334,0.6394547710320113,0.7074818743332891,2
1300,IMG_20231205_133739_1300,frontal1,IMG_20231205_133739_1300_frontal1.jpg,500.38628493216254,85.36267403592858,2263.0,1147.0,1116.0,25.0,27.0,60.0,70.0,2.4,2.5925925925925926,0.31056215499926143,0.15740821554757087,0.15315393945169056,0.2928680513157035,0.31629749542095975,0.7028833231576883,0.8200305436839698,2
1301,IMG_20231205_134013_1301,frontal1,IMG_20231205_134013_1301_frontal1.jpg,470.8645815853407,80.35690868847134,710.0,327.0,383.0,12.0,14.0,39.0,44.0,3.25,3.142857142857143,0.10995422108095639,0.05064088773728555,0.05931333334367084,0.1493337685067223,0.17422272992450935,0.4853347476468475,0.5475571511913151,2
1302,IMG_20231205_134314_1302,frontal1,IMG_20231205_134314_1302_frontal1.jpg,439.7337293688947,75.04407471789695,1237.0,643.0,594.0,17.0,18.0,54.0,56.0,3.176470588235294,3.111111111111111,0.21965287156517954,0.11417687665029139,0.10547599491488815,0.2265335413076356,0.2398590437374965,0.7195771312124896,0.7462281360722114,2
1303,IMG_20231205_134512_1303,frontal1,IMG_20231205_134512_1303_frontal1.jpg,443.7540014516444,75.72559550343495,448.0,207.0,241.0,10.0,12.0,30.0,29.0,3.0,2.4166666666666665,0.07812546574529855,0.036098150467135715,0.042027315278162836,0.13205574592736474,0.1584668951128377,0.3961672377820943,0.38296166318935776,2
1304,IMG_20231205_134717_1304,frontal1,IMG_20231205_134717_1304_frontal1.jpg,467.3699080369015,79.71944669998202,995.0,486.0,509.0,20.0,21.0,38.0,36.0,1.9,1.7142857142857142,0.15656494479024166,0.07647292780709292,0.08009201698314874,0.25087981449831753,0.2634238052232334,0.4766716475468033,0.4515836660969716,2
1305,IMG_20231205_135054_1305,frontal1,IMG_20231205_135054_1305_frontal1.jpg,446.7313941329548,76.20775416918613,1221.0,725.0,496.0,20.0,17.0,53.0,46.0,2.65,2.7058823529411766,0.21024096316735869,0.12483595274065115,0.08540501042670755,0.26244048546029464,0.22307441264125044,0.6954672864697807,0.6036131165586777,2
1306,IMG_20231205_135128_1306,frontal1,IMG_20231205_135128_1306_frontal1.jpg,454.4044552733645,77.55055350895103,1928.0,985.0,943.0,24.0,26.0,59.0,59.0,2.4583333333333335,2.269230769230769,0.32058059142845285,0.16378209676194297,0.15679849466650986,0.3094755474212041,0.3352651763729711,0.7607940540771267,0.7607940540771267,2
1307,IMG_20231206_093501_1307,frontal1,IMG_20231206_093501_1307_frontal1.jpg,555.0657852245371,94.72508116376069,1735.0,681.0,1054.0,18.0,22.0,59.0,68.0,3.2777777777777777,3.090909090909091,0.19336127762808036,0.07589569456179984,0.11746558306628052,0.19002359015012724,0.2322510546279333,0.6228551010476393,0.7178668961227029,2
1308,IMG_20231206_093728_1308,frontal1,IMG_20231206_093728_1308_frontal1.jpg,529.735850676833,90.37112333913207,1591.0,880.0,711.0,22.0,16.0,60.0,62.0,2.727272727272727,3.875,0.19480980795009217,0.10775149654059152,0.08705831140950064,0.24344059459614648,0.1770477051608338,0.6639288943531267,0.686059857498231,2
1309,IMG_20231206_093957_1309,frontal1,IMG_20231206_093957_1309_frontal1.jpg,583.2481302034698,99.52378004483357,2920.0,1395.0,1525.0,27.0,28.0,71.0,79.0,2.6296296296296298,2.8214285714285716,0.29480111784214574,0.14083820527047716,0.15396291257166858,0.2712919463854469,0.28133979625157457,0.7133973404950641,0.7937801394240854,2
1310,IMG_20231206_094220_1310,frontal1,IMG_20231206_094220_1310_frontal1.jpg,600.6929943126092,102.51746720873359,2444.0,1020.0,1424.0,20.0,26.0,66.0,81.0,3.3,3.1153846153846154,0.23254417513693013,0.09705198798677116,0.13549218715015895,0.19508870580345528,0.25361531754449185,0.6437927291514024,0.7901092585039938,2
1311,IMG_20231206_094431_1311,frontal1,IMG_20231206_094431_1311_frontal1.jpg,487.80596358349214,83.22589179844366,987.0,568.0,419.0,13.0,11.0,58.0,54.0,4.461538461538462,4.909090909090909,0.14249520080572942,0.08200331718100741,0.06049188362472201,0.15620139020538681,0.13217040709686578,0.6968985101471105,0.6488365439300683,2
1312,IMG_20231206_094638_1312,frontal1,IMG_20231206_094638_1312_frontal1.jpg,547.7338954283044,93.45639060845477,2300.0,1222.0,1078.0,25.0,19.0,68.0,69.0,2.72,3.6315789473684212,0.26333575346552474,0.13991143075429183,0.1234243227112329,0.26750444605484597,0.2033033790016829,0.727612093269181,0.7383122711113748,2
1313,IMG_20231206_094850_1313,frontal1,IMG_20231206_094850_1313_frontal1.jpg,574.5902621930202,98.04463297382243,1746.0,963.0,783.0,20.0,16.0,65.0,69.0,3.25,4.3125,0.18163376661364444,0.10017944859618534,0.08145431801745912,0.2039887283309014,0.1631909826647211,0.6629633670754295,0.7037611127416098,2
1314,IMG_20231206_095056_1314,frontal1,IMG_20231206_095056_1314_frontal1.jpg,580.7532422389992,99.04510308937438,2158.0,938.0,1220.0,19.0,22.0,63.0,79.0,3.3157894736842106,3.590909090909091,0.2199811274830204,0.09561737607927394,0.12436375140374648,0.19183179589257585,0.22212102682298257,0.636073849538541,0.7976164145007101,2
1315,IMG_20231206_095449_1315,frontal1,IMG_20231206_095449_1315_frontal1.jpg,488.1388184739869,83.30901658357409,1608.0,710.0,898.0,17.0,18.0,59.0,67.0,3.4705882352941178,3.7222222222222223,0.2316871933804326,0.102299693594594,0.1293874997858386,0.20405954477863641,0.21606304741267385,0.7082066554082087,0.8042346764805082,2
1316,IMG_20231206_095700_1316,frontal1,IMG_20231206_095700_1316_frontal1.jpg,508.3031635201473,86.71947407540466,2585.0,1451.0,1134.0,29.0,23.0,77.0,71.0,2.6551724137931036,3.0869565217391304,0.3437377870734563,0.1929452723572863,0.15079251471617,0.3344116221782411,0.2652230106930878,0.8879205140594678,0.8187319025743145,2
1317,IMG_20231206_095911_1317,frontal1,IMG_20231206_095911_1317_frontal1.jpg,587.1283232478447,100.18418944741407,3169.0,1618.0,1551.0,25.0,23.0,84.0,90.0,3.36,3.9130434782608696,0.3157358247008449,0.1612056056692859,0.15453021903155897,0.249540372965959,0.22957714312868227,0.8384556531656222,0.8983453426774524,2
1318,IMG_20231206_100131_1318,frontal1,IMG_20231206_100131_1318_frontal1.jpg,561.7011213263446,95.81657776189715,2170.0,959.0,1211.0,23.0,24.0,59.0,74.0,2.5652173913043477,3.0833333333333335,0.23636241749399775,0.10445693934412159,0.13190547814987616,0.24004196911681272,0.2504785764697176,0.6157598338213891,0.7723089441149626,2
1319,IMG_20231206_100347_1319,frontal1,IMG_20231206_100347_1319_frontal1.jpg,567.8178435447358,96.86787475057311,2196.0,964.0,1232.0,22.0,27.0,66.0,78.0,3.0,2.888888888888889,0.2340306789992135,0.10273477894136696,0.13129590005784655,0.2271134786083437,0.27873017829205815,0.681340435825031,0.8052205150659457,2
1320,IMG_20231206_100739_1320,frontal1,IMG_20231206_100739_1320_frontal1.jpg,524.7211547262269,89.55221835703432,1644.0,956.0,688.0,21.0,16.0,61.0,62.0,2.9047619047619047,3.875,0.20499776028767766,0.11920794333030404,0.08578981695737362,0.23450005354725478,0.17866670746457505,0.6811668222086924,0.6923334914252284,2
1321,IMG_20231206_101006_1321,frontal1,IMG_20231206_101006_1321_frontal1.jpg,571.1038935077357,97.46150932993415,2104.0,1263.0,841.0,26.0,19.0,69.0,61.0,2.6538461538461537,3.210526315789474,0.22150292723988352,0.13296492257793388,0.08853800466194964,0.26677198187012285,0.19494875598201283,0.7079717980399414,0.6258881113106728,2
1322,IMG_20231206_101232_1322,frontal1,IMG_20231206_101232_1322_frontal1.jpg,569.83850182046,97.23627242363237,2977.0,1846.0,1131.0,29.0,23.0,89.0,81.0,3.0689655172413794,3.5217391304347827,0.31486343656983723,0.19524282966339251,0.1196206069064447,0.298242613349623,0.23653724507039067,0.9152962961419465,0.8330224717696367,2
1323,IMG_20231206_101701_1323,frontal1,IMG_20231206_101701_1323_frontal1.jpg,644.6316599140534,110.01645526480125,3570.0,1897.0,1673.0,35.0,29.0,78.0,83.0,2.2285714285714286,2.8620689655172415,0.29495306969780033,0.15672996448647822,0.1382231052113221,0.3181342274276849,0.2635969312972246,0.7089848496959834,0.754432596471367,2
1324,IMG_20231206_101804_1324,frontal1,IMG_20231206_101804_1324_frontal1.jpg,599.4893216218007,102.30523720986534,3733.0,1986.0,1747.0,37.0,35.0,80.0,77.0,2.1621621621621623,2.2,0.3566664478766426,0.189750754214576,0.1669156936620666,0.361662814232076,0.3421134729222341,0.7819736523936779,0.752649640428915,2
1325,IMG_20231206_102409_1325,frontal1,IMG_20231206_102409_1325_frontal1.jpg,626.199116545663,106.74208417453484,2315.0,1152.0,1163.0,23.0,24.0,68.0,68.0,2.9565217391304346,2.8333333333333335,0.20317938375275377,0.10110697627782823,0.10207240747492555,0.21547265240195718,0.22484102859334662,0.6370495810144821,0.6370495810144821,2
1326,IMG_20231206_102613_1326,frontal1,IMG_20231206_102613_1326_frontal1.jpg,582.566141755356,99.41691815328457,1866.0,792.0,1074.0,18.0,25.0,60.0,73.0,3.3333333333333335,2.92,0.1887952428323451,0.08013174293848731,0.10866349989385779,0.18105570293626438,0.251466254078145,0.6035190097875479,0.7342814619081833,2
1327,IMG_20231206_102756_1327,frontal1,IMG_20231206_102756_1327_frontal1.jpg,510.4433154293193,87.10602786087003,1485.0,732.0,753.0,15.0,18.0,65.0,67.0,4.333333333333333,3.7222222222222223,0.19571766868548715,0.09647497203890679,0.09924269664658035,0.17220392627659165,0.20664471153190997,0.7462170138652304,0.769177537368776,2
1328,IMG_20231206_102957_1328,frontal1,IMG_20231206_102957_1328_frontal1.jpg,599.5398454375669,102.31927962932275,1877.0,711.0,1166.0,14.0,21.0,62.0,72.0,4.428571428571429,3.4285714285714284,0.17928721658201965,0.06791327170475013,0.11137394487726954,0.13682660834515753,0.2052399125177363,0.6059464083856977,0.7036797000608102,2
1329,IMG_20231206_103141_1329,frontal1,IMG_20231206_103141_1329_frontal1.jpg,543.3856872747705,92.73769023936617,2068.0,824.0,1244.0,17.0,24.0,63.0,79.0,3.7058823529411766,3.2916666666666665,0.2404573100580636,0.09581084307922844,0.14464646697883515,0.18331273893193945,0.25879445496273806,0.6793354442771874,0.8518650809190127,2
1330,IMG_20231206_103220_1330,frontal1,IMG_20231206_103220_1330_frontal1.jpg,541.6724473796081,92.43359082044917,1560.0,804.0,756.0,16.0,16.0,62.0,63.0,3.875,3.9375,0.18258493828703726,0.09410146819408843,0.08848347009294882,0.17309724590359965,0.17309724590359965,0.6707518278764486,0.6815704057454236,2
1331,IMG_20231206_103549_1331,frontal1,IMG_20231206_103549_1331_frontal1.jpg,623.1043938825635,106.34289840765187,1978.0,861.0,1117.0,20.0,21.0,62.0,71.0,3.1,3.380952380952381,0.17490784997569303,0.07613531791156304,0.09877253206412999,0.18807085662958484,0.19747439946106407,0.583019655551713,0.6676515410350261,2
1332,IMG_20231206_103956_1332,frontal1,IMG_20231206_103956_1332_frontal1.jpg,581.7812237626267,99.26907034065282,2184.0,1143.0,1041.0,27.0,24.0,64.0,64.0,2.3703703703703702,2.6666666666666665,0.2216280496369041,0.1159894050984347,0.1056386445384694,0.27198804126347215,0.24176714778975303,0.6447123941060081,0.6447123941060081,2
1333,IMG_20231206_104227_1333,frontal1,IMG_20231206_104227_1333_frontal1.jpg,546.2391153783364,93.17829362964672,1182.0,593.0,589.0,15.0,15.0,51.0,53.0,3.4,3.533333333333333,0.13614069727485403,0.06830070514719834,0.0678399921276557,0.1609816988022994,0.1609816988022994,0.547337775927818,0.5688020024347912,2
1334,IMG_20231206_104619_1334,frontal1,IMG_20231206_104619_1334_frontal1.jpg,515.9075729982098,88.01297021290787,1752.0,863.0,889.0,18.0,20.0,62.0,64.0,3.4444444444444446,3.2,0.22617299378360675,0.11140827262286108,0.11476472116074565,0.20451531128261075,0.22723923475845637,0.7044416277512148,0.7271655512270604,2
1335,IMG_20231206_104708_1335,frontal1,IMG_20231206_104708_1335_frontal1.jpg,579.5192161941227,98.871383599095,1873.0,874.0,999.0,20.0,23.0,67.0,69.0,3.35,3.0,0.19160046290962737,0.08940672962253834,0.10219373328708901,0.20228299910413175,0.2326254489697515,0.6776480469988414,0.6978763469092545,2
1336,IMG_20231206_105908_1336,frontal1,IMG_20231206_105908_1336_frontal1.jpg,637.9318269563607,108.8615515122406,2824.0,1561.0,1263.0,26.0,23.0,87.0,81.0,3.3461538461538463,3.5217391304347827,0.23829539679275888,0.1317206495727679,0.10657474721999095,0.23883547165021354,0.21127753261365045,0.79918023206033,0.7440643539872037,2
1337,IMG_20231206_110146_1337,frontal1,IMG_20231206_110146_1337_frontal1.jpg,588.9087812826189,100.50507449601425,2141.0,1096.0,1045.0,22.0,22.0,69.0,76.0,3.1363636363636362,3.4545454545454546,0.21195354644680398,0.10850120826982584,0.10345233817697812,0.21889442011082197,0.21889442011082197,0.686532499438487,0.7561807240192031,2
1338,IMG_20231206_110418_1338,frontal1,IMG_20231206_110418_1338_frontal1.jpg,543.983169152056,92.81415229069898,2798.0,1329.0,1469.0,29.0,32.0,74.0,83.0,2.5517241379310347,2.59375,0.32480245657741486,0.1542753626845548,0.17052709389286005,0.3124523500378522,0.34477500693831964,0.7972922035448642,0.8942601742462666,2
1339,IMG_20231206_110651_1339,frontal1,IMG_20231206_110651_1339_frontal1.jpg,564.2190174053179,96.29166410301956,2539.0,1545.0,994.0,26.0,21.0,84.0,75.0,3.230769230769231,3.5714285714285716,0.2738327049611113,0.1666291962051662,0.1072035087559451,0.2700129885820997,0.21808741385477284,0.8723496554190914,0.778883620909903,2
1340,IMG_20231206_110846_1340,frontal1,IMG_20231206_110846_1340_frontal1.jpg,523.6065740766055,89.36137157331017,2243.0,1138.0,1105.0,23.0,22.0,71.0,70.0,3.0869565217391304,3.1818181818181817,0.2808856948026024,0.14250910418428958,0.1383765906183128,0.2573819044522083,0.2461913868673297,0.7945267485263822,0.7833362309415035,2
1341,IMG_20231206_111046_1341,frontal1,IMG_20231206_111046_1341_frontal1.jpg,515.9271061270186,88.05151939249016,872.0,180.0,692.0,8.0,19.0,30.0,57.0,3.75,3.0,0.11247157479910934,0.02321660947688037,0.08925496532222897,0.09085589953695124,0.21578276140025918,0.34070962326356713,0.6473482842007776,2
1342,IMG_20231206_111245_1342,frontal1,IMG_20231206_111245_1342_frontal1.jpg,543.5639781708844,92.7602005965417,2033.0,815.0,1218.0,18.0,21.0,62.0,77.0,3.4444444444444446,3.6666666666666665,0.23627295904027182,0.09471837757885958,0.14155458146141223,0.19404873948354828,0.22639019606413968,0.6683901026655552,0.8300973855685121,2
1343,IMG_20231206_111436_1343,frontal1,IMG_20231206_111436_1343_frontal1.jpg,569.1412856458749,97.12509173130962,1117.0,452.0,665.0,15.0,18.0,46.0,68.0,3.066666666666667,3.7777777777777777,0.11841052022372257,0.0479154477539146,0.07049507246980798,0.15444000857673879,0.18532801029208654,0.47361602630199895,0.7001280388812159,2
1344,IMG_20231206_111511_1344,frontal1,IMG_20231206_111511_1344_frontal1.jpg,513.4969166012806,87.63655482426792,2188.0,943.0,1245.0,20.0,26.0,64.0,73.0,3.2,2.8076923076923075,0.2848896851517804,0.12278380854576276,0.16210587660601766,0.2282152697593458,0.2966798506871495,0.7302888632299065,0.8329857346216122,2
1345,IMG_20231206_111547_1345,frontal1,IMG_20231206_111547_1345_frontal1.jpg,550.7511396106443,93.99074088165689,2864.0,1581.0,1283.0,31.0,30.0,71.0,68.0,2.2903225806451615,2.2666666666666666,0.3241924285407638,0.17896237064348727,0.14523005789727653,0.32981972170037355,0.3191803758390712,0.7553935561524685,0.7234755185685614,2
1346,IMG_20231206_112316_1346,frontal1,IMG_20231206_112316_1346_frontal1.jpg,608.7788076318295,103.8730749371909,3409.0,1665.0,1744.0,33.0,30.0,77.0,85.0,2.3333333333333335,2.8333333333333335,0.3159519389534098,0.15431504205263338,0.16163689690077637,0.3176954183743397,0.28881401670394513,0.7412893095401258,0.8183063806611779,2
1347,IMG_20231206_112422_1347,frontal1,IMG_20231206_112422_1347_frontal1.jpg,518.3110691267647,88.44461729470264,1301.0,521.0,780.0,13.0,18.0,58.0,62.0,4.461538461538462,3.4444444444444446,0.16631617273113952,0.06660317140117117,0.09971300132996835,0.1469846373655871,0.2035171901985052,0.6557776128618501,0.7010036551281846,2
1348,IMG_20231206_112937_1348,frontal1,IMG_20231206_112937_1348_frontal1.jpg,601.0546600990311,102.55195172588357,2190.0,1218.0,972.0,24.0,18.0,68.0,70.0,2.8333333333333335,3.888888888888889,0.20823621184551092,0.11581356439627045,0.09242264744924046,0.23402772542204603,0.17552079406653454,0.6630785553624637,0.6825808658143009,2
1349,IMG_20231206_113019_1349,frontal1,IMG_20231206_113019_1349_frontal1.jpg,677.5333263102926,115.61813636304879,2915.0,1380.0,1535.0,26.0,29.0,73.0,77.0,2.8076923076923075,2.6551724137931036,0.2180653333147909,0.10323504630340015,0.11483028701139075,0.2248782139019975,0.2508257001214587,0.6313888313402237,0.6659854796328387,2
1350,IMG_20231206_113053_1350,frontal1,IMG_20231206_113053_1350_frontal1.jpg,572.4893919408188,97.62205935077442,2502.0,1504.0,998.0,24.0,24.0,85.0,76.0,3.5416666666666665,3.1666666666666665,0.26253751821993554,0.15781631790678777,0.10472120031314774,0.24584607372154982,0.24584607372154982,0.8707048444304889,0.7785125667849078,2
1351,IMG_20231207_091859_1351,frontal1,IMG_20231207_091859_1351_frontal1.jpg,399.29705742364496,68.06780301700483,1218.0,530.0,688.0,20.0,21.0,42.0,48.0,2.1,2.2857142857142856,0.26288379858631805,0.11439114388403003,0.14849265470228803,0.29382467353917036,0.30851590721612887,0.6170318144322577,0.7051792164940088,2
1352,IMG_20231207_092226_1352,frontal1,IMG_20231207_092226_1352_frontal1.jpg,453.60213018151217,77.37009991606614,1462.0,842.0,620.0,18.0,16.0,62.0,53.0,3.4444444444444446,3.3125,0.2442311515728633,0.14065843339558884,0.10357271817727444,0.23264801285673725,0.2067982336504331,0.8013431553954283,0.6850191489670596,2
1353,IMG_20231207_092515_1353,frontal1,IMG_20231207_092515_1353_frontal1.jpg,503.54959112460085,85.84808323010219,1489.0,740.0,749.0,18.0,19.0,58.0,55.0,3.2222222222222223,2.8947368421052633,0.20203820060072275,0.10040850802185013,0.10162969257887262,0.20967270698116638,0.2213211907023423,0.6756120558282028,0.6406666046646751,2
1354,IMG_20231207_092957_1354,frontal1,IMG_20231207_092957_1354_frontal1.jpg,505.6157548835941,86.2859245889144,1169.0,477.0,692.0,13.0,17.0,50.0,56.0,3.8461538461538463,3.2941176470588234,0.1570126331639726,0.06406760138512826,0.09294503177884435,0.15066188444911416,0.1970193873565339,0.5794687863427468,0.6490050407038764,2
1355,IMG_20231207_095712_1355,frontal1,IMG_20231207_095712_1355_frontal1.jpg,509.6357373856986,86.97564136681181,2469.0,1084.0,1385.0,22.0,28.0,68.0,73.0,3.090909090909091,2.607142857142857,0.3263817073962373,0.1432959784599114,0.1830857289363259,0.2529443836719411,0.3219292155824705,0.7818280949859998,0.839315454911441,2
1356,IMG_20231207_095812_1356,frontal1,IMG_20231207_095812_1356_frontal1.jpg,579.3247769606613,98.84778720472146,3234.0,1498.0,1736.0,23.0,27.0,86.0,87.0,3.739130434782609,3.2222222222222223,0.3309833232431098,0.15331262158879977,0.17767070165431,0.23268098002401622,0.2731472374194973,0.8700245340028433,0.8801410983517135,2
1357,IMG_20231207_110719_1357,frontal1,IMG_20231207_110719_1357_frontal1.jpg,530.4482545069643,90.52408590535791,2087.0,970.0,1117.0,22.0,22.0,63.0,75.0,2.8636363636363638,3.409090909090909,0.25467959636226434,0.11837048800737729,0.13630910835488705,0.24302924221737843,0.24302924221737843,0.6959473754406746,0.8285087802865174,2
1358,IMG_20231207_111753_1358,frontal1,IMG_20231207_111753_1358_frontal1.jpg,492.0706562454762,83.97757451256658,1311.0,435.0,876.0,14.0,21.0,50.0,64.0,3.5714285714285716,3.0476190476190474,0.18589856519113712,0.06168259028081209,0.12421597491032504,0.16671117356342569,0.25006676034513853,0.595397048440806,0.7621082220042317,2
1359,IMG_20231207_112653_1359,frontal1,IMG_20231207_112653_1359_frontal1.jpg,398.1790817691789,67.92844224239359,961.0,400.0,561.0,13.0,17.0,41.0,46.0,3.1538461538461537,2.7058823529411766,0.20826681574967507,0.08668754037447453,0.12157927537520052,0.1913778613325363,0.25026335712716286,0.6035763318949221,0.6771832016382053,2
1360,IMG_20231207_113616_1360,frontal1,IMG_20231207_113616_1360_frontal1.jpg,560.2824051028629,95.49208362599936,2233.0,833.0,1400.0,19.0,22.0,71.0,84.0,3.736842105263158,3.8181818181818183,0.24488037614104888,0.09135035975167655,0.15353001638937233,0.19896937294210348,0.2303855897224356,0.7435171304678604,0.8796540698492996,2
1361,IMG_20231207_114042_1361,frontal1,IMG_20231207_114042_1361_frontal1.jpg,502.75022833222846,85.78721898427831,1603.0,634.0,969.0,13.0,21.0,63.0,73.0,4.846153846153846,3.4761904761904763,0.21781528052838622,0.08614777782594939,0.13166750270243685,0.15153772501218893,0.2447917096350744,0.7343751289052233,0.8509426096838301,2
1362,IMG_20231207_124426_1362,frontal1,IMG_20231207_124426_1362_frontal1.jpg,437.4464310238316,74.65065192872288,1681.0,758.0,923.0,17.0,20.0,59.0,60.0,3.4705882352941178,3.0,0.3016480372707743,0.13601975743679176,0.16562827983398257,0.2277274151099411,0.2679146060116954,0.7903480877345015,0.8037438180350862,2
1363,IMG_20231207_125041_1363,frontal1,IMG_20231207_125041_1363_frontal1.jpg,415.91866003975423,70.97324197544293,1457.0,781.0,676.0,20.0,17.0,57.0,54.0,2.85,3.176470588235294,0.28924793310236224,0.15504642124429988,0.13420151185806237,0.28179634244297436,0.23952689107652822,0.803119575962477,0.7608501245960309,2
1364,IMG_20231207_125136_1364,frontal1,IMG_20231207_125136_1364_frontal1.jpg,456.6614005406853,77.78993634801516,1603.0,644.0,959.0,18.0,21.0,57.0,62.0,3.1666666666666665,2.9523809523809526,0.26490288620324376,0.10642386694628134,0.15847901925696242,0.23139239913337808,0.2699577989889411,0.7327425972556972,0.7970182636816356,2
1365,IMG_20231207_125423_1365,frontal1,IMG_20231207_125423_1365_frontal1.jpg,509.1478015647048,86.86251719226443,1968.0,938.0,1030.0,22.0,24.0,62.0,61.0,2.8181818181818183,2.5416666666666665,0.26083164045672735,0.12431914570549302,0.13651249475123434,0.2532738022236272,0.27629869333486606,0.7137716244484039,0.7022591788927846,2
1366,IMG_20231207_130207_1366,frontal1,IMG_20231207_130207_1366_frontal1.jpg,550.5676207253022,93.95922423053575,2388.0,987.0,1401.0,21.0,28.0,68.0,80.0,3.238095238095238,2.857142857142857,0.27049265560673663,0.11179910011886476,0.15869355548787187,0.2235012067412879,0.2980016089883839,0.7237181932575038,0.8514331685382397,2
1367,IMG_20231207_135645_1367,frontal1,IMG_20231207_135645_1367_frontal1.jpg,456.2691898969903,77.84252074477797,1415.0,718.0,697.0,16.0,17.0,59.0,57.0,3.6875,3.3529411764705883,0.23351923416523093,0.1184924453220041,0.11502678884322683,0.20554318959504342,0.21838963894473365,0.7579405116317226,0.7322476129323422,2
1368,IMG_20231207_142552_1368,frontal1,IMG_20231207_142552_1368_frontal1.jpg,476.0035405074663,81.13450558105995,1206.0,537.0,669.0,16.0,22.0,45.0,57.0,2.8125,2.590909090909091,0.1832044927870058,0.08157612987282098,0.1016283629141848,0.19720339558875727,0.2711546689345412,0.5546345500933798,0.7025370967849477,2
1369,IMG_20231207_143453_1369,frontal1,IMG_20231207_143453_1369_frontal1.jpg,481.77897849467655,82.19560942888907,1949.0,1097.0,852.0,26.0,21.0,61.0,60.0,2.3461538461538463,2.857142857142857,0.2884792627358408,0.16237134490570412,0.12610791783013667,0.316318598774959,0.2554880990105438,0.7421320971258654,0.7299659971729824,2
1370,IMG_20231208_090234_1370,frontal1,IMG_20231208_090234_1370_frontal1.jpg,590.1403394690434,100.71460125132245,2392.0,1022.0,1370.0,18.0,24.0,78.0,75.0,4.333333333333333,3.125,0.23581764615468626,0.1007548638670942,0.13506278228759205,0.17872284431810376,0.23829712575747167,0.774465658711783,0.7446785179920989,2
1371,IMG_20231208_091332_1371,frontal1,IMG_20231208_091332_1371_frontal1.jpg,531.1704866689489,90.51981302815193,2926.0,1412.0,1514.0,23.0,29.0,82.0,78.0,3.5652173913043477,2.689655172413793,0.3570976772495323,0.17232464807803813,0.18477302917149413,0.25408801930298874,0.32037185042550753,0.9058790253410903,0.8616898045927445,2
1372,IMG_20231208_092335_1372,frontal1,IMG_20231208_092335_1372_frontal1.jpg,470.2409566874037,80.2507579128888,1255.0,698.0,557.0,13.0,14.0,65.0,61.0,5.0,4.357142857142857,0.1948702042718416,0.10838199408904019,0.08648821018280141,0.16199223955132408,0.1744531810552721,0.8099611977566205,0.7601174317408285,2
1373,IMG_20231208_093347_1373,frontal1,IMG_20231208_093347_1373_frontal1.jpg,488.0141386738204,83.28400974895534,2146.0,1089.0,1057.0,22.0,21.0,70.0,70.0,3.1818181818181817,3.3333333333333335,0.3093901371455906,0.1570017983930793,0.15238833875251132,0.26415634965601487,0.25214924285346874,0.8404974761782292,0.8404974761782292,2
1374,IMG_20231208_093915_1374,frontal1,IMG_20231208_093915_1374_frontal1.jpg,483.0706360241098,82.43323076371544,1744.0,790.0,954.0,19.0,21.0,60.0,63.0,3.1578947368421053,3.0,0.25665033653892755,0.11625789327164722,0.14039244326728031,0.23048957106219853,0.2547516311740089,0.7278618033543112,0.7642548935220267,2
1375,IMG_20231208_095607_1375,frontal1,IMG_20231208_095607_1375_frontal1.jpg,414.9242414015161,70.7408127514892,1197.0,566.0,631.0,17.0,17.0,45.0,50.0,2.6470588235294117,2.9411764705882355,0.23919608109555388,0.11310357719305221,0.12609250390250165,0.24031389149741036,0.24031389149741036,0.6361250069049098,0.7068055632276775,2
1376,IMG_20231208_104107_1376,frontal1,IMG_20231208_104107_1376_frontal1.jpg,517.1475754598071,88.24411521584933,2845.0,1375.0,1470.0,26.0,27.0,70.0,70.0,2.6923076923076925,2.5925925925925926,0.3653513906483847,0.1765758039161789,0.1887755867322058,0.29463721106390783,0.30596941148944273,0.7932540297874442,0.7932540297874442,2
1377,IMG_20231208_104832_1377,frontal1,IMG_20231208_104832_1377_frontal1.jpg,606.3242013360818,103.47280581322202,3356.0,2039.0,1317.0,33.0,22.0,83.0,79.0,2.515151515151515,3.590909090909091,0.3134508851896239,0.19044289478594847,0.12300799040367541,0.31892437573953536,0.21261625049302357,0.8021431268600435,0.7634856267704029,2
1378,IMG_20231208_105634_1378,frontal1,IMG_20231208_105634_1378_frontal1.jpg,524.2012676650689,89.30622190631365,2725.0,1439.0,1286.0,31.0,26.0,69.0,70.0,2.225806451612903,2.6923076923076925,0.3416670301519377,0.18042526839950032,0.1612417617524374,0.34712027155868747,0.2911331309847056,0.7726225399209495,0.7838199680357459,2
1379,IMG_20231208_110641_1379,frontal1,IMG_20231208_110641_1379_frontal1.jpg,479.2618354531455,81.61539675794019,2447.0,1089.0,1358.0,27.0,30.0,58.0,70.0,2.1481481481481484,2.3333333333333335,0.3673582325887233,0.16348717420887604,0.20387105837984726,0.33081993193120424,0.3675777021457825,0.7106502241485128,0.8576813050068258,2
1380,IMG_20231208_111046_1380,frontal1,IMG_20231208_111046_1380_frontal1.jpg,704.2689494508082,120.19155673791775,4427.0,2457.0,1970.0,36.0,32.0,94.0,93.0,2.611111111111111,2.90625,0.3064513941682059,0.1700815621123293,0.13636983205587655,0.2995218713948382,0.2662416634620784,0.7820848864198553,0.7737648344366653,2
1381,IMG_20231208_111445_1381,frontal1,IMG_20231208_111445_1381_frontal1.jpg,468.67674538453946,79.98697276237907,2003.0,968.0,1035.0,20.0,22.0,64.0,69.0,3.2,3.1363636363636362,0.3130707028592558,0.15129927127696435,0.16177143158229146,0.2500407167478998,0.27504478842268976,0.8001302935932794,0.8626404727802542,2
1382,IMG_20231208_112346_1382,frontal1,IMG_20231208_112346_1382_frontal1.jpg,618.6963903810366,105.45851135875179,2691.0,1361.0,1330.0,25.0,25.0,72.0,79.0,2.88,3.16,0.24196381570443246,0.12237560504412211,0.11958821066031036,0.23706005023107413,0.23706005023107413,0.6827329446654935,0.7491097587301943,2
1383,IMG_20231208_112718_1383,frontal1,IMG_20231208_112718_1383_frontal1.jpg,560.2196257948202,95.60371052972849,2283.0,1397.0,886.0,24.0,16.0,71.0,73.0,2.9583333333333335,4.5625,0.2497792832132949,0.1528434772882054,0.09693580592508948,0.25103628161521063,0.1673575210768071,0.7426489997783315,0.7635686899129324,2
1384,IMG_20231208_123727_1384,frontal1,IMG_20231208_123727_1384_frontal1.jpg,555.35875595867,94.76741332525427,1179.0,416.0,763.0,13.0,19.0,47.0,63.0,3.6153846153846154,3.3157894736842106,0.1312791486507074,0.0463207174204362,0.08495843123027119,0.13717795541577446,0.20049085791536267,0.49595106958010765,0.6647854762456762,2
1385,IMG_20231208_124208_1385,frontal1,IMG_20231208_124208_1385_frontal1.jpg,500.5353709863912,85.31366328527736,1367.0,658.0,709.0,17.0,21.0,52.0,48.0,3.0588235294117645,2.2857142857142856,0.18781545792879056,0.09040422188525545,0.09741123604353512,0.1992646821782145,0.24615048974955908,0.6095154984274797,0.5626296908561351,2
1386,IMG_20231208_125105_1386,frontal1,IMG_20231208_125105_1386_frontal1.jpg,585.7905152982407,99.97470096184455,2574.0,1464.0,1110.0,27.0,21.0,74.0,74.0,2.740740740740741,3.5238095238095237,0.2575302888890929,0.14647410370381975,0.11105618518527316,0.2700683246885087,0.21005314142439568,0.7401872602573943,0.7401872602573943,2
1387,IMG_20231208_140551_1387,frontal1,IMG_20231208_140551_1387_frontal1.jpg,380.05983626418,64.83345815005202,561.0,222.0,339.0,11.0,13.0,30.0,38.0,2.727272727272727,2.923076923076923,0.13346410767708702,0.05281467362622695,0.08064943405086007,0.1696654831297345,0.20051375278968625,0.46272404489927593,0.5861171235390829,2
1388,IMG_20231208_141114_1388,frontal1,IMG_20231208_141114_1388_frontal1.jpg,448.9732552545764,76.57360244383776,883.0,537.0,346.0,14.0,12.0,51.0,39.0,3.642857142857143,3.25,0.15059222332911248,0.09158326605632322,0.05900895727278926,0.18283063031112032,0.15671196883810312,0.6660258675619383,0.5093138987238351,2
1389,IMG_20231211_093811_1389,frontal1,IMG_20231211_093811_1389_frontal1.jpg,512.8302851693209,87.51594846787262,2067.0,1114.0,953.0,20.0,25.0,75.0,73.0,3.75,2.92,0.2698771212018015,0.14544901452288675,0.12442810667891478,0.2285297748597453,0.2856622185746816,0.8569866557240449,0.8341336782380703,2
1390,IMG_20231211_094030_1390,frontal1,IMG_20231211_094030_1390_frontal1.jpg,608.0627898298371,103.77604827807112,3228.0,1438.0,1790.0,27.0,32.0,83.0,85.0,3.074074074074074,2.65625,0.2997362489203726,0.13352562761694417,0.16621062130342842,0.2601756421448297,0.3083563166160945,0.799799196222995,0.8190714660115008,2
1391,IMG_20231211_094249_1391,frontal1,IMG_20231211_094249_1391_frontal1.jpg,631.7163361565858,107.80142246387878,2103.0,1024.0,1079.0,24.0,24.0,71.0,74.0,2.9583333333333335,3.0833333333333335,0.1809632093080626,0.08811522887848602,0.09284798042957658,0.22263157063666505,0.22263157063666505,0.6586183964668008,0.686447342796384,2
1392,IMG_20231211_094504_1392,frontal1,IMG_20231211_094504_1392_frontal1.jpg,555.2504011446848,94.74374108509782,1885.0,995.0,890.0,19.0,15.0,67.0,73.0,3.526315789473684,4.866666666666666,0.20999564861075948,0.11084650947888895,0.09914913913187053,0.20054095164908467,0.1583218039334879,0.7071707242362459,0.7704994458096411,2
1393,IMG_20231211_094737_1393,frontal1,IMG_20231211_094737_1393_frontal1.jpg,550.411156708628,93.89525567008728,1809.0,915.0,894.0,18.0,16.0,65.0,73.0,3.611111111111111,4.5625,0.20518767439517824,0.10378481043205533,0.10140286396312291,0.19170297659388938,0.170402645861235,0.6922607488112672,0.7774620717418846,2
1394,IMG_20231211_094948_1394,frontal1,IMG_20231211_094948_1394_frontal1.jpg,515.6538527310917,88.00270314101998,1946.0,865.0,1081.0,19.0,22.0,59.0,70.0,3.1052631578947367,3.1818181818181817,0.2512758849371383,0.11169251822745356,0.13958336670968474,0.2159024589228065,0.24999232085798648,0.6704339513918728,0.795430111820866,2
1395,IMG_20231211_095203_1395,frontal1,IMG_20231211_095203_1395_frontal1.jpg,492.0885857897513,83.9687362961837,1438.0,838.0,600.0,21.0,17.0,57.0,52.0,2.7142857142857144,3.0588235294117645,0.20394997272593737,0.11885262666504555,0.08509734606089181,0.2500930813812239,0.20245630397527647,0.6788240780347505,0.6192781062773163,2
1396,IMG_20231211_095506_1396,frontal1,IMG_20231211_095506_1396_frontal1.jpg,558.4089469523191,95.28812068830698,1957.0,1170.0,787.0,20.0,15.0,77.0,73.0,3.85,4.866666666666666,0.21553276593661141,0.12885709562893988,0.08667567030767152,0.2098897517920536,0.1574173138440402,0.8080755443994064,0.7660975940409956,2
1397,IMG_20231211_095630_1397,frontal1,IMG_20231211_095630_1397_frontal1.jpg,606.7853059763746,103.55221279517555,2194.0,1227.0,967.0,23.0,19.0,74.0,73.0,3.217391304347826,3.8421052631578947,0.20460576006066344,0.11442628422718051,0.09017947583348293,0.22211017398047875,0.18348231763604766,0.7146153423719751,0.7049583782858674,2
1398,IMG_20231211_100217_1398,frontal1,IMG_20231211_100217_1398_frontal1.jpg,528.6285428794173,90.13638679777132,1824.0,950.0,874.0,23.0,17.0,61.0,66.0,2.652173913043478,3.8823529411764706,0.22450423819409232,0.11692929072608975,0.10757494746800257,0.25516887038752134,0.18860307811251578,0.6767522214625565,0.7322237150250612,2
1399,IMG_20231211_100457_1399,frontal1,IMG_20231211_100457_1399_frontal1.jpg,566.7005362966187,96.67864135262037,1705.0,868.0,837.0,21.0,21.0,56.0,62.0,2.6666666666666665,2.9523809523809526,0.18241615873927516,0.09286640808544917,0.08954975065382599,0.21721447163707805,0.21721447163707805,0.5792385910322081,0.6412998686428019,2
1400,IMG_20231211_100858_1400,frontal1,IMG_20231211_100858_1400_frontal1.jpg,657.6859116546219,112.21504403564572,2344.0,1008.0,1336.0,20.0,25.0,64.0,73.0,3.2,2.92,0.18614674175781995,0.0800494520869806,0.10609728967083935,0.17822922204305236,0.22278652755381545,0.5703335105377676,0.6505366604571411,2
1401,IMG_20231211_100934_1401,frontal1,IMG_20231211_100934_1401_frontal1.jpg,523.2206979306644,89.25009550723023,1612.0,701.0,911.0,17.0,23.0,56.0,60.0,3.2941176470588234,2.608695652173913,0.2023707114185659,0.08800364063549299,0.11436707078307291,0.19047598664611867,0.2577028054623958,0.6274503089519203,0.6722681881627718,2
1402,IMG_20231211_101246_1402,frontal1,IMG_20231211_101246_1402_frontal1.jpg,543.1601866986672,92.68228508445495,456.0,207.0,249.0,11.0,13.0,27.0,35.0,2.4545454545454546,2.6923076923076925,0.05308494565352344,0.02409777138219156,0.028987174271331878,0.11868503231201585,0.14026412909601874,0.2913178065840389,0.3776341937200504,2
1403,IMG_20231211_101326_1403,frontal1,IMG_20231211_101326_1403_frontal1.jpg,585.4857801968541,99.92234840187835,2384.0,1009.0,1375.0,21.0,25.0,66.0,78.0,3.142857142857143,3.12,0.23877067451597347,0.10105688363532601,0.13771379088064745,0.21016319507964284,0.2501942798567177,0.6605128988217347,0.7806061531529592,2
1404,IMG_20231211_102211_1404,frontal1,IMG_20231211_102211_1404_frontal1.jpg,509.93368599363566,87.02845055958248,1394.0,894.0,500.0,24.0,13.0,55.0,51.0,2.2916666666666665,3.923076923076923,0.18405188546080622,0.11803614462120571,0.0660157408396005,0.27577188661504237,0.14937643858314795,0.6319772401594721,0.586015259056965,2
1405,IMG_20231211_102248_1405,frontal1,IMG_20231211_102248_1405_frontal1.jpg,585.3359856398872,99.88702039804825,1996.0,1121.0,875.0,22.0,22.0,71.0,66.0,3.227272727272727,3.0,0.20005178005570542,0.11235373018158606,0.08769804987411936,0.22024883625850822,0.22024883625850822,0.7108030624706402,0.6607465087755247,2
1406,IMG_20231211_102643_1406,frontal1,IMG_20231211_102643_1406_frontal1.jpg,553.9158483824717,94.51568856944697,2333.0,1160.0,1173.0,21.0,21.0,72.0,72.0,3.4285714285714284,3.4285714285714284,0.26116016453826757,0.12985246072198472,0.13130770381628284,0.2221853357664522,0.2221853357664522,0.7617782940564075,0.7617782940564075,2
1407,IMG_20231211_102740_1407,frontal1,IMG_20231211_102740_1407_frontal1.jpg,503.5129204003303,85.92914891701864,2160.0,1304.0,856.0,26.0,19.0,68.0,67.0,2.6153846153846154,3.526315789473684,0.2925315622149783,0.1766023875594128,0.11592917465556546,0.30257485763193204,0.2211123959617965,0.7913496276527453,0.7797121331284402,2
1408,IMG_20231211_103136_1408,frontal1,IMG_20231211_103136_1408_frontal1.jpg,532.7931577722239,90.91713865319397,1922.0,995.0,927.0,18.0,18.0,69.0,72.0,3.8333333333333335,4.0,0.23252083027870635,0.12037368685083913,0.11214714342786722,0.19798247356487444,0.19798247356487444,0.7589328153320187,0.7919298942594978,2
1409,IMG_20231211_103227_1409,frontal1,IMG_20231211_103227_1409_frontal1.jpg,544.1723988111875,92.85722242489426,2094.0,1050.0,1044.0,19.0,22.0,71.0,68.0,3.736842105263158,3.090909090909091,0.24285402167444733,0.12177493923503806,0.12107908243940926,0.2046152092839927,0.23692287390778102,0.7646147294296569,0.7323070648058686,2
1410,IMG_20231211_103602_1410,frontal1,IMG_20231211_103602_1410_frontal1.jpg,572.7129856653543,97.74268035874678,2735.0,1727.0,1008.0,32.0,19.0,77.0,70.0,2.40625,3.6842105263157894,0.28627857184575084,0.18076895560424558,0.10550961624150525,0.3273902442878567,0.1943879575459149,0.7877827753176552,0.7161661593796865,2
1411,IMG_20231211_103635_1411,frontal1,IMG_20231211_103635_1411_frontal1.jpg,510.4114394734121,87.10478977358704,1447.0,653.0,794.0,13.0,17.0,60.0,67.0,4.615384615384615,3.9411764705882355,0.19071482654674685,0.08606550223567774,0.1046493243110691,0.14924552408416483,0.1951672238023694,0.6888254957730685,0.7691884702799264,2
1412,IMG_20231211_103714_1412,frontal1,IMG_20231211_103714_1412_frontal1.jpg,465.93389664939576,79.49801695611468,1475.0,825.0,650.0,20.0,17.0,55.0,57.0,2.75,3.3529411764705883,0.23338848738588597,0.13053932345312266,0.1028491639327633,0.25157860240766267,0.21384181204651326,0.6918411566210723,0.7169990168618385,2
1413,IMG_20231211_104320_1413,frontal1,IMG_20231211_104320_1413_frontal1.jpg,530.7288688984183,90.57478360189877,2980.0,1587.0,1393.0,26.0,27.0,86.0,87.0,3.3076923076923075,3.2222222222222223,0.36324668019828876,0.1934471414344578,0.16979953876383094,0.2870556126777757,0.29809621316538243,0.949491641934181,0.9605322424217878,2
1414,IMG_20231211_104413_1414,frontal1,IMG_20231211_104413_1414_frontal1.jpg,594.6563632045376,101.40603850376887,2369.0,1217.0,1152.0,23.0,21.0,78.0,78.0,3.391304347826087,3.7142857142857144,0.2303761025185387,0.11834855076617207,0.11202755175236666,0.22681095070236057,0.20708825933693792,0.7691849632514837,0.7691849632514837,2
1415,IMG_20231211_104750_1415,frontal1,IMG_20231211_104750_1415_frontal1.jpg,509.9640792517502,87.01791194167717,2118.0,1240.0,878.0,21.0,26.0,75.0,68.0,3.5714285714285716,2.6153846153846154,0.2797104165673306,0.16375869525188383,0.11595172131544676,0.24132962434303212,0.2987890587104207,0.861891515510829,0.781448307396485,2
1416,IMG_20231211_104829_1416,frontal1,IMG_20231211_104829_1416_frontal1.jpg,546.1708257298864,93.19382877266617,2197.0,1124.0,1073.0,22.0,24.0,69.0,65.0,3.1363636363636362,2.7083333333333335,0.2529622687270141,0.12941720075064353,0.12354506797637056,0.23606713330413806,0.2575277817863324,0.7403923726357057,0.6974710756713169,2
1417,IMG_20231211_105327_1417,frontal1,IMG_20231211_105327_1417_frontal1.jpg,509.3496426328691,86.87893420315756,1734.0,780.0,954.0,17.0,21.0,61.0,67.0,3.588235294117647,3.1904761904761907,0.22973127562896298,0.1033393281375958,0.12639194749136717,0.1956745919585895,0.2417156724194341,0.70212647702788,0.7711880977191469,2
1418,IMG_20231211_105400_1418,frontal1,IMG_20231211_105400_1418_frontal1.jpg,557.7649223057873,95.19187972305724,2765.0,1387.0,1378.0,27.0,26.0,71.0,72.0,2.6296296296296298,2.769230769230769,0.305137321794401,0.15306526775003043,0.15207205404437055,0.283637638825406,0.2731325410911317,0.7458619391334751,0.7563670368677494,2
1419,IMG_20231211_105805_1419,frontal1,IMG_20231211_105805_1419_frontal1.jpg,579.2800446208518,98.86236153846626,2767.0,1682.0,1085.0,28.0,22.0,79.0,73.0,2.8214285714285716,3.3181818181818183,0.2831047776515433,0.1720933270726042,0.11101145057893909,0.283222042891475,0.22253160512901607,0.7990907638723759,0.738400326109917,2
1420,IMG_20231211_105849_1420,frontal1,IMG_20231211_105849_1420_frontal1.jpg,464.6990855438017,79.29592606952113,1358.0,858.0,500.0,19.0,14.0,69.0,55.0,3.6315789473684212,3.9285714285714284,0.21597228294671839,0.13645376934336112,0.0795185136033573,0.23960877868230113,0.17655383692380083,0.8701581962673041,0.6936043593435033,2
1421,IMG_20231211_110327_1421,frontal1,IMG_20231211_110327_1421_frontal1.jpg,541.1565360420042,92.24725468677704,1624.0,812.0,812.0,20.0,20.0,59.0,62.0,2.95,3.1,0.19084426972751262,0.09542213486375631,0.09542213486375631,0.21680862013627872,0.21680862013627872,0.6395854294020222,0.672106722422464,2
1422,IMG_20231211_110409_1422,frontal1,IMG_20231211_110409_1422_frontal1.jpg,573.8217200845262,97.92012278657573,1911.0,1105.0,806.0,24.0,20.0,68.0,73.0,2.8333333333333335,3.65,0.19930435486846207,0.11524401471985903,0.08406034014860306,0.2450977318759067,0.2042481098965889,0.6944435736484023,0.7455056011225495,2
1423,IMG_20231211_110916_1423,frontal1,IMG_20231211_110916_1423_frontal1.jpg,525.7711184296309,89.72160861347783,1880.0,1027.0,853.0,22.0,18.0,60.0,65.0,2.727272727272727,3.611111111111111,0.23354132853109272,0.12757816191565544,0.10596316661543728,0.24520291532864022,0.20062056708706927,0.6687352236235642,0.7244631589255279,2
1424,IMG_20231211_110954_1424,frontal1,IMG_20231211_110954_1424_frontal1.jpg,493.891909089709,84.24041351025599,2121.0,1246.0,875.0,30.0,23.0,71.0,74.0,2.3666666666666667,3.217391304347826,0.29888195033181886,0.17558081570648104,0.12330113462533782,0.3561236080156183,0.2730280994786407,0.8428258723036299,0.8784382331051918,2
1425,IMG_20231211_111418_1425,frontal1,IMG_20231211_111418_1425_frontal1.jpg,588.8325731273659,100.48304598033525,2999.0,1589.0,1410.0,26.0,24.0,83.0,81.0,3.1923076923076925,3.375,0.2970235488215166,0.15737593166968653,0.13964761715183008,0.25875011795610037,0.23884626272870801,0.8260099919367818,0.8061061367093896,2
1426,IMG_20231211_111452_1426,frontal1,IMG_20231211_111452_1426_frontal1.jpg,479.6681041298872,81.86207519655547,1483.0,802.0,681.0,19.0,17.0,65.0,64.0,3.4210526315789473,3.764705882352941,0.22129706369250374,0.11967649702049091,0.10162056667201284,0.23209770769162555,0.20766637003987548,0.7940184736818768,0.7818028048560018,2
1427,IMG_20231211_111745_1427,frontal1,IMG_20231211_111745_1427_frontal1.jpg,466.7488762146152,79.63258644077631,696.0,329.0,367.0,12.0,13.0,42.0,45.0,3.5,3.4615384615384617,0.10975582946145909,0.05188170674255753,0.05787412271890156,0.1506920789132542,0.16324975215602539,0.5274222761963897,0.5650952959247033,2
1428,IMG_20231211_111819_1428,frontal1,IMG_20231211_111819_1428_frontal1.jpg,479.2039095164368,81.76005913579871,901.0,372.0,529.0,11.0,14.0,43.0,49.0,3.909090909090909,3.5,0.13478525889360604,0.055649407667504376,0.07913585122610166,0.13454002010602314,0.17123275286221126,0.5259291695053632,0.5993146350177394,2
1429,IMG_20231211_112122_1429,frontal1,IMG_20231211_112122_1429_frontal1.jpg,568.147005052021,96.95032729627127,3073.0,1575.0,1498.0,26.0,31.0,79.0,75.0,3.0384615384615383,2.4193548387096775,0.32693694576255034,0.16756449384185382,0.15937245192069652,0.26817856860396555,0.3197513702585743,0.8148502661428184,0.7735920248191315,2
1430,IMG_20231211_112153_1430,frontal1,IMG_20231211_112153_1430_frontal1.jpg,490.70902873601926,83.74751683209023,1588.0,953.0,635.0,19.0,17.0,71.0,62.0,3.736842105263158,3.6470588235294117,0.22641574292292532,0.13587796159039536,0.09053778133252997,0.22687239835533385,0.2029910932652987,0.8477863306962475,0.7403204577910893,2
1431,IMG_20231211_112459_1431,frontal1,IMG_20231211_112459_1431_frontal1.jpg,647.7457472815362,110.53642825704704,3514.0,2036.0,1478.0,33.0,22.0,84.0,86.0,2.5454545454545454,3.909090909090909,0.28760133839408125,0.16663526607010515,0.12096607232397613,0.298544113649666,0.19902940909977732,0.7599304711082406,0.778024053753675,2
1432,IMG_20231211_112538_1432,frontal1,IMG_20231211_112538_1432_frontal1.jpg,652.6927326607063,111.39168048264614,2836.0,1753.0,1083.0,30.0,20.0,90.0,75.0,3.0,3.75,0.22856025650652323,0.14127860707190948,0.08728164943461378,0.269319933679192,0.17954662245279465,0.8079598010375759,0.6732998341979799,2
1433,IMG_20231211_113022_1433,frontal1,IMG_20231211_113022_1433_frontal1.jpg,653.5136147965629,111.5151342144023,1784.0,778.0,1006.0,18.0,22.0,62.0,69.0,3.4444444444444446,3.1363636363636362,0.14345881105378175,0.062562194506638,0.08089661654714374,0.16141306852030207,0.19728263930259143,0.5559783471254849,0.6187500959944913,2
1434,IMG_20231211_113101_1434,frontal1,IMG_20231211_113101_1434_frontal1.jpg,607.2706283433495,103.63930514205373,2672.0,1143.0,1529.0,20.0,23.0,69.0,84.0,3.45,3.652173913043478,0.24876396405425832,0.10641362683907832,0.14235033721518,0.1929769788844773,0.22192352571714888,0.6657705771514466,0.8105033113148046,2
1435,IMG_20231211_113128_1435,frontal1,IMG_20231211_113128_1435_frontal1.jpg,666.177894294195,113.68954343756576,3516.0,1960.0,1556.0,33.0,29.0,81.0,93.0,2.4545454545454546,3.206896551724138,0.27202437526595397,0.15164043672391062,0.12038393854204334,0.29026416152442747,0.25508062679419385,0.712466578287231,0.818017182477932,2
1436,IMG_20231211_115355_1436,frontal1,IMG_20231211_115355_1436_frontal1.jpg,597.3792717266996,101.91363865477666,1413.0,727.0,686.0,16.0,14.0,56.0,64.0,3.5,4.571428571428571,0.13604342171309314,0.06999544768960984,0.0660479740234833,0.15699567016931432,0.13737121139815003,0.5494848455926001,0.6279826806772573,2
1437,IMG_20231211_115434_1437,frontal1,IMG_20231211_115434_1437_frontal1.jpg,606.7077104113072,103.54475005972154,2214.0,1244.0,970.0,28.0,21.0,71.0,77.0,2.5357142857142856,3.6666666666666665,0.20650066201387934,0.11602837558503429,0.09047228642884506,0.27041448247110966,0.20281086185333225,0.685693866266028,0.7436398267955515,2
1438,IMG_20231211_115916_1438,frontal1,IMG_20231211_115916_1438_frontal1.jpg,615.8824805540996,105.10758638369195,1184.0,623.0,561.0,20.0,17.0,46.0,50.0,2.3,2.9411764705882355,0.10717255282939099,0.05639231453776232,0.05078023829162867,0.19028122220398655,0.16173903887338859,0.4376468110691691,0.4757030555099664,2
1439,IMG_20231211_115947_1439,frontal1,IMG_20231211_115947_1439_frontal1.jpg,671.5104843694999,114.56129705495162,2096.0,1098.0,998.0,27.0,23.0,57.0,61.0,2.111111111111111,2.652173913043478,0.15970386778757456,0.0836616635642924,0.07604220422328216,0.2356816891401719,0.20076588334162793,0.4975502326292518,0.5324660384277958,2
1440,IMG_20231211_120017_1440,frontal1,IMG_20231211_120017_1440_frontal1.jpg,643.8676735779156,109.88674946804532,2335.0,966.0,1369.0,19.0,22.0,76.0,88.0,4.0,4.0,0.19337317646106914,0.07999935266012538,0.11337382380094374,0.1729052874161605,0.20020612227134374,0.691621149664642,0.800824489085375,2
1441,IMG_20231211_120309_1441,frontal1,IMG_20231211_120309_1441_frontal1.jpg,673.4129629910092,114.92729324715458,2882.0,1408.0,1474.0,27.0,26.0,74.0,80.0,2.740740740740741,3.076923076923077,0.21819641949167912,0.1065997774615837,0.11159664203009542,0.23493113982886288,0.22622998650186796,0.6438853461976242,0.6960922661595936,2
1442,IMG_20231211_120636_1442,frontal1,IMG_20231211_120636_1442_frontal1.jpg,540.5970097627837,92.2616146192729,1698.0,1698.0,,34.0,,82.0,,2.411764705882353,,0.19947826607166969,0.19947826607166969,,0.3685172879350152,,0.8887769885491543,,1
1443,IMG_20231211_120730_1443,frontal1,IMG_20231211_120730_1443_frontal1.jpg,550.66897596443,93.94860704684116,3117.0,1955.0,1162.0,31.0,25.0,85.0,72.0,2.7419354838709675,2.88,0.3531474800964248,0.22149609354780575,0.13165138654861908,0.3299676384189915,0.2661029342088641,0.904749976310138,0.7663764505215286,2
1444,IMG_20231211_120927_1444,frontal1,IMG_20231211_120927_1444_frontal1.jpg,602.9287164544003,102.89488412083624,2435.0,1213.0,1222.0,24.0,25.0,71.0,82.0,2.9583333333333335,3.28,0.2299912961286068,0.11457061281478442,0.1154206833138224,0.23324774798147613,0.24296640414737095,0.6900245877785335,0.7969298056033768,2
1445,IMG_20231211_121319_1445,frontal1,IMG_20231211_121319_1445_frontal1.jpg,550.8572792939261,93.98066983072523,2381.0,1277.0,1104.0,24.0,26.0,73.0,71.0,3.0416666666666665,2.730769230769231,0.2695766817898158,0.14458186587383234,0.12499481591598348,0.25537166359026786,0.2766526355561235,0.7767554767537314,0.7554745047878757,2
1446,IMG_20231211_121357_1446,frontal1,IMG_20231211_121357_1446_frontal1.jpg,558.1861586234608,95.2113018164737,2895.0,1459.0,1436.0,28.0,26.0,73.0,81.0,2.607142857142857,3.1153846153846154,0.3193534127073984,0.16094529503975621,0.15840811766764218,0.2940827345683385,0.2730768249563143,0.7667157008388824,0.8507393392869792,2
1447,IMG_20231211_121714_1447,frontal1,IMG_20231211_121714_1447_frontal1.jpg,567.9786901770675,96.93502904032368,2318.0,1127.0,1191.0,24.0,22.0,66.0,77.0,2.75,3.5,0.2466902255925827,0.11993955316774836,0.12675067242483434,0.24758851611852634,0.2269561397753158,0.6808684193259474,0.7943464892136054,2
1448,IMG_20231211_121749_1448,frontal1,IMG_20231211_121749_1448_frontal1.jpg,578.8112547103636,98.77569495011329,3229.0,1701.0,1528.0,31.0,31.0,82.0,83.0,2.6451612903225805,2.6774193548387095,0.33095416974919467,0.17434284383505114,0.15661132591414353,0.3138423882075096,0.3138423882075096,0.8301637365488963,0.8402876845555902,2
1449,IMG_20231211_122133_1449,frontal1,IMG_20231211_122133_1449_frontal1.jpg,533.2101492588831,90.99788395543335,2903.0,1399.0,1504.0,27.0,33.0,67.0,70.0,2.4814814814814814,2.121212121212121,0.350577830334889,0.16894880628264197,0.18162902405224698,0.2967101961758076,0.362645795325987,0.7362808571770039,0.7692486567520936,2
1450,IMG_20231211_122213_1450,frontal1,IMG_20231211_122213_1450_frontal1.jpg,671.289018436392,114.56490295654238,3794.0,2288.0,1506.0,36.0,31.0,89.0,74.0,2.4722222222222223,2.3870967741935485,0.289064090099307,0.17432225570564427,0.11474183439366271,0.3142323614908118,0.27058897795042125,0.7768522270189514,0.6459220763977798,2
1451,IMG_20231211_123550_1451,frontal1,IMG_20231211_123550_1451_frontal1.jpg,535.5902078669216,91.40334296258189,2351.0,878.0,1473.0,22.0,28.0,58.0,79.0,2.6363636363636362,2.8214285714285716,0.28140283570840086,0.10509216918416671,0.17631066652423413,0.24069141550989243,0.30633452883077217,0.6345500954351709,0.8643009920582501,2
1452,IMG_20231211_123634_1452,frontal1,IMG_20231211_123634_1452_frontal1.jpg,474.2426785735059,80.92566516847134,928.0,355.0,573.0,12.0,18.0,41.0,48.0,3.4166666666666665,2.6666666666666665,0.14170181750975222,0.05420705303444186,0.08749476447531038,0.14828423065807808,0.22242634598711714,0.5066377880817668,0.5931369226323123,2
1453,IMG_20231211_124129_1453,frontal1,IMG_20231211_124129_1453_frontal1.jpg,429.4852398167472,73.29158430493254,1072.0,448.0,624.0,13.0,19.0,47.0,50.0,3.6153846153846154,2.6315789473684212,0.19956600611762548,0.08340071897453005,0.11616528714309542,0.17737370699905988,0.25923849484477984,0.6412741714581396,0.6822065653809996,2
1454,IMG_20231211_124212_1454,frontal1,IMG_20231211_124212_1454_frontal1.jpg,463.4890574700078,79.09619568373432,1828.0,1120.0,708.0,25.0,20.0,62.0,55.0,2.48,2.75,0.2921897657252872,0.17902217593671865,0.11316758978856857,0.3160708272236297,0.2528566617789038,0.7838556515146018,0.6953558198919855,2
1455,IMG_20231211_124642_1455,frontal1,IMG_20231211_124642_1455_frontal1.jpg,470.697048991092,80.33228051082506,785.0,420.0,365.0,16.0,12.0,36.0,41.0,2.25,3.4166666666666665,0.1216436560462016,0.06508322998650276,0.05656042605969883,0.1991727347743345,0.14937955108075088,0.44813865324225266,0.5103801328592321,2
1456,IMG_20231211_124719_1456,frontal1,IMG_20231211_124719_1456_frontal1.jpg,491.3533997564407,83.85696098715859,2163.0,1207.0,956.0,25.0,23.0,66.0,65.0,2.64,2.8260869565217392,0.30759429818775325,0.1716441599226159,0.13595013826513735,0.29812671131533575,0.2742765744101089,0.7870545178724864,0.7751294494198729,2
1457,IMG_20231211_125022_1457,frontal1,IMG_20231211_125022_1457_frontal1.jpg,459.1806204090559,78.32060538342405,1505.0,833.0,672.0,19.0,16.0,57.0,57.0,3.0,3.5625,0.24534907699872094,0.13579786122254786,0.10955121577617308,0.24259260902011875,0.2042885128590474,0.7277778270603563,0.7277778270603563,2
1458,IMG_20231211_125057_1458,frontal1,IMG_20231211_125057_1458_frontal1.jpg,487.77011581476495,83.24564986215117,1280.0,443.0,837.0,13.0,21.0,49.0,62.0,3.769230769230769,2.9523809523809526,0.18470849667548048,0.06392645627127957,0.1207820404042009,0.15616431635199038,0.25226543410706137,0.5886193462498099,0.7447836626018003,2
1459,IMG_20231211_125636_1459,frontal1,IMG_20231211_125636_1459_frontal1.jpg,529.1729433434122,90.15830807504032,1135.0,738.0,397.0,20.0,13.0,51.0,43.0,2.55,3.3076923076923075,0.13963180604784875,0.09079142983551751,0.048840376212331234,0.22183202443588065,0.14419081588332242,0.5656716623114957,0.47693885253714335,2
1460,IMG_20231211_131525_1460,frontal1,IMG_20231211_131525_1460_frontal1.jpg,622.6178289753964,106.25891763881594,2869.0,1733.0,1136.0,33.0,27.0,73.0,67.0,2.212121212121212,2.4814814814814814,0.254097137487072,0.15348565328166464,0.1006114842054074,0.31056216958815736,0.2540963205721287,0.687001163028348,0.6305353140123194,2
1461,IMG_20231211_131935_1461,frontal1,IMG_20231211_131935_1461_frontal1.jpg,647.5932608213267,110.52203569745116,3024.0,1658.0,1366.0,29.0,24.0,81.0,77.0,2.793103448275862,3.2083333333333335,0.2475620302736577,0.135733414746602,0.11182861552705568,0.2623911133829106,0.21715126624792602,0.7328855235867503,0.6966936458787626,2
1462,IMG_20231211_132440_1462,frontal1,IMG_20231211_132440_1462_frontal1.jpg,698.0301539386255,118.92956475969838,2589.0,1547.0,1042.0,25.0,21.0,82.0,66.0,3.28,3.142857142857143,0.18304269077107851,0.10937313349666221,0.0736695572744163,0.21020845447903078,0.17657510176238586,0.6894837306912209,0.5549503198246413,2
1463,IMG_20231211_132519_1463,frontal1,IMG_20231211_132519_1463_frontal1.jpg,630.3574838748008,107.57759195169314,3560.0,2104.0,1456.0,36.0,32.0,87.0,79.0,2.4166666666666665,2.46875,0.3076141867132993,0.18180344068673643,0.12581074602656286,0.33464218102377224,0.29745971646557534,0.808718604140783,0.7343536750243891,2
1464,IMG_20231211_132554_1464,frontal1,IMG_20231211_132554_1464_frontal1.jpg,674.3847667606685,115.00696455515242,3909.0,1760.0,2149.0,29.0,38.0,85.0,95.0,2.9310344827586206,2.5,0.2955407617678419,0.13306516774402705,0.16247559402381484,0.25215864197592,0.33041477224430893,0.7390856747570068,0.8260369306107724,2
1465,IMG_20231211_132942_1465,frontal1,IMG_20231211_132942_1465_frontal1.jpg,690.5201306254071,117.82156995472691,3076.0,1846.0,1230.0,31.0,23.0,82.0,76.0,2.6451612903225805,3.3043478260869565,0.22158314412082375,0.13297870092556588,0.08860444319525787,0.2631097176171714,0.19521043565144972,0.6959676401486469,0.6450431786743556,2
1466,IMG_20231211_133019_1466,frontal1,IMG_20231211_133019_1466_frontal1.jpg,689.5777708306666,117.64911642045979,3652.0,1806.0,1846.0,30.0,29.0,88.0,90.0,2.933333333333333,3.103448275862069,0.2638477707491188,0.13047893591810203,0.1333688348310168,0.2549955402366528,0.246495688895431,0.7479869180275148,0.7649866207099583,2
1467,IMG_20231211_133358_1467,frontal1,IMG_20231211_133358_1467_frontal1.jpg,682.7363927879238,116.45948700779525,4335.0,2645.0,1690.0,34.0,27.0,100.0,89.0,2.9411764705882355,3.2962962962962963,0.3196239808916385,0.1950185535082777,0.1246054273833608,0.2919470184316045,0.23184027934274473,0.8586677012694249,0.7642142541297882,2
1468,IMG_20231211_133437_1468,frontal1,IMG_20231211_133437_1468_frontal1.jpg,698.2226343684554,119.1500661017735,4002.0,2192.0,1810.0,33.0,27.0,99.0,91.0,3.0,3.3703703703703702,0.28189573752408525,0.15440166333153296,0.12749407419255232,0.27696165918877996,0.22660499388172908,0.8308849775663399,0.7637427571569387,2
1469,IMG_20231211_133927_1469,frontal1,IMG_20231211_133927_1469_frontal1.jpg,661.4015017330062,112.87802424612487,3731.0,1657.0,2074.0,29.0,31.0,83.0,88.0,2.8620689655172415,2.838709677419355,0.2928238529289877,0.13004800973018832,0.16277584319879937,0.2569144897218165,0.2746327303922866,0.7353069878245093,0.7796025895006845,2
1470,IMG_20231211_134006_1470,frontal1,IMG_20231211_134006_1470_frontal1.jpg,685.9403209987239,117.06464062427094,4510.0,2476.0,2034.0,34.0,29.0,103.0,100.0,3.0294117647058822,3.4482758620689653,0.3290978684669963,0.1806754594954064,0.1484224089715899,0.290437828354387,0.2477263830081536,0.8798557741324077,0.8542289069246676,2
1471,IMG_20231211_134037_1471,frontal1,IMG_20231211_134037_1471_frontal1.jpg,744.781031114404,127.0550985172764,3307.0,1847.0,1460.0,31.0,25.0,84.0,83.0,2.7096774193548385,3.32,0.20485661881797648,0.11441493043749698,0.09044168838047949,0.24398863455121209,0.1967650278638807,0.6611304936226392,0.6532598925080839,2
1472,IMG_20231211_134555_1472,frontal1,IMG_20231211_134555_1472_frontal1.jpg,568.9232200707703,97.07673563259722,2307.0,905.0,1402.0,21.0,26.0,58.0,77.0,2.761904761904762,2.9615384615384617,0.2448032991945734,0.09603250358521409,0.1487707956093593,0.21632371405109804,0.26782936025374043,0.5974654959506517,0.7931869515206927,2
1473,IMG_20231211_134641_1473,frontal1,IMG_20231211_134641_1473_frontal1.jpg,583.346723205033,99.55133452918572,3473.0,1904.0,1569.0,33.0,28.0,88.0,85.0,2.6666666666666665,3.0357142857142856,0.35043753005609685,0.1921200855821504,0.1583174444739464,0.33148726891577035,0.2812619251406536,0.8839660504420542,0.8538308441769842,2
1474,IMG_20231211_135031_1474,frontal1,IMG_20231211_135031_1474_frontal1.jpg,615.7626264794036,105.06247944921799,3187.0,1688.0,1499.0,31.0,28.0,73.0,82.0,2.3548387096774195,2.9285714285714284,0.2887265834505718,0.15292452866788991,0.13580205478268184,0.2950625205355435,0.26650808306436186,0.6948246451320863,0.7804879575456312,2
1475,IMG_20231211_135112_1475,frontal1,IMG_20231211_135112_1475_frontal1.jpg,610.9853911034099,104.23789225428642,3697.0,2195.0,1502.0,45.0,29.0,76.0,86.0,1.6888888888888889,2.9655172413793105,0.34025005832247507,0.20201484393233238,0.1382352143901427,0.4317048150803292,0.27820976971843436,0.7291014654690005,0.8250358688201848,2
1476,IMG_20231211_135538_1476,frontal1,IMG_20231211_135538_1476_frontal1.jpg,564.4619313056237,96.33006442174968,2777.0,1455.0,1322.0,27.0,24.0,78.0,76.0,2.888888888888889,3.1666666666666665,0.2992624163765433,0.15679755701399734,0.14246485936254602,0.2802863276597567,0.24914340236422816,0.8097160576837414,0.7889541074867225,2
1477,IMG_20231211_135617_1477,frontal1,IMG_20231211_135617_1477_frontal1.jpg,566.8145117084383,96.734747874203,2479.0,1072.0,1407.0,22.0,23.0,68.0,84.0,3.090909090909091,3.652173913043478,0.26491803108409745,0.11455914857690701,0.15035888250719043,0.22742603338987882,0.23776358036214604,0.7029531941141709,0.8683539456704464,2
1478,IMG_20231211_135925_1478,frontal1,IMG_20231211_135925_1478_frontal1.jpg,616.636756102121,105.19592322276138,2870.0,1592.0,1278.0,30.0,26.0,71.0,84.0,2.3666666666666667,3.230769230769231,0.2593487014646896,0.14386171872187659,0.115486982742813,0.2851821542216273,0.24715786699207698,0.6749310983245179,0.7985100318205565,2
1479,IMG_20231211_140440_1479,frontal1,IMG_20231211_140440_1479_frontal1.jpg,615.153847796489,104.94540938258864,2658.0,1382.0,1276.0,25.0,23.0,73.0,71.0,2.92,3.0869565217391304,0.24133931989992813,0.12548191877415377,0.11585740112577438,0.2382190907356422,0.21916156347679083,0.6955997449480753,0.6765422176892238,2
1480,IMG_20231211_140524_1480,frontal1,IMG_20231211_140524_1480_frontal1.jpg,581.2119589377061,99.16151945117562,3245.0,1734.0,1511.0,37.0,27.0,78.0,83.0,2.108108108108108,3.074074074074074,0.33001095390707214,0.17634483638670667,0.1536661175203655,0.3731286108238567,0.27228304033092243,0.786595449844887,0.8370182350913541,2
1481,IMG_20231211_141105_1481,frontal1,IMG_20231211_141105_1481_frontal1.jpg,547.0313076998611,93.34279784029802,2520.0,1260.0,1260.0,26.0,25.0,66.0,76.0,2.5384615384615383,3.04,0.28922705292321543,0.14461352646160772,0.14461352646160772,0.27854318277971374,0.26782998344203246,0.7070711562869656,0.8142031496637786,2
1482,IMG_20231211_141151_1482,frontal1,IMG_20231211_141151_1482_frontal1.jpg,591.7060302721261,100.98410918356505,3261.0,1742.0,1519.0,32.0,25.0,77.0,83.0,2.40625,3.32,0.3197751573270033,0.1708213198600551,0.14895383746694818,0.3168815396671136,0.2475637028649325,0.762496204823992,0.8219114935115759,2
1483,IMG_20231211_141224_1483,frontal1,IMG_20231211_141224_1483_frontal1.jpg,569.704888677119,97.20312758989891,2478.0,1452.0,1026.0,30.0,21.0,68.0,72.0,2.2666666666666666,3.4285714285714284,0.26226529441902446,0.15367603208088118,0.10858926233814331,0.3086320445013903,0.2160424311509732,0.6995659675364847,0.7407169068033367,2
1484,IMG_20231211_1400011479_1484,frontal1,IMG_20231211_1400011479_1484_frontal1.jpg,609.9555794708991,104.0983000251069,3535.0,1974.0,1561.0,31.0,24.0,84.0,90.0,2.7096774193548385,3.75,0.32621366042359684,0.1821628757216917,0.14405078470190516,0.2977954490373357,0.23055131538374377,0.8069296038431032,0.8645674326890391,2
1486,IMG_20231214_092502_1486,frontal1,IMG_20231214_092502_1486_frontal1.jpg,542.9726652466535,92.66644394627266,2534.0,1274.0,1260.0,24.0,25.0,78.0,73.0,3.25,2.92,0.2950948401596478,0.14836259919628703,0.1467322409633608,0.2589934282350904,0.2697848210782192,0.8417286417640439,0.7877716775484,2
1487,IMG_20231214_094434_1487,frontal1,IMG_20231214_094434_1487_frontal1.jpg,533.5118683833307,91.04261768166847,1593.0,934.0,659.0,20.0,18.0,69.0,53.0,3.45,2.9444444444444446,0.19218801598074103,0.11268274132204152,0.07950527465869953,0.21967733913286877,0.1977096052195819,0.7578868200083972,0.5821449487021022,2
1488,IMG_20231214_095522_1488,frontal1,IMG_20231214_095522_1488_frontal1.jpg,458.46260585201225,78.24406146835507,1149.0,547.0,602.0,14.0,16.0,54.0,56.0,3.857142857142857,3.5,0.18767968139497934,0.08934794231771429,0.09833173907726507,0.17892731713143678,0.20448836243592775,0.6901482232212561,0.7157092685257471,2
1489,IMG_20231214_095606_1489,frontal1,IMG_20231214_095606_1489_frontal1.jpg,461.0804114782832,78.6548377891914,1140.0,421.0,719.0,14.0,17.0,45.0,60.0,3.2142857142857144,3.5294117647058822,0.1842697182688054,0.06805048367646234,0.11621923459234304,0.17799286596359687,0.21613419438436762,0.5721199263115614,0.7628265684154152,2
1490,IMG_20231214_101307_1490,frontal1,IMG_20231214_101307_1490_frontal1.jpg,495.0111031840865,84.46611231943568,667.0,,667.0,,19.0,,51.0,,2.6842105263157894,0.09348906637819283,,0.09348906637819283,,0.22494228132751523,,0.603792439352804,1
1491,IMG_20231214_102309_1491,frontal1,IMG_20231214_102309_1491_frontal1.jpg,540.876740783113,92.30959077546812,2262.0,1100.0,1162.0,20.0,25.0,75.0,76.0,3.75,3.04,0.26545991393404483,0.12909191216951782,0.136368001764527,0.21666221063256116,0.27082776329070146,0.8124832898721044,0.8233164004037324,2
1492,IMG_20231214_103923_1492,frontal1,IMG_20231214_103923_1492_frontal1.jpg,488.2149643304695,83.31439775106632,1601.0,864.0,737.0,18.0,18.0,66.0,61.0,3.6666666666666665,3.388888888888889,0.2306488073583134,0.12447256062309979,0.10617624673521359,0.21604909218430524,0.21604909218430524,0.7921800046757859,0.7321663679579232,2
1493,IMG_20231214_104405_1493,frontal1,IMG_20231214_104405_1493_frontal1.jpg,632.9093391770944,108.01579871564891,2638.0,1185.0,1453.0,23.0,26.0,70.0,80.0,3.0434782608695654,3.076923076923077,0.22609982620056024,0.10156493330085818,0.12453489289970206,0.21293181435937342,0.24070552927581343,0.6480533480502669,0.7406323977717336,2
1494,IMG_20231214_114331_1494,frontal1,IMG_20231214_114331_1494_frontal1.jpg,603.3965305370175,102.97727832451629,2972.0,1129.0,1843.0,25.0,31.0,62.0,82.0,2.48,2.6451612903225805,0.2802631419764969,0.10646604552202725,0.17379709645446964,0.24277200181205538,0.30103728224694865,0.6020745644938973,0.7962921659435417,2
1495,IMG_20231214_114417_1495,frontal1,IMG_20231214_114417_1495_frontal1.jpg,477.2992738932159,81.39076688350966,966.0,409.0,557.0,13.0,16.0,47.0,48.0,3.6153846153846154,3.0,0.14582327421568098,0.06174091009752952,0.08408236411815145,0.15972327694867675,0.19658249470606368,0.577461078199062,0.589747484118191,2
1496,IMG_20231214_120213_1496,frontal1,IMG_20231214_120213_1496_frontal1.jpg,496.9570331911241,84.81334393961365,1953.0,971.0,982.0,21.0,25.0,66.0,66.0,3.142857142857143,2.64,0.27150252335744857,0.13498666163854714,0.13651586171890143,0.24760254724718572,0.29476493719903063,0.7781794342054408,0.7781794342054408,2
1497,IMG_20231214_122017_1497,frontal1,IMG_20231214_122017_1497_frontal1.jpg,532.7701744937685,90.91474507600662,1669.0,788.0,881.0,19.0,20.0,59.0,60.0,3.1052631578947367,3.0,0.20192388156961882,0.0953361406092628,0.106587740960356,0.2089870018786898,0.2199863177670419,0.6489596374127735,0.6599589533011256,2
1498,IMG_20231214_123149_1498,frontal1,IMG_20231214_123149_1498_frontal1.jpg,516.6140856048712,88.16237061833381,2803.0,1277.0,1526.0,26.0,27.0,70.0,83.0,2.6923076923076925,3.074074074074074,0.36062562131797765,0.1642950119240305,0.19633060939394717,0.2949104001814712,0.30625310788075855,0.7939895389501147,0.9414447390408502,2
1499,IMG_20231214_124147_1499,frontal1,IMG_20231214_124147_1499_frontal1.jpg,455.92961379260566,77.80526929801577,1007.0,538.0,469.0,14.0,13.0,52.0,54.0,3.7142857142857144,4.153846153846154,0.16634565065677764,0.08887185705396859,0.07747379360280905,0.17993639924792387,0.1670837993016436,0.6683351972065744,0.6940403970991349,2
1500,IMG_20231214_130802_1500,frontal1,IMG_20231214_130802_1500_frontal1.jpg,529.8874892413328,90.41006135691565,2472.0,1170.0,1302.0,22.0,26.0,69.0,76.0,3.1363636363636362,2.923076923076923,0.30242308441949584,0.14313713947039244,0.15928594494910336,0.2433357490285253,0.28757861248825717,0.7631893946803748,0.8406144057349056,2
1501,IMG_20231214_140528_1501,frontal1,IMG_20231214_140528_1501_frontal1.jpg,543.5015025863157,92.7341257425512,3033.0,1520.0,1513.0,28.0,30.0,73.0,79.0,2.607142857142857,2.6333333333333333,0.3526900814384868,0.17675203553791624,0.17593804590057058,0.30193846953098685,0.3235055030689145,0.7871967241343586,0.8518978247481415,2
1502,IMG_20231214_144041_1502,frontal1,IMG_20231214_144041_1502_frontal1.jpg,502.66816121072304,85.78379830408768,1593.0,714.0,879.0,20.0,19.0,58.0,63.0,2.9,3.3157894736842106,0.21647374577811124,0.09702589735440767,0.11944784842370355,0.23314425795304264,0.2214870450553905,0.6761183480638236,0.7344044125520843,2
1503,IMG_20231215_091911_1503,frontal1,IMG_20231215_091911_1503_frontal1.jpg,426.898900592738,72.83769320707978,1042.0,383.0,659.0,11.0,17.0,44.0,56.0,4.0,3.2941176470588234,0.1964062721910418,0.07219155686100671,0.12421471533003506,0.15102070803816733,0.23339563969534952,0.6040828321526693,0.7688326954670337,2
1504,IMG_20231215_092849_1504,frontal1,IMG_20231215_092849_1504_frontal1.jpg,404.7512899865937,69.06617562680829,1495.0,784.0,711.0,21.0,19.0,56.0,55.0,2.6666666666666665,2.8947368421052633,0.31340821457301177,0.16435587974932525,0.14905233482368654,0.3040562157874682,0.2750984809505665,0.8108165754332486,0.7963377080147978,2
1505,IMG_20231215_093425_1505,frontal1,IMG_20231215_093425_1505_frontal1.jpg,420.11685407198127,71.6218887874243,1051.0,302.0,749.0,12.0,19.0,37.0,55.0,3.0833333333333335,2.8947368421052633,0.20488547750531882,0.05887289648582901,0.14601258101948983,0.16754654482257966,0.2652820293024178,0.5166018465362873,0.7679216637701567,2
1506,IMG_20231215_095225_1506,frontal1,IMG_20231215_095225_1506_frontal1.jpg,537.5248006931465,91.72829985672534,2789.0,1503.0,1286.0,26.0,24.0,76.0,77.0,2.923076923076923,3.2083333333333335,0.33146816649235555,0.17862913382503062,0.15283903266732493,0.2834457854403777,0.26164226348342556,0.8285338343641809,0.839435595342657,2
1507,IMG_20231215_095959_1507,frontal1,IMG_20231215_095959_1507_frontal1.jpg,499.2088946184134,85.19764397468649,1869.0,632.0,1237.0,19.0,24.0,48.0,65.0,2.526315789473684,2.7083333333333335,0.25748630269986483,0.0870686695057863,0.17041763319407857,0.22301086172811527,0.28169793060393505,0.5633958612078701,0.7629318953856574,2
1508,IMG_20231215_103036_1508,frontal1,IMG_20231215_103036_1508_frontal1.jpg,587.271984160041,100.21619746413002,3267.0,1600.0,1667.0,28.0,31.0,75.0,80.0,2.6785714285714284,2.5806451612903225,0.32529193371836174,0.1593104052492742,0.16598152846908756,0.2793959530346572,0.3093312337169419,0.7483820170571174,0.798274151527592,2
1509,IMG_20231215_104449_1509,frontal1,IMG_20231215_104449_1509_frontal1.jpg,448.8613615814382,76.6023923859707,1123.0,501.0,622.0,15.0,16.0,46.0,52.0,3.066666666666667,3.25,0.19137935628797315,0.08537939225313851,0.10599996403483464,0.19581633853444982,0.20887076110341313,0.6005034381723128,0.6788299735860926,2
1510,IMG_20231215_105101_1510,frontal1,IMG_20231215_105101_1510_frontal1.jpg,532.9149736801702,90.9402414020165,2218.0,1176.0,1042.0,21.0,21.0,72.0,81.0,3.4285714285714284,3.857142857142857,0.2681941721360281,0.14219853310728992,0.12599563902873817,0.23092087371052822,0.23092087371052822,0.7917287098646681,0.8906947985977517,2
1511,IMG_20231215_105747_1511,frontal1,IMG_20231215_105747_1511_frontal1.jpg,411.2997945482336,70.19508262959774,780.0,424.0,356.0,12.0,13.0,45.0,40.0,3.75,3.076923076923077,0.15830011249515719,0.08605031756147007,0.07224979493368713,0.1709521457980335,0.18519815794786962,0.6410705467426255,0.569840485993445,2
1512,IMG_20231215_112822_1512,frontal1,IMG_20231215_112822_1512_frontal1.jpg,396.4799980092725,67.65490780461514,912.0,279.0,633.0,10.0,19.0,44.0,48.0,4.4,2.526315789473684,0.19924903431996746,0.06095447431499005,0.13829456000497742,0.14780893691969293,0.2808369801474166,0.650359322446649,0.7094828972145261,2
1513,IMG_20231215_112900_1513,frontal1,IMG_20231215_112900_1513_frontal1.jpg,446.0293844703294,76.09482924009617,858.0,261.0,597.0,10.0,14.0,35.0,53.0,3.5,3.7857142857142856,0.1481757022769726,0.04507442691642173,0.10310127536055086,0.13141497391955198,0.18398096348737278,0.4599524087184319,0.6964993617736255,2
1514,IMG_20231215_114009_1514,frontal1,IMG_20231215_114009_1514_frontal1.jpg,474.4728417947667,80.97665893322056,1398.0,667.0,731.0,14.0,16.0,68.0,60.0,4.857142857142857,3.75,0.21320012916272985,0.1017199471756372,0.11148018198709264,0.172889326188988,0.19758780135884343,0.8397481557750847,0.7409542550956629,2
1515,IMG_20231215_115111_1515,frontal1,IMG_20231215_115111_1515_frontal1.jpg,525.5952902123831,89.70022229103134,2754.0,1596.0,1158.0,29.0,22.0,76.0,70.0,2.6206896551724137,3.1818181818181817,0.3422763541472426,0.1983562313794478,0.14392012276779484,0.32329908733012763,0.24526137659526923,0.8472665736927483,0.7803771073485839,2
1516,IMG_20231215_115658_1516,frontal1,IMG_20231215_115658_1516_frontal1.jpg,390.95897480431967,66.70298702938798,1080.0,466.0,614.0,12.0,18.0,47.0,54.0,3.9166666666666665,3.0,0.24273544077534495,0.10473584759380625,0.1379995931815387,0.17990198841789565,0.26985298262684343,0.7046161213034245,0.8095589478805304,2
1517,IMG_20231215_120252_1517,frontal1,IMG_20231215_120252_1517_frontal1.jpg,398.71623540801806,67.88196242469802,349.0,,349.0,,12.0,,35.0,,2.9166666666666665,0.07573849115343621,,0.07573849115343621,,0.1767774467821506,,0.5156008864479392,1
1518,IMG_20231215_121055_1518,frontal1,IMG_20231215_121055_1518_frontal1.jpg,403.767056057435,68.8229363655195,1422.0,643.0,779.0,17.0,22.0,51.0,55.0,3.0,2.5,0.30021556174211017,0.13575148115342955,0.16446408058868062,0.24701067547761668,0.31966087414750394,0.74103202643285,0.7991521853687599,2
1519,IMG_20231215_122813_1519,frontal1,IMG_20231215_122813_1519_frontal1.jpg,399.464479189339,68.17511378323272,940.0,384.0,556.0,16.0,20.0,37.0,43.0,2.3125,2.15,0.20224421631351552,0.08261891389828718,0.11962530241522833,0.2346897439859515,0.29336217998243935,0.5427200329675128,0.6307286869622447,2
1520,IMG_20231215_125000_1520,frontal1,IMG_20231215_125000_1520_frontal1.jpg,504.9498305468968,86.13074857803755,2711.0,1396.0,1315.0,31.0,28.0,67.0,66.0,2.161290322580645,2.357142857142857,0.36543746875604927,0.18817805473384167,0.1772594140222076,0.3599179214367664,0.3250871548461116,0.7778871205246242,0.7662768649944058,2
1521,IMG_20231215_133520_1521,frontal1,IMG_20231215_133520_1521_frontal1.jpg,568.4749405961013,96.9886168876223,2177.0,762.0,1415.0,16.0,25.0,71.0,81.0,4.4375,3.24,0.23142853003972488,0.08100530082235663,0.15042322921736828,0.16496781285724182,0.25776220758944035,0.7320446695540106,0.8351495525897867,2
1522,IMG_20231215_141935_1522,frontal1,IMG_20231215_141935_1522_frontal1.jpg,448.94714041783385,76.52630029584688,1105.0,371.0,734.0,13.0,17.0,40.0,57.0,3.076923076923077,3.3529411764705883,0.18868650609796106,0.06335085408356883,0.12533565201439223,0.16987623796972603,0.22214584965271866,0.5226961168299262,0.7448419664826449,2
1523,IMG_20231218_092505_1523,frontal1,IMG_20231218_092505_1523_frontal1.jpg,502.6796205220851,85.78840968456767,2132.0,867.0,1265.0,22.0,22.0,57.0,76.0,2.590909090909091,3.4545454545454546,0.2896876402934985,0.11780449537263754,0.171883144920861,0.25644489833639544,0.25644489833639544,0.6644254184170246,0.8859005578893662,2
1524,IMG_20231218_094521_1524,frontal1,IMG_20231218_094521_1524_frontal1.jpg,410.9168760953264,70.11883000350755,1080.0,585.0,495.0,20.0,16.0,40.0,42.0,2.0,2.625,0.2196617472212229,0.11898344641149573,0.10067830080972716,0.2852300872533033,0.22818406980264264,0.5704601745066066,0.5989831832319369,2
1525,IMG_20231218_095322_1525,frontal1,IMG_20231218_095322_1525_frontal1.jpg,624.433988058005,106.56470065549603,3423.0,1844.0,1579.0,34.0,27.0,92.0,88.0,2.7058823529411766,3.259259259259259,0.301425618330195,0.16238061355561775,0.13904500477457724,0.31905499467328974,0.2533672016523183,0.8633252797041958,0.8257893979779264,2
1526,IMG_20231218_095704_1526,frontal1,IMG_20231218_095704_1526_frontal1.jpg,451.8422878331238,77.05034153270263,1456.0,805.0,651.0,21.0,16.0,62.0,53.0,2.9523809523809526,3.3125,0.24525181989861244,0.1355959581170213,0.10965586178159115,0.2725490839140139,0.20765644488686774,0.8046687239366125,0.6878619736877494,2
1527,IMG_20231218_100121_1527,frontal1,IMG_20231218_100121_1527_frontal1.jpg,374.3093779881096,63.867792971838654,856.0,268.0,588.0,13.0,21.0,30.0,40.0,2.3076923076923075,1.9047619047619047,0.20985047035854984,0.06570084819636841,0.14414962216218144,0.20354547096581393,0.3288042223293917,0.46972031761341676,0.626293756817889,2
1528,IMG_20231218_101300_1528,frontal1,IMG_20231218_101300_1528_frontal1.jpg,553.2870197083639,94.40008208018699,1738.0,617.0,1121.0,17.0,24.0,52.0,71.0,3.0588235294117645,2.9583333333333335,0.19503162004952265,0.06923734727880061,0.12579427277072203,0.180084589180331,0.25423706707811433,0.5508469786692477,0.7521179901060883,2
1529,IMG_20231218_102444_1529,frontal1,IMG_20231218_102444_1529_frontal1.jpg,372.6529657658054,63.58516975162119,1148.0,485.0,663.0,18.0,19.0,42.0,50.0,2.3333333333333335,2.6315789473684212,0.2839423798040605,0.11995823537018237,0.16398414443387815,0.2830848776579867,0.2988118153056526,0.660531381201969,0.7863468823832964,2
1530,IMG_20231218_103458_1530,frontal1,IMG_20231218_103458_1530_frontal1.jpg,634.365039156389,108.2568303307543,3596.0,1914.0,1682.0,39.0,34.0,72.0,76.0,1.8461538461538463,2.235294117647059,0.3068379473120505,0.16331697195641398,0.14352097535563654,0.36025440501854994,0.31406794283668454,0.6650850554188614,0.7020342251643538,2
1531,IMG_20231218_104001_1531,frontal1,IMG_20231218_104001_1531_frontal1.jpg,503.6243614263356,85.90679086515573,2163.0,1085.0,1078.0,25.0,22.0,71.0,67.0,2.84,3.0454545454545454,0.2930903555685823,0.14701943402307527,0.14607092154550705,0.29101308229801587,0.256091512422254,0.826477153726365,0.7799150605586824,2
1532,IMG_20231218_104920_1532,frontal1,IMG_20231218_104920_1532_frontal1.jpg,528.6152648015775,90.21700083812688,2440.0,1161.0,1279.0,22.0,24.0,69.0,73.0,3.1363636363636362,3.0416666666666665,0.29978717910738234,0.14264463727199628,0.15714254183538606,0.24385647711204464,0.26602524775859415,0.7648225873059582,0.8091601285990573,2
1533,IMG_20231218_110049_1533,frontal1,IMG_20231218_110049_1533_frontal1.jpg,557.7346560833855,95.14730814188381,2960.0,1307.0,1653.0,27.0,27.0,68.0,85.0,2.5185185185185186,3.1481481481481484,0.32696306746106263,0.1443718679633814,0.18259119949768127,0.28377050835466155,0.28377050835466155,0.7146812803006292,0.8933516003757864,2
1534,IMG_20231218_110733_1534,frontal1,IMG_20231218_110733_1534_frontal1.jpg,556.5068743265954,94.90232948726003,2439.0,1192.0,1247.0,21.0,25.0,71.0,80.0,3.380952380952381,3.2,0.2708058580133659,0.13234956242391643,0.13845629558944947,0.22128013204163868,0.2634287286209984,0.7481375892836355,0.842971931587195,2
1535,IMG_20231218_114132_1535,frontal1,IMG_20231218_114132_1535_frontal1.jpg,435.071895236028,74.08751074316329,1482.0,591.0,891.0,20.0,23.0,49.0,58.0,2.45,2.5217391304347827,0.2699965390539277,0.10767068460247724,0.16232585445145045,0.26995103222368116,0.31044368705723335,0.661380028948019,0.7828579934486755,2
1536,IMG_20231218_115612_1536,frontal1,IMG_20231218_115612_1536_frontal1.jpg,413.7443911326865,70.56710215464811,1551.0,729.0,822.0,18.0,19.0,55.0,67.0,3.0555555555555554,3.526315789473684,0.31146355115842494,0.1463938934845208,0.16506965767390414,0.25507636632935443,0.26924727556987416,0.779400008228583,0.9494509191148194,2
1537,IMG_20231218_115707_1537,frontal1,IMG_20231218_115707_1537_frontal1.jpg,412.0227595017085,70.31846713879074,1364.0,464.0,900.0,17.0,22.0,40.0,57.0,2.3529411764705883,2.590909090909091,0.27585164631181514,0.09383809669258228,0.18201354961923288,0.24175726081238846,0.3128623375219145,0.5688406136762082,0.8105978744885967,2
1538,IMG_20231218_120352_1538,frontal1,IMG_20231218_120352_1538_frontal1.jpg,524.7891105802088,89.5620132502244,2103.0,976.0,1127.0,19.0,22.0,63.0,66.0,3.3157894736842106,3.0,0.2621751817703553,0.12167521512499609,0.14049996664535921,0.21214351163496648,0.2456398555773296,0.7034232227896257,0.7369195667319888,2
1539,IMG_20231218_121331_1539,frontal1,IMG_20231218_121331_1539_frontal1.jpg,384.5149704268865,65.53254534000976,1132.0,350.0,782.0,12.0,24.0,41.0,62.0,3.4166666666666665,2.5833333333333335,0.26359207783138494,0.08149931735069323,0.18209276048069173,0.18311512146734224,0.3662302429346845,0.625643331680086,0.9460947942479349,2
1540,IMG_20231218_123713_1540,frontal1,IMG_20231218_123713_1540_frontal1.jpg,453.4584787992264,77.37320480930595,1142.0,504.0,638.0,21.0,21.0,33.0,45.0,1.5714285714285714,2.142857142857143,0.19075895399732865,0.08418783959251633,0.10657111440481233,0.27141178980186503,0.27141178980186503,0.4265042411172165,0.581596692432568,2
1541,IMG_20231218_131651_1541,frontal1,IMG_20231218_131651_1541_frontal1.jpg,436.1792980086233,74.40620415590477,1083.0,482.0,601.0,16.0,16.0,49.0,55.0,3.0625,3.4375,0.19561860504100773,0.08706201997208285,0.10855658506892489,0.2150358317765396,0.2150358317765396,0.6585472348156525,0.7391856717318548,2
1542,IMG_20231218_131741_1542,frontal1,IMG_20231218_131741_1542_frontal1.jpg,437.8488740815316,74.65066281885849,1589.0,884.0,705.0,23.0,19.0,60.0,58.0,2.608695652173913,3.0526315789473686,0.28513895977156034,0.15862985553055967,0.12650910424100065,0.30810175196715955,0.2545188385815666,0.8037437007838946,0.7769522440910981,2
1543,IMG_20231218_132310_1543,frontal1,IMG_20231218_132310_1543_frontal1.jpg,373.78639905812463,63.59426189881165,887.0,373.0,514.0,15.0,17.0,41.0,42.0,2.7333333333333334,2.4705882352941178,0.21932480790629183,0.0922301616111013,0.12709464629519054,0.23587033723054024,0.2673197155279456,0.64471225509681,0.6604369442455127,2
1544,IMG_20231218_133207_1544,frontal1,IMG_20231218_133207_1544_frontal1.jpg,350.3007889781563,59.64508901237122,1066.0,518.0,548.0,17.0,17.0,47.0,45.0,2.764705882352941,2.6470588235294117,0.299645543218653,0.14560637090737547,0.15403917231127753,0.285019274536986,0.285019274536986,0.787994464896373,0.7544627855390805,2
1545,IMG_20231218_141209_1545,frontal1,IMG_20231218_141209_1545_frontal1.jpg,537.1571321644795,91.67206807056493,1931.0,945.0,986.0,18.0,19.0,65.0,70.0,3.611111111111111,3.6842105263157894,0.22977787882975867,0.11244955748012529,0.11732832134963338,0.19635206643472283,0.2072605145699852,0.7090491287920547,0.7635913694683666,2
1546,IMG_20231219_093738_1546,frontal1,IMG_20231219_093738_1546_frontal1.jpg,475.3590279570016,81.11675508255306,1475.0,720.0,755.0,17.0,17.0,57.0,59.0,3.3529411764705883,3.4705882352941178,0.22416658815414803,0.10942369048880446,0.11474289766534357,0.20957445823244517,0.20957445823244517,0.7026908305440809,0.7273466491596626,2
1547,IMG_20231219_095422_1547,frontal1,IMG_20231219_095422_1547_frontal1.jpg,503.4660639595321,85.92100576378667,2097.0,1129.0,968.0,20.0,20.0,74.0,68.0,3.7,3.4,0.28405322621932627,0.15293089766410078,0.13112232855522546,0.23277194932964168,0.23277194932964168,0.8612562125196742,0.7914246277207817,2
1548,IMG_20231219_100903_1548,frontal1,IMG_20231219_100903_1548_frontal1.jpg,516.9594422856966,88.10348578282866,1818.0,1029.0,789.0,25.0,22.0,59.0,56.0,2.36,2.5454545454545454,0.23421121981256252,0.132565096362556,0.10164612345000651,0.28375721775213225,0.2497063516218764,0.6696670338950321,0.6356161677647763,2
1549,IMG_20231219_101900_1549,frontal1,IMG_20231219_101900_1549_frontal1.jpg,501.4949077674786,85.28678603504889,2049.0,989.0,1060.0,22.0,21.0,63.0,65.0,2.8636363636363638,3.0952380952380953,0.2816945606147686,0.13596677425476142,0.1457277863600072,0.2579532073228674,0.24622806153546434,0.7386841846063931,0.7621344761811992,2
1550,IMG_20231219_102533_1550,frontal1,IMG_20231219_102533_1550_frontal1.jpg,387.50566987161847,66.11804451286862,847.0,157.0,690.0,9.0,21.0,27.0,48.0,3.0,2.2857142857142856,0.1937507575660683,0.03591365872239991,0.1578370988436684,0.13612017817992667,0.3176137490864956,0.40836053453978005,0.7259742836262756,2
1551,IMG_20231219_103447_1551,frontal1,IMG_20231219_103447_1551_frontal1.jpg,390.7318858514436,66.68271115390183,771.0,319.0,452.0,11.0,19.0,37.0,39.0,3.3636363636363638,2.0526315789473686,0.17339153061104465,0.07174046467564624,0.10165106593539842,0.1649602994487178,0.28493142632051255,0.5548664617820507,0.5848592434999994,2
1552,IMG_20231219_103623_1552,frontal1,IMG_20231219_103623_1552_frontal1.jpg,518.9200840968693,88.53524363210705,2591.0,1133.0,1458.0,24.0,27.0,61.0,72.0,2.5416666666666665,2.6666666666666665,0.33054838494395783,0.1445431571368214,0.18600522780713644,0.2710784882428049,0.3049632992731555,0.6889911576171291,0.8132354647284147,2
1553,IMG_20231219_104204_1553,frontal1,IMG_20231219_104204_1553_frontal1.jpg,474.9549854792248,80.98066274183745,2159.0,1156.0,1003.0,24.0,23.0,64.0,61.0,2.6666666666666665,2.652173913043478,0.3292228642328713,0.17627680919555314,0.15294605503731815,0.29636704847070555,0.28401842145109285,0.7903121292552149,0.7532662481963767,2
1554,IMG_20231219_105445_1554,frontal1,IMG_20231219_105445_1554_frontal1.jpg,512.8488117183139,87.52582429725632,1961.0,784.0,1177.0,23.0,23.0,55.0,74.0,2.391304347826087,3.217391304347826,0.25597949302175965,0.10233958313567547,0.1536399098860842,0.26277958744938074,0.26277958744938074,0.6283859699876496,0.8454647596197467,2
1555,IMG_20231219_105838_1555,frontal1,IMG_20231219_105838_1555_frontal1.jpg,434.5097352752955,74.09997178793262,1499.0,572.0,927.0,14.0,22.0,51.0,54.0,3.642857142857143,2.4545454545454546,0.2730018233062436,0.10417414471725907,0.16882767858898454,0.18893394507715505,0.29689619940695794,0.6882593713524934,0.7287452167261695,2
1556,IMG_20231219_111318_1556,frontal1,IMG_20231219_111318_1556_frontal1.jpg,417.823607629839,71.28991392139294,1638.0,837.0,801.0,21.0,21.0,60.0,53.0,2.857142857142857,2.5238095238095237,0.3222980788405368,0.1646907765503842,0.1576073022901526,0.29457182432784845,0.29457182432784845,0.8416337837938528,0.74344317568457,2
1557,IMG_20231219_113950_1557,frontal1,IMG_20231219_113950_1557_frontal1.jpg,453.1216163293877,77.22936806405396,2041.0,930.0,1111.0,25.0,25.0,56.0,60.0,2.24,2.4,0.3421984533541453,0.15592580187131558,0.18627265148282968,0.32371105224200497,0.32371105224200497,0.7251127570220911,0.776906525380812,2
1558,IMG_20231219_115416_1558,frontal1,IMG_20231219_115416_1558_frontal1.jpg,464.4447886721623,79.24925748076095,1520.0,755.0,765.0,18.0,21.0,54.0,61.0,3.0,2.9047619047619047,0.24202107425206448,0.12021441517125571,0.12180665908080876,0.2271314656086184,0.26498670987672146,0.6813943968258552,0.7697233001180958,2
1559,IMG_20231219_120225_1559,frontal1,IMG_20231219_120225_1559_frontal1.jpg,414.3320160741989,70.65363469729648,1173.0,496.0,677.0,16.0,20.0,46.0,45.0,2.875,2.25,0.2349789695733977,0.09936024629872571,0.135618723274672,0.22645685630398615,0.2830710703799827,0.6510634618739602,0.6369099083549611,2
1560,IMG_20231219_122445_1560,frontal1,IMG_20231219_122445_1560_frontal1.jpg,505.3186834026373,86.20506414059484,1928.0,752.0,1176.0,16.0,23.0,60.0,72.0,3.75,3.130434782608696,0.2594427092952035,0.10119342188277647,0.15824928741242703,0.1856039451917238,0.26680567121310295,0.6960147944689643,0.835217753362757,2
1561,IMG_20231219_133037_1561,frontal1,IMG_20231219_133037_1561_frontal1.jpg,456.2887019655912,77.83477355135118,2192.0,930.0,1262.0,21.0,27.0,58.0,63.0,2.761904761904762,2.3333333333333335,0.36182053989884777,0.1535096268731425,0.20831091302570523,0.26980228812698137,0.34688865616326175,0.7451682243507105,0.8094068643809441,2
1562,IMG_20231219_141330_1562,frontal1,IMG_20231219_141330_1562_frontal1.jpg,456.34794696345546,77.88337370317016,2013.0,836.0,1177.0,16.0,21.0,68.0,73.0,4.25,3.4761904761904763,0.3318595067755328,0.13782143450787154,0.19403807226766126,0.20543537393461342,0.2696339282891801,0.8731003392221071,0.9372988935766737,2
1563,IMG_20231219_150107_1563,frontal1,IMG_20231219_150107_1563_frontal1.jpg,428.2787315841218,73.09127783997666,1477.0,749.0,728.0,19.0,18.0,55.0,58.0,2.8947368421052633,3.2222222222222223,0.2764708743789702,0.14020086994573372,0.13627000443323653,0.2599489372945141,0.24626741427901336,0.7524837658525408,0.7935283348990431,2
1564,IMG_20231219_150150_1564,frontal1,IMG_20231219_150150_1564_frontal1.jpg,382.1719260185836,64.84238651600997,798.0,525.0,273.0,19.0,10.0,48.0,35.0,2.526315789473684,3.5,0.1897950624958166,0.12486517269461618,0.06492988980120042,0.2930182095520002,0.15422011029052643,0.7402565293945268,0.5397703860168425,2
1565,IMG_20231220_085512_1565,frontal1,IMG_20231220_085512_1565_frontal1.jpg,505.1595545934727,86.03327663127602,1875.0,971.0,904.0,22.0,21.0,69.0,59.0,3.1363636363636362,2.8095238095238093,0.2533193382701335,0.1311856413121598,0.12213369695797369,0.2557150077439019,0.24409159830099725,0.8020152515604195,0.6857811571313732,2
1566,IMG_20231220_090616_1566,frontal1,IMG_20231220_090616_1566_frontal1.jpg,448.5720603504012,76.5562744983552,1310.0,584.0,726.0,20.0,19.0,40.0,55.0,2.0,2.8947368421052633,0.22351656455792898,0.09964402572658819,0.12387253883134079,0.26124573238513193,0.2481834457658753,0.5224914647702639,0.7184257640591127,2
1567,IMG_20231220_091115_1567,frontal1,IMG_20231220_091115_1567_frontal1.jpg,451.29024179328087,76.95492225598971,1715.0,650.0,1065.0,19.0,24.0,48.0,69.0,2.526315789473684,2.875,0.28959517174609595,0.10975910299414715,0.1798360687519488,0.24689778695112843,0.3118708887803727,0.6237417775607454,0.8966288052435717,2
1568,IMG_20231220_091644_1568,frontal1,IMG_20231220_091644_1568_frontal1.jpg,449.9114442127694,76.78469742097023,1423.0,682.0,741.0,17.0,18.0,54.0,59.0,3.176470588235294,3.2777777777777777,0.24135458063169077,0.11567380463163254,0.12568077600005823,0.22139828079021937,0.23442170907199697,0.7032651272159909,0.768382268624879,2
1569,IMG_20231220_091747_1569,frontal1,IMG_20231220_091747_1569_frontal1.jpg,381.7914941334245,65.1531701525057,768.0,400.0,368.0,16.0,13.0,40.0,39.0,2.5,3.0,0.180921473449853,0.0942299340884651,0.08669153936138789,0.24557515716500655,0.19952981519656782,0.6139378929125164,0.5985894455897035,2
1570,IMG_20231220_094007_1570,frontal1,IMG_20231220_094007_1570_frontal1.jpg,514.0251754736994,87.71487285016529,1892.0,549.0,1343.0,16.0,29.0,47.0,70.0,2.9375,2.413793103448276,0.24590913136356055,0.07135523949185768,0.17455389187170287,0.1824092024545396,0.33061667944885303,0.5358270322102101,0.7980402607386108,2
1571,IMG_20231220_095435_1571,frontal1,IMG_20231220_095435_1571_frontal1.jpg,379.4940503127364,64.74122889256891,757.0,339.0,418.0,13.0,16.0,37.0,39.0,2.8461538461538463,2.4375,0.18060676014092358,0.08087938135769233,0.09972737878323125,0.20079940128371826,0.24713772465688402,0.5715059882690443,0.6023982038511548,2
1572,IMG_20231220_110146_1572,frontal1,IMG_20231220_110146_1572_frontal1.jpg,344.54068927981336,58.681517124833654,713.0,448.0,265.0,17.0,13.0,42.0,37.0,2.4705882352941178,2.8461538461538463,0.20705554386092023,0.13009941605847442,0.07695612780244582,0.28969939485095053,0.22153483135660923,0.7157279166905837,0.630522212322657,2
1573,IMG_20231220_113942_1573,frontal1,IMG_20231220_113942_1573_frontal1.jpg,548.3277490709617,93.40283285210519,3011.0,1424.0,1587.0,32.0,31.0,72.0,77.0,2.25,2.4838709677419355,0.34513631580551224,0.1632262084712884,0.18191010733422383,0.3426020284702613,0.33189571508056565,0.7708545640580879,0.8243861310065662,2
1574,IMG_20231220_114618_1574,frontal1,IMG_20231220_114618_1574_frontal1.jpg,414.62853841370605,70.73817758113111,976.0,487.0,489.0,12.0,13.0,53.0,48.0,4.416666666666667,3.6923076923076925,0.19504826152229385,0.09732428623089867,0.09772397529139518,0.16963965443182286,0.18377629230114143,0.7492418070738842,0.6785586177272914,2
1575,IMG_20231220_115004_1575,frontal1,IMG_20231220_115004_1575_frontal1.jpg,490.0024869519264,83.6211497014672,1054.0,560.0,494.0,15.0,17.0,51.0,44.0,3.4,2.588235294117647,0.15073299976062784,0.0800858442750964,0.07064715548553147,0.17938045642222034,0.2032978506118497,0.6098935518355492,0.5261826721718463,2
1576,IMG_20231220_120013_1576,frontal1,IMG_20231220_120013_1576_frontal1.jpg,378.0708832130785,64.49652593164747,1388.0,715.0,673.0,23.0,20.0,46.0,51.0,2.0,2.55,0.33366973899978813,0.17188318687669202,0.16178655212309612,0.35660835475658154,0.3100942215274622,0.7132167095131631,0.7907402648950286,2
1577,IMG_20231220_122918_1577,frontal1,IMG_20231220_122918_1577_frontal1.jpg,415.2248805082298,70.71102888438489,1707.0,843.0,864.0,21.0,20.0,52.0,59.0,2.4761904761904763,2.95,0.34139661294354956,0.16859832730604116,0.17279828563750838,0.29698337488959137,0.2828413094186584,0.7353874044885119,0.8343818627850423,2
1578,IMG_20231220_123738_1578,frontal1,IMG_20231220_123738_1578_frontal1.jpg,514.1206658415316,87.61910302657839,2434.0,1348.0,1086.0,24.0,20.0,74.0,69.0,3.0833333333333335,3.45,0.31704650355625486,0.17558697074520607,0.1414595328110488,0.27391287026437416,0.22826072522031182,0.8445646833151537,0.7874995020100758,2
1579,IMG_20231220_124556_1579,frontal1,IMG_20231220_124556_1579_frontal1.jpg,352.5767668016019,60.06559699953119,183.0,,183.0,,10.0,,30.0,,3.0,0.05072236487499438,,0.05072236487499438,,0.16648465177292834,,0.49945395531878506,1
1580,IMG_20231220_125727_1580,frontal1,IMG_20231220_125727_1580_frontal1.jpg,394.1979415392156,67.25396074545532,1216.0,558.0,658.0,20.0,23.0,45.0,49.0,2.25,2.130434782608696,0.26884244893514053,0.12336684745543455,0.14547560147970598,0.2973802550558556,0.3419872933142339,0.669105573875675,0.7285816248868461,2
1581,IMG_20231220_130120_1581,frontal1,IMG_20231220_130120_1581_frontal1.jpg,486.708561166084,83.04306777823582,1369.0,782.0,587.0,18.0,16.0,62.0,59.0,3.4444444444444446,3.6875,0.19851653175128336,0.11339658716545187,0.08511994458583151,0.21675499811818721,0.19267110943838864,0.746600549073756,0.7104747160540581,2
1582,IMG_20231220_131253_1582,frontal1,IMG_20231220_131253_1582_frontal1.jpg,359.0529126685753,61.27464654888108,606.0,272.0,334.0,12.0,13.0,33.0,36.0,2.75,2.769230769230769,0.16140277400124056,0.07244480945270204,0.08895796454853853,0.1958395629492069,0.2121595265283075,0.538558798110319,0.5875186888476207,2
1583,IMG_20231220_131354_1583,frontal1,IMG_20231220_131354_1583_frontal1.jpg,463.41488836456233,78.89921313703829,1550.0,705.0,845.0,15.0,18.0,56.0,64.0,3.7333333333333334,3.5555555555555554,0.24899255069270623,0.11325145047635993,0.1357411002163463,0.19011596445134166,0.22813915734161,0.7097662672850089,0.8111614483257245,2
1584,IMG_20231222_090115_1584,frontal1,IMG_20231222_090115_1584_frontal1.jpg,481.3089604428208,81.96843508194843,1717.0,1060.0,657.0,28.0,18.0,57.0,50.0,2.0357142857142856,2.7777777777777777,0.25555066044482955,0.15776569602301652,0.09778496442181306,0.3415949075031972,0.21959672625205537,0.6953896331315086,0.6099909062557093,2
1585,IMG_20231222_091541_1585,frontal1,IMG_20231222_091541_1585_frontal1.jpg,356.8396089507068,60.240518773428064,1029.0,441.0,588.0,16.0,17.0,44.0,47.0,2.75,2.764705882352941,0.2835554300043355,0.12152375571614377,0.1620316742881917,0.26560196236320527,0.2822020850109056,0.7304053964988144,0.7802057644419155,2
1587,IMG_20231222_093522_1587,frontal1,IMG_20231222_093522_1587_frontal1.jpg,398.8740309447021,68.04407865322153,1728.0,746.0,982.0,23.0,25.0,45.0,59.0,1.9565217391304348,2.36,0.37321841341280293,0.16112322708677718,0.21209518632602573,0.3380161867899885,0.3674088986847701,0.6613360176325862,0.8670850008960576,2
1588,IMG_20231222_093928_1588,frontal1,IMG_20231222_093928_1588_frontal1.jpg,377.0434680109624,64.33263392278938,789.0,294.0,495.0,11.0,17.0,36.0,40.0,3.272727272727273,2.3529411764705883,0.19064013535733423,0.0710370086122386,0.11960312674509561,0.17098631486473814,0.2642515775182317,0.5595915759209612,0.6217684176899569,2
1589,IMG_20231222_095015_1589,frontal1,IMG_20231222_095015_1589_frontal1.jpg,545.8917742158243,93.16304521227688,2174.0,1029.0,1145.0,22.0,25.0,69.0,70.0,3.1363636363636362,2.8,0.2504795002227772,0.11855722434647549,0.1319222758763017,0.23614513619506367,0.2683467456762087,0.7406370180663361,0.7513708878933845,2
1590,IMG_20231222_105612_1590,frontal1,IMG_20231222_105612_1590_frontal1.jpg,458.0334451852668,78.16539816402094,1610.0,797.0,813.0,21.0,21.0,59.0,55.0,2.8095238095238093,2.619047619047619,0.26350980954025344,0.1304455392568832,0.1330642702833702,0.26866107629790303,0.26866107629790303,0.7548096905512514,0.7036361522087936,2
1591,IMG_20231222_114614_1591,frontal1,IMG_20231222_114614_1591_frontal1.jpg,397.3662331755052,67.79251556166017,1540.0,678.0,862.0,20.0,25.0,49.0,52.0,2.45,2.08,0.33508672421512564,0.14752519416743842,0.18756153004768722,0.2950178177384368,0.36877227217304603,0.7227936534591701,0.7670463261199357,2
1592,IMG_20231222_115231_1592,frontal1,IMG_20231222_115231_1592_frontal1.jpg,380.8509309826799,64.87690367166934,814.0,491.0,323.0,15.0,10.0,49.0,39.0,3.2666666666666666,3.9,0.19339452540334617,0.1166544373133206,0.07674008809002557,0.23120708836402515,0.1541380589093501,0.7552764886558154,0.6011384297464654,2
1593,IMG_20231222_122718_1593,frontal1,IMG_20231222_122718_1593_frontal1.jpg,363.8015294194243,62.02926883165109,626.0,329.0,297.0,13.0,11.0,36.0,34.0,2.769230769230769,3.090909090909091,0.1626975485679134,0.08550717808121966,0.07719037048669374,0.20957848197892368,0.1773356385975508,0.5803711808647117,0.5481283374833389,2
1594,IMG_20231222_124847_1594,frontal1,IMG_20231222_124847_1594_frontal1.jpg,478.9892910873284,81.72262658795013,1163.0,549.0,614.0,13.0,14.0,59.0,60.0,4.538461538461538,4.285714285714286,0.1741386132611629,0.0822030083236272,0.0919356049375357,0.1590746717619185,0.17131118497437375,0.7219542795348608,0.7341907927473161,2
1595,IMG_20231222_125533_1595,frontal1,IMG_20231222_125533_1595_frontal1.jpg,353.168492160847,60.23675544200579,719.0,387.0,332.0,14.0,11.0,39.0,40.0,2.7857142857142856,3.6363636363636362,0.19815532516128573,0.10665662147067813,0.0914987036906076,0.23241623651989018,0.182612757265628,0.6474452303054085,0.6640463900568291,2
1596,IMG_20231226_092747_1596,frontal1,IMG_20231226_092747_1596_frontal1.jpg,571.103699419861,97.46723151233444,2402.0,1322.0,1080.0,26.0,27.0,74.0,68.0,2.8461538461538463,2.5185185185185186,0.2528457989762096,0.1391599276630096,0.11368587131319999,0.26675632001212335,0.2770161784741281,0.7592295261883512,0.6976703754163227,2
1597,IMG_20231226_094331_1597,frontal1,IMG_20231226_094331_1597_frontal1.jpg,525.0357167633464,89.55540477977762,2356.0,956.0,1400.0,21.0,27.0,60.0,77.0,2.857142857142857,2.8518518518518516,0.29375933997622067,0.11919946053364472,0.17455987944257595,0.23449170992683604,0.3014893413345035,0.6699763140766745,0.8598029363983989,2
1598,IMG_20231226_094717_1598,frontal1,IMG_20231226_094717_1598_frontal1.jpg,546.4057139199147,93.24691715775477,2085.0,1054.0,1031.0,22.0,21.0,67.0,69.0,3.0454545454545454,3.2857142857142856,0.23979332756375304,0.12121926486915861,0.11857406269459443,0.2359327329050513,0.22520851777300352,0.7185224138472017,0.7399708441112972,2
1599,IMG_20231226_095447_1599,frontal1,IMG_20231226_095447_1599_frontal1.jpg,481.4760215622771,82.15313069270528,1508.0,592.0,916.0,14.0,21.0,55.0,58.0,3.9285714285714284,2.761904761904762,0.2234359779966747,0.08771491974405267,0.13572105825262204,0.170413469114977,0.2556202036724655,0.6694814858088383,0.7059986577620476,2
1600,IMG_20231226_100459_1600,frontal1,IMG_20231226_100459_1600_frontal1.jpg,541.0531314340428,92.33705861429571,2270.0,941.0,1329.0,17.0,27.0,75.0,85.0,4.411764705882353,3.1481481481481484,0.2662402945701317,0.11036657144955679,0.1558737231205749,0.1841080954398957,0.29240697511042263,0.8122415975289516,0.9205404771994786,2
1601,IMG_20231226_101120_1601,frontal1,IMG_20231226_101120_1601_frontal1.jpg,480.32423478272926,81.97525846667948,991.0,570.0,421.0,16.0,16.0,52.0,47.0,3.25,2.9375,0.14747148895457607,0.08482214803643628,0.06264934091813978,0.19518084235749653,0.19518084235749653,0.6343377376618637,0.573343724425146,2
1602,IMG_20231226_102032_1602,frontal1,IMG_20231226_102032_1602_frontal1.jpg,368.3470491350567,62.68957375334974,1263.0,514.0,749.0,19.0,21.0,47.0,52.0,2.473684210526316,2.4761904761904763,0.32137546399328687,0.1307893812292553,0.19058608276403155,0.30308070166109174,0.33498393341489086,0.7497259462142796,0.8294840255987774,2
1603,IMG_20231226_103618_1603,frontal1,IMG_20231226_103618_1603_frontal1.jpg,509.57051330915647,86.94512369621273,1199.0,668.0,531.0,16.0,14.0,56.0,50.0,3.5,3.5714285714285716,0.15860932750109022,0.0883661641123672,0.07024316338872302,0.18402412142058922,0.16102110624301555,0.6440844249720622,0.5750753794393413,2
1604,IMG_20231226_110551_1604,frontal1,IMG_20231226_110551_1604_frontal1.jpg,439.7415612366658,75.04032769557828,1449.0,660.0,789.0,16.0,19.0,59.0,56.0,3.6875,2.9473684210526314,0.25732319889152644,0.1172072541534903,0.14011594473803612,0.21321868509034766,0.25319718854478784,0.786243901270657,0.7462653978162168,2
1605,IMG_20231226_113123_1605,frontal1,IMG_20231226_113123_1605_frontal1.jpg,454.2986575996342,77.4850280904247,1116.0,476.0,640.0,15.0,18.0,48.0,48.0,3.2,2.6666666666666665,0.1858782628059124,0.07928140958388379,0.10659685322202861,0.19358578514671326,0.23230294217605593,0.6194745124694825,0.6194745124694825,2
1606,IMG_20231226_114555_1606,frontal1,IMG_20231226_114555_1606_frontal1.jpg,471.93789585466095,80.54406748202791,1210.0,543.0,667.0,13.0,18.0,56.0,55.0,4.3076923076923075,3.0555555555555554,0.18651692842725992,0.0837013984595059,0.10281552996775402,0.161402328022492,0.22348014649268122,0.6952715668661194,0.6828560031720815,2
1607,IMG_20231226_115241_1607,frontal1,IMG_20231226_115241_1607_frontal1.jpg,389.46831698793335,66.40448295918151,1231.0,601.0,630.0,18.0,18.0,45.0,46.0,2.5,2.5555555555555554,0.2791664692505912,0.1362949212182009,0.14287154803239027,0.27106603647624977,0.27106603647624977,0.6776650911906243,0.6927243154393049,2
1608,IMG_20231226_115822_1608,frontal1,IMG_20231226_115822_1608_frontal1.jpg,461.3837840403171,78.74216311100594,1908.0,908.0,1000.0,20.0,22.0,62.0,65.0,3.1,2.9545454545454546,0.307725643326884,0.14644385961258422,0.1612817837142998,0.2539935304013075,0.27939288344143826,0.7873799442440532,0.8254789738042494,2
1609,IMG_20231226_120323_1609,frontal1,IMG_20231226_120323_1609_frontal1.jpg,583.0329726287147,99.50031929828437,3005.0,1379.0,1626.0,26.0,31.0,76.0,89.0,2.923076923076923,2.870967741935484,0.30352574064641336,0.13928851792060032,0.164237222725813,0.2613056941260319,0.31155678915026874,0.7638166443684008,0.8944694914314167,2
1610,IMG_20231226_122716_1610,frontal1,IMG_20231226_122716_1610_frontal1.jpg,626.3612055868954,106.82847674538802,3626.0,2182.0,1444.0,42.0,27.0,83.0,82.0,1.9761904761904763,3.037037037037037,0.31772671164424443,0.19119682427130208,0.12652988737294235,0.3931535979877502,0.25274159870641083,0.7769463960234111,0.7675855960713218,2
1611,IMG_20231226_123250_1611,frontal1,IMG_20231226_123250_1611_frontal1.jpg,446.4892354417575,76.19075295121435,1312.0,645.0,667.0,17.0,18.0,54.0,55.0,3.176470588235294,3.0555555555555554,0.22601085803505538,0.11111052090900207,0.11490033712605331,0.22312418950479804,0.23624914182860968,0.708747425485829,0.7218723778096406,2
1612,IMG_20231226_124901_1612,frontal1,IMG_20231226_124901_1612_frontal1.jpg,389.262819606509,66.42957558415539,0.0,,,,,,,,,,,,,,,,0
1613,IMG_20231226_130032_1613,frontal1,IMG_20231226_130032_1613_frontal1.jpg,483.79042429214144,82.56617611575383,1422.0,686.0,736.0,17.0,17.0,57.0,58.0,3.3529411764705883,3.411764705882353,0.2085908496906896,0.10062821581421454,0.10796263387647508,0.20589545016795754,0.20589545016795754,0.690355332916093,0.7024668299847964,2
1614,IMG_20231226_131215_1614,frontal1,IMG_20231226_131215_1614_frontal1.jpg,373.0308340719564,63.66270569148859,669.0,218.0,451.0,14.0,17.0,27.0,43.0,1.9285714285714286,2.5294117647058822,0.16506535605267975,0.05378811303360865,0.1112772430190711,0.2199089694340738,0.2670323200270896,0.4241101553371423,0.6754346918332267,2
1615,IMG_20231226_132808_1615,frontal1,IMG_20231226_132808_1615_frontal1.jpg,467.46298616346735,79.77629097405982,2024.0,921.0,1103.0,18.0,22.0,61.0,67.0,3.388888888888889,3.0454545454545454,0.3180261461327942,0.14471446669382582,0.17331167943896836,0.22563094598936553,0.27577115620922454,0.7646382058528498,0.8398485211826384,2
1616,IMG_20231226_134223_1616,frontal1,IMG_20231226_134223_1616_frontal1.jpg,436.0235110576685,74.40932275438676,1105.0,401.0,704.0,12.0,17.0,46.0,54.0,3.8333333333333335,3.176470588235294,0.1995756601447419,0.07242519431496969,0.1271504658297722,0.16127011449371842,0.22846599553276775,0.6182021055592539,0.7257155152217328,2
1617,IMG_20231226_142502_1617,frontal1,IMG_20231226_142502_1617_frontal1.jpg,435.379609419924,74.18930902602817,1063.0,542.0,521.0,17.0,17.0,41.0,41.0,2.411764705882353,2.411764705882353,0.19313038758703896,0.09847287871324094,0.09465750887379802,0.22914352786377634,0.22914352786377634,0.5526402730832253,0.5526402730832253,2
1618,IMG_20231226_142916_1618,frontal1,IMG_20231226_142916_1618_frontal1.jpg,492.5529814470512,84.05670244713032,2037.0,1140.0,897.0,19.0,19.0,72.0,64.0,3.789473684210526,3.3684210526315788,0.2883011215100333,0.16134672485097593,0.12695439665905736,0.22603789402695817,0.22603789402695817,0.8565646510495257,0.7613908009329118,2
1619,IMG_20231226_145627_1619,frontal1,IMG_20231226_145627_1619_frontal1.jpg,406.2510706179043,69.29428839887395,1136.0,582.0,554.0,14.0,16.0,56.0,52.0,4.0,3.25,0.23658295549894717,0.1212071127644254,0.11537584273452177,0.2020368535919261,0.23089926124791557,0.8081474143677044,0.7504225990557256,2
1620,IMG_20231226_154822_1620,frontal1,IMG_20231226_154822_1620_frontal1.jpg,412.6265447557778,70.4123800522033,767.0,325.0,442.0,12.0,14.0,37.0,47.0,3.0833333333333335,3.357142857142857,0.1547024939905556,0.06555190423328627,0.08915058975726933,0.17042457577919215,0.19882867174239086,0.5254757753191758,0.6674962551351693,2
1621,IMG_20231227_090853_1621,frontal1,IMG_20231227_090853_1621_frontal1.jpg,597.1732606683935,101.67402949134541,2782.0,1197.0,1585.0,25.0,32.0,69.0,85.0,2.76,2.65625,0.2691144727609977,0.11579080657617334,0.15332366618482435,0.24588383213559983,0.3147313051335678,0.6786393766942556,0.8360050292610394,2
1622,IMG_20231227_091716_1622,frontal1,IMG_20231227_091716_1622_frontal1.jpg,453.0317588911301,77.30064344191588,1680.0,882.0,798.0,19.0,17.0,65.0,66.0,3.4210526315789473,3.8823529411764706,0.2811532213251507,0.14760544119570412,0.1335477801294466,0.24579355557727928,0.21992054972703937,0.8408726901327975,0.8538091930579175,2
1623,IMG_20231227_092205_1623,frontal1,IMG_20231227_092205_1623_frontal1.jpg,393.5347502493405,67.15852668372798,1371.0,648.0,723.0,15.0,16.0,54.0,59.0,3.6,3.6875,0.3039730874679907,0.14367218138530852,0.1603009060826822,0.22335213026098724,0.23824227227838637,0.8040676689395541,0.8785183790265498,2
1624,IMG_20231227_093040_1624,frontal1,IMG_20231227_093040_1624_frontal1.jpg,425.6692881532823,72.63985929646137,1448.0,769.0,679.0,21.0,19.0,54.0,58.0,2.5714285714285716,3.0526315789473686,0.27442177765695774,0.14573918992969648,0.12868258772726127,0.2890974762808084,0.2615643833016838,0.7433935104363645,0.7984596963946137,2
1625,IMG_20231227_093630_1625,frontal1,IMG_20231227_093630_1625_frontal1.jpg,615.5987190340961,105.05152015760306,3422.0,1702.0,1720.0,30.0,31.0,78.0,79.0,2.6,2.5483870967741935,0.31008111900571744,0.15422503347391323,0.1558560855318042,0.2855741635627227,0.2950933023481468,0.742492825263079,0.7520119640485031,2
1626,IMG_20231227_094315_1626,frontal1,IMG_20231227_094315_1626_frontal1.jpg,552.1476662855929,94.23320099546038,2280.0,1204.0,1076.0,22.0,21.0,70.0,72.0,3.1818181818181817,3.4285714285714284,0.25675975894189984,0.1355871709500208,0.12117258799187904,0.2334633628869281,0.22285139184661318,0.7428379728220439,0.7640619149026737,2
1627,IMG_20231227_100236_1627,frontal1,IMG_20231227_100236_1627_frontal1.jpg,468.5938427381624,79.96569651513725,2181.0,1055.0,1126.0,25.0,24.0,62.0,67.0,2.48,2.7916666666666665,0.3410736876909252,0.16498520885553694,0.17608847883538825,0.3126340554698674,0.30012869325107266,0.775332457565271,0.8378592686592445,2
1628,IMG_20231227_101321_1628,frontal1,IMG_20231227_101321_1628_frontal1.jpg,503.30506361010526,85.8971315355664,1784.0,737.0,1047.0,15.0,21.0,67.0,75.0,4.466666666666667,3.5714285714285716,0.24178955040588104,0.09988727502754166,0.14190227537833938,0.17462748443222612,0.24447847820511656,0.7800027637972766,0.8731374221611305,2
1629,IMG_20231227_101409_1629,frontal1,IMG_20231227_101409_1629_frontal1.jpg,407.7880379144282,69.59139266601575,1663.0,748.0,915.0,18.0,21.0,59.0,57.0,3.2777777777777777,2.7142857142857144,0.3433849001787801,0.15445093525780368,0.18893396492097644,0.25865267686746723,0.30176145634537843,0.8478059963989203,0.8190668100803129,2
1630,IMG_20231227_102448_1630,frontal1,IMG_20231227_102448_1630_frontal1.jpg,408.4435384941067,69.39219140818355,959.0,272.0,687.0,11.0,22.0,32.0,55.0,2.909090909090909,2.5,0.19915783737139445,0.05648689443693356,0.14267094293446086,0.1585192768346951,0.3170385536693902,0.4611469871554767,0.7925963841734756,2
1631,IMG_20231227_103217_1631,frontal1,IMG_20231227_103217_1631_frontal1.jpg,628.0087421293218,107.13654506091271,3205.0,1988.0,1217.0,31.0,24.0,87.0,85.0,2.806451612903226,3.5416666666666665,0.2792240098588513,0.17319729535082573,0.1060267145080256,0.2893503797642054,0.2240131972368042,0.8120478399834152,0.7933800735470149,2
1632,IMG_20231227_105539_1632,frontal1,IMG_20231227_105539_1632_frontal1.jpg,539.1360370017584,92.00985005416436,2583.0,1325.0,1258.0,28.0,28.0,66.0,66.0,2.357142857142857,2.357142857142857,0.30510952113188694,0.15651185269057308,0.1485976684413139,0.30431524433000334,0.30431524433000334,0.7173145044921507,0.7173145044921507,2
1633,IMG_20231227_110159_1633,frontal1,IMG_20231227_110159_1633_frontal1.jpg,557.1866958405046,95.09317807260226,2181.0,1265.0,916.0,21.0,19.0,78.0,67.0,3.7142857142857144,3.526315789473684,0.24118869157386227,0.1398916528385767,0.10129703873528557,0.2208360307820063,0.19980402785038667,0.8202481143331664,0.7045720982092583,2
1634,IMG_20231227_111743_1634,frontal1,IMG_20231227_111743_1634_frontal1.jpg,618.5109104899612,105.4966381894763,2308.0,1160.0,1148.0,21.0,20.0,74.0,79.0,3.5238095238095237,3.95,0.20737603361927853,0.10422712261627518,0.10314891100300336,0.19905847579979882,0.18957950076171315,0.7014441528183387,0.748839028008767,2
1635,IMG_20231227_112305_1635,frontal1,IMG_20231227_112305_1635_frontal1.jpg,451.29505815625424,77.01981643225413,1123.0,590.0,533.0,17.0,16.0,54.0,43.0,3.176470588235294,2.6875,0.18931054155727867,0.09945967900159787,0.08985086255568078,0.2207224164829454,0.2077387449251251,0.7011182641222973,0.5582978769862738,2
1636,IMG_20231227_113807_1636,frontal1,IMG_20231227_113807_1636_frontal1.jpg,531.9964517604317,90.7436801559068,1992.0,1119.0,873.0,21.0,17.0,71.0,68.0,3.380952380952381,4.0,0.24191152399893848,0.13589306995723502,0.10601845404170346,0.2314210748772794,0.18734087013874998,0.782423634108897,0.7493634805549999,2
1637,IMG_20231227_114513_1637,frontal1,IMG_20231227_114513_1637_frontal1.jpg,437.3398771287796,74.60053455286352,1767.0,841.0,926.0,18.0,20.0,62.0,61.0,3.4444444444444446,3.05,0.3175065365747345,0.1511165802260055,0.166389956348729,0.24128513432091855,0.2680945936899095,0.8310932404387195,0.817688510754224,2
1638,IMG_20231227_120022_1638,frontal1,IMG_20231227_120022_1638_frontal1.jpg,465.37142536877656,79.40304380160634,1875.0,1070.0,805.0,28.0,22.0,57.0,55.0,2.0357142857142856,2.5,0.29739041740840305,0.169710798201062,0.12767961920734106,0.35263131813888415,0.2770674642519804,0.7178566119255856,0.692668660629951,2
1639,IMG_20231227_120741_1639,frontal1,IMG_20231227_120741_1639_frontal1.jpg,408.9400723913088,69.79242377604484,1127.0,498.0,629.0,12.0,16.0,52.0,54.0,4.333333333333333,3.375,0.23137016388609566,0.10223810258675745,0.1291320612993382,0.17193843329623426,0.22925124439497901,0.7450665442836818,0.7737229498330541,2
1640,IMG_20231227_123041_1640,frontal1,IMG_20231227_123041_1640_frontal1.jpg,357.71731844797165,61.02867463846377,1167.0,614.0,553.0,21.0,20.0,47.0,42.0,2.238095238095238,2.1,0.31333072175713483,0.1648543814557676,0.14847634030136725,0.3441005416618469,0.3277148015827113,0.7701297837193716,0.6882010833236938,2
1641,IMG_20231227_124434_1641,frontal1,IMG_20231227_124434_1641_frontal1.jpg,402.1547045347504,68.60684445024154,747.0,222.0,525.0,7.0,15.0,37.0,49.0,5.285714285714286,3.2666666666666666,0.15870321059992257,0.0471648095758806,0.11153840102404196,0.10203063639046812,0.21863707797957455,0.5393047923496171,0.7142144547332768,2
1642,IMG_20231227_124819_1642,frontal1,IMG_20231227_124819_1642_frontal1.jpg,464.7437965519192,79.27697801134522,1642.0,713.0,929.0,22.0,26.0,59.0,57.0,2.6818181818181817,2.1923076923076925,0.26126364360558546,0.11344761138293692,0.14781603222264852,0.2775080553253633,0.3279640653845203,0.7442261483725652,0.7189981433429867,2
1643,IMG_20231227_130937_1643,frontal1,IMG_20231227_130937_1643_frontal1.jpg,480.7677440149475,82.04973863286388,2465.0,1083.0,1382.0,21.0,23.0,65.0,76.0,3.0952380952380953,3.3043478260869565,0.3661529350017974,0.16086962620971465,0.20528330879208279,0.2559423143803744,0.28031777289279103,0.79220240165354,0.9262674234718312,2
1644,IMG_20231227_132042_1644,frontal1,IMG_20231227_132042_1644_frontal1.jpg,421.1050837157891,71.86296271077154,809.0,361.0,448.0,12.0,14.0,41.0,47.0,3.4166666666666665,3.357142857142857,0.15665284465124116,0.06990318531408907,0.08674965933715209,0.16698448752101505,0.19481523544118423,0.5705303323634681,0.6540225761239756,2
1645,IMG_20231227_134929_1645,frontal1,IMG_20231227_134929_1645_frontal1.jpg,467.05656576057294,79.70991739042212,1320.0,573.0,747.0,12.0,17.0,61.0,59.0,5.083333333333333,3.4705882352941178,0.2077539133616113,0.09018408511833582,0.11756982824327548,0.15054588428719048,0.21327333607351984,0.7652749117932183,0.7401839310786865,2
1646,IMG_20231227_143550_1646,frontal1,IMG_20231227_143550_1646_frontal1.jpg,470.09422896241296,80.2258507010374,1640.0,867.0,773.0,19.0,15.0,59.0,62.0,3.1052631578947367,4.133333333333334,0.2548092479667252,0.13470708413850654,0.12010216382821864,0.23683139329745131,0.18697215260325104,0.7354238002394541,0.7728182307601044,2
1647,IMG_20231227_152508_1647,frontal1,IMG_20231227_152508_1647_frontal1.jpg,440.81375002053767,75.17376105041954,1205.0,641.0,564.0,19.0,17.0,49.0,46.0,2.5789473684210527,2.7058823529411766,0.21323303510243538,0.1134293572619594,0.09980367784047597,0.2527477637743384,0.22614273600861856,0.6518231802601359,0.6119156386115562,2
1648,IMG_20231228_090528_1648,frontal1,IMG_20231228_090528_1648_frontal1.jpg,466.9988550514348,79.6855202117542,1465.0,667.0,798.0,16.0,22.0,58.0,56.0,3.625,2.5454545454545454,0.23071657730607367,0.10504297410454003,0.12567360320153365,0.20078930221553457,0.27608529054636,0.7278612205313127,0.7027625577543709,2
1649,IMG_20231228_090958_1649,frontal1,IMG_20231228_090958_1649_frontal1.jpg,447.2860331726377,76.33179242785654,993.0,289.0,704.0,9.0,19.0,43.0,50.0,4.777777777777778,2.6315789473684212,0.17042697174054,0.04960059902619946,0.12082637271434055,0.1179063102508194,0.24891332164061872,0.5633301489761371,0.6550350569489967,2
1650,IMG_20231228_092001_1650,frontal1,IMG_20231228_092001_1650_frontal1.jpg,449.9110241663757,76.76231102762,830.0,352.0,478.0,11.0,16.0,42.0,41.0,3.8181818181818183,2.5625,0.14085815963532275,0.05973743637546218,0.08112072325986057,0.143299489720184,0.20843562141117675,0.5471435062043389,0.5341162798661404,2
1651,IMG_20231228_094018_1651,frontal1,IMG_20231228_094018_1651_frontal1.jpg,465.66568172605406,79.4701418482242,1045.0,458.0,587.0,14.0,16.0,50.0,53.0,3.5714285714285716,3.3125,0.16546582691914594,0.0725199509368123,0.09294587598233366,0.1761667926394023,0.20133347730217405,0.6291671165692939,0.6669171435634516,2
1652,IMG_20231228_094619_1652,frontal1,IMG_20231228_094619_1652_frontal1.jpg,452.3803706422702,77.17144750639898,1483.0,689.0,794.0,16.0,20.0,61.0,58.0,3.8125,2.9,0.24901634721829388,0.11569269267255865,0.13332365454573522,0.20733056741838743,0.2591632092729843,0.7904477882826021,0.7515733068916545,2
1653,IMG_20231228_095204_1653,frontal1,IMG_20231228_095204_1653_frontal1.jpg,560.1481547480747,95.58026874590954,2635.0,1002.0,1633.0,21.0,29.0,71.0,76.0,3.380952380952381,2.6206896551724137,0.28843245397212847,0.10968095593171641,0.17875149804041207,0.21971061889171262,0.3034099022790317,0.7428311400624569,0.7951431921795313,2
1654,IMG_20231228_100102_1654,frontal1,IMG_20231228_100102_1654_frontal1.jpg,490.9010213186842,83.78028756703792,850.0,355.0,495.0,13.0,15.0,43.0,46.0,3.3076923076923075,3.066666666666667,0.12109751530391885,0.05057602109751905,0.0705214942063998,0.1551677653242462,0.17903972922028405,0.5132472237648144,0.5490551696088711,2
1655,IMG_20231228_101117_1655,frontal1,IMG_20231228_101117_1655_frontal1.jpg,532.3976603042972,90.86081818653237,2592.0,1239.0,1353.0,22.0,26.0,75.0,73.0,3.409090909090909,2.8076923076923075,0.31396534263535203,0.15007834086620414,0.16388700176914786,0.2421285702582513,0.2861519466688424,0.825438307698584,0.8034266194932884,2
1656,IMG_20231228_101923_1656,frontal1,IMG_20231228_101923_1656_frontal1.jpg,401.68531869241673,68.548178198137,799.0,328.0,471.0,11.0,16.0,43.0,42.0,3.909090909090909,2.625,0.17004150697687853,0.06980427320202272,0.1002372337748558,0.16047107726487994,0.23341247602164356,0.627296029308167,0.6127077495568143,2
1657,IMG_20231228_102914_1657,frontal1,IMG_20231228_102914_1657_frontal1.jpg,402.4654236952173,68.68698795045366,1009.0,393.0,616.0,13.0,20.0,41.0,45.0,3.1538461538461537,2.25,0.21386623395503537,0.08329973235315055,0.13056650160188482,0.18926437725551976,0.2911759650084919,0.5969107282674084,0.6551459212691069,2
1658,IMG_20231228_103314_1658,frontal1,IMG_20231228_103314_1658_frontal1.jpg,445.9253584132924,76.00513860955537,857.0,241.0,616.0,12.0,16.0,36.0,52.0,3.0,3.25,0.14835251429783256,0.041718735059250465,0.1066337792385821,0.15788406178225636,0.21051208237634184,0.4736521853467691,0.684164267723111,2
1659,IMG_20231228_104051_1659,frontal1,IMG_20231228_104051_1659_frontal1.jpg,439.3830110530647,74.97558640701612,1276.0,541.0,735.0,13.0,20.0,52.0,53.0,4.0,2.65,0.22699219892988237,0.09624042290052223,0.13075177602936014,0.17338977423167545,0.26675349881796223,0.6935590969267018,0.7068967718675999,2
1660,IMG_20231228_105427_1660,frontal1,IMG_20231228_105427_1660_frontal1.jpg,419.12966506412255,71.47470850548696,1574.0,768.0,806.0,19.0,20.0,60.0,55.0,3.1578947368421053,2.75,0.3081058485641778,0.15033373043029766,0.1577721181338801,0.2658282964321766,0.27981925940229113,0.8394577782068734,0.7695029633563006,2
1661,IMG_20231228_105817_1661,frontal1,IMG_20231228_105817_1661_frontal1.jpg,505.3874686232364,86.22206567230472,2571.0,1512.0,1059.0,29.0,22.0,73.0,68.0,2.5172413793103448,3.090909090909091,0.34583204283552155,0.2033831383770162,0.1424489044585054,0.33634081686487655,0.2551551024492167,0.8466510217633099,0.7886612257521243,2
1662,IMG_20231228_110900_1662,frontal1,IMG_20231228_110900_1662_frontal1.jpg,362.4028779439356,61.8185682452391,798.0,346.0,452.0,12.0,17.0,39.0,40.0,3.25,2.3529411764705883,0.20881659350820972,0.09053952550606587,0.11827706800214385,0.19411643363196412,0.27499828097861584,0.6308784093038834,0.6470547787732137,2
1663,IMG_20231228_111428_1663,frontal1,IMG_20231228_111428_1663_frontal1.jpg,544.9608110786758,93.00347757981834,1634.0,341.0,1293.0,14.0,25.0,37.0,72.0,2.642857142857143,2.88,0.18890944680853106,0.03942357488476689,0.14948587192376417,0.1505320055154366,0.2688071527061368,0.3978345860050825,0.774164599793674,2
1664,IMG_20231228_111916_1664,frontal1,IMG_20231228_111916_1664_frontal1.jpg,474.09327468580665,80.91180194990213,1521.0,770.0,751.0,19.0,17.0,58.0,62.0,3.0526315789473686,3.6470588235294117,0.23233009368229404,0.11761615525007653,0.1147139384322175,0.23482359238228512,0.21010531949993932,0.7168299135880283,0.7662664593527199,2
1665,IMG_20231228_112857_1665,frontal1,IMG_20231228_112857_1665_frontal1.jpg,454.588816302292,77.583045553052,660.0,154.0,506.0,9.0,19.0,28.0,39.0,3.111111111111111,2.0526315789473686,0.1096504169761945,0.025585097294445382,0.08406531968174911,0.1160047267523897,0.24489886758837826,0.36090359434076796,0.5026871492603553,2
1666,IMG_20231228_115656_1666,frontal1,IMG_20231228_115656_1666_frontal1.jpg,518.5556705988446,88.50010105324165,1079.0,463.0,616.0,13.0,18.0,50.0,53.0,3.8461538461538463,2.9444444444444446,0.1377634186732684,0.059114423397333894,0.07864899527593451,0.14689248763884688,0.20338959826917263,0.5649711063032573,0.5988693726814527,2
1667,IMG_20231228_122736_1667,frontal1,IMG_20231228_122736_1667_frontal1.jpg,402.4153238844393,68.4762322189608,818.0,387.0,431.0,12.0,16.0,44.0,35.0,3.6666666666666665,2.1875,0.1744510515261091,0.0825336881914477,0.09191736333466138,0.17524328677472484,0.23365771569963312,0.642558718173991,0.5111262530929475,2
1668,IMG_20231228_123231_1668,frontal1,IMG_20231228_123231_1668_frontal1.jpg,447.886255689964,76.43767237941734,1436.0,514.0,922.0,14.0,23.0,58.0,61.0,4.142857142857143,2.652173913043478,0.24577603425072428,0.08797275877776621,0.15780327547295805,0.18315576029719388,0.3008987490596757,0.7587881498026604,0.7980358127234877,2
1669,IMG_20231228_123921_1669,frontal1,IMG_20231228_123921_1669_frontal1.jpg,445.7045400815185,76.00732475661201,1106.0,445.0,661.0,13.0,17.0,45.0,55.0,3.4615384615384617,3.235294117647059,0.19144509034755713,0.07702808788848366,0.11441700245907348,0.17103614739274334,0.2236626542828182,0.5920482025133422,0.7236144697385295,2
1670,IMG_20231228_125147_1670,frontal1,IMG_20231228_125147_1670_frontal1.jpg,441.69267581673904,75.36097870137603,1300.0,629.0,671.0,18.0,15.0,52.0,59.0,2.888888888888889,3.933333333333333,0.22890237166296373,0.11075353213538783,0.11814883952757589,0.23885040123120554,0.19904200102600464,0.6900122702234827,0.7828985373689515,2
1671,IMG_20231228_131502_1671,frontal1,IMG_20231228_131502_1671_frontal1.jpg,454.9609857819247,77.59192223351309,1502.0,793.0,709.0,18.0,17.0,63.0,55.0,3.5,3.235294117647059,0.2494806750849033,0.1317164949016833,0.11776418018321999,0.23198291113125094,0.21909497162395922,0.8119401889593783,0.7088366729010445,2
1672,IMG_20231228_131546_1672,frontal1,IMG_20231228_131546_1672_frontal1.jpg,375.62413522153713,63.991603791396514,1447.0,714.0,733.0,21.0,21.0,50.0,57.0,2.380952380952381,2.7142857142857144,0.3533641945273138,0.17436215265549557,0.17900204187181828,0.3281680526160432,0.3281680526160432,0.7813525062286742,0.8907418571006886,2
1673,IMG_20231228_132635_1673,frontal1,IMG_20231228_132635_1673_frontal1.jpg,469.4831502231588,80.08394108150061,1585.0,666.0,919.0,16.0,21.0,58.0,62.0,3.625,2.9523809523809526,0.24713735349487004,0.10384446525399586,0.14329288824087416,0.19979036725623883,0.2622248570238135,0.7242400813038657,0.7741876731179255,2
1674,IMG_20231228_141051_1674,frontal1,IMG_20231228_141051_1674_frontal1.jpg,516.9544319411232,88.17166741720592,2322.0,711.0,1611.0,20.0,29.0,56.0,75.0,2.8,2.586206896551724,0.2986786005242143,0.09145585054811213,0.20722274997610218,0.2268302345396859,0.32890384008254453,0.6351246567111205,0.8506133795238221,2
1675,IMG_20231228_143153_1675,frontal1,IMG_20231228_143153_1675_frontal1.jpg,449.7681907375447,76.71842864293166,1276.0,587.0,689.0,15.0,18.0,51.0,53.0,3.4,2.9444444444444446,0.2167960057174429,0.09973295874305563,0.11706304697438727,0.19552016725751856,0.23462420070902226,0.6647685686755631,0.6908379243098989,2
1676,IMG_20231229_090808_1676,frontal1,IMG_20231229_090808_1676_frontal1.jpg,458.73422355423287,78.27362387225247,943.0,408.0,535.0,14.0,15.0,40.0,48.0,2.857142857142857,3.2,0.15391495180583217,0.06659310746212038,0.08732184434371178,0.1788597398128505,0.19163543551376838,0.5110278280367156,0.6132333936440588,2
1677,IMG_20231229_091416_1677,frontal1,IMG_20231229_091416_1677_frontal1.jpg,531.6592438044821,90.73097043829824,3165.0,1788.0,1377.0,31.0,24.0,82.0,82.0,2.6451612903225805,3.4166666666666665,0.3844701280410924,0.2171982903435934,0.16727183769749895,0.34166944153960754,0.2645182773209865,0.9037707808467038,0.9037707808467038,2
1678,IMG_20231229_091527_1678,frontal1,IMG_20231229_091527_1678_frontal1.jpg,419.849650399183,71.6531464071655,1226.0,552.0,674.0,14.0,16.0,49.0,55.0,3.5,3.4375,0.2387920911235236,0.10751487300178224,0.13127721812174134,0.19538569765583894,0.22329794017810164,0.6838499417954363,0.7675866693622244,2
1679,IMG_20231229_092011_1679,frontal1,IMG_20231229_092011_1679_frontal1.jpg,439.0690768960674,74.93443246082353,974.0,510.0,464.0,13.0,14.0,55.0,47.0,4.230769230769231,3.357142857142857,0.1734587099372758,0.09082540253389185,0.08263330740338395,0.17348499979360663,0.1868299997777302,0.7339749991267973,0.6272149992538086,2
1680,IMG_20231229_092732_1680,frontal1,IMG_20231229_092732_1680_frontal1.jpg,493.22746103841,84.17342284975139,2628.0,1332.0,1296.0,28.0,23.0,69.0,73.0,2.4642857142857144,3.1739130434782608,0.3709158442499847,0.18799844160615664,0.18291740264382808,0.33264656529388953,0.2732453929199807,0.8197361787599421,0.8672571166590691,2
1681,IMG_20231229_093243_1681,frontal1,IMG_20231229_093243_1681_frontal1.jpg,443.6403330203434,75.70569121344248,2050.0,952.0,1098.0,22.0,21.0,61.0,68.0,2.772727272727273,3.238095238095238,0.357681767531502,0.16610392326340973,0.1915778442680923,0.29059902429229295,0.27738997773355234,0.8057518400831759,0.89821516599436,2
1682,IMG_20231229_093339_1682,frontal1,IMG_20231229_093339_1682_frontal1.jpg,522.919601402614,89.24206989540832,2246.0,980.0,1266.0,23.0,27.0,62.0,68.0,2.6956521739130435,2.5185185185185186,0.2820138790683142,0.12305146994076044,0.1589624091275538,0.2577259808849794,0.30254789060410625,0.6947396006464662,0.7619724652251565,2
1683,IMG_20231229_101811_1683,frontal1,IMG_20231229_101811_1683_frontal1.jpg,447.0813098765038,76.296404358662,1251.0,663.0,588.0,18.0,18.0,50.0,43.0,2.7777777777777777,2.388888888888889,0.21490630988783824,0.11389519061201978,0.10101111927581845,0.23592199594863927,0.23592199594863927,0.6553388776351091,0.5635914347661938,2
1684,IMG_20231229_102357_1684,frontal1,IMG_20231229_102357_1684_frontal1.jpg,431.5596962609748,73.58844041526098,1455.0,756.0,699.0,19.0,18.0,61.0,52.0,3.210526315789474,2.888888888888889,0.26868523139567396,0.13960552229218523,0.12907970910348873,0.25819272555285366,0.2446036347342824,0.8289345399328459,0.7066327225657046,2
1685,IMG_20231229_104842_1685,frontal1,IMG_20231229_104842_1685_frontal1.jpg,411.2731031500783,70.17823561696311,1165.0,663.0,502.0,15.0,16.0,56.0,49.0,3.7333333333333334,3.0625,0.23654895560447706,0.13461970606503715,0.1019292495394399,0.2137414807900112,0.2279909128426786,0.7979681949493752,0.6982221705807032,2
1686,IMG_20231229_104921_1686,frontal1,IMG_20231229_104921_1686_frontal1.jpg,396.0205237356485,67.56285788108829,734.0,275.0,459.0,10.0,14.0,38.0,48.0,3.8,3.4285714285714284,0.16079777550918734,0.06024439818123504,0.1005533773279523,0.14801031681638097,0.20721444354293336,0.5624392039022477,0.7104495207186287,2
1687,IMG_20231229_105225_1687,frontal1,IMG_20231229_105225_1687_frontal1.jpg,676.8481757979413,115.44072044308065,6917.0,4282.0,2635.0,54.0,43.0,116.0,92.0,2.1481481481481484,2.13953488372093,0.519038674121587,0.3213132286523978,0.19772544546918921,0.4677725484797655,0.37248554786351695,1.0048447337713482,0.7969458233358968,2
1688,IMG_20231229_110242_1688,frontal1,IMG_20231229_110242_1688_frontal1.jpg,458.48226269572143,78.17924318458233,1271.0,533.0,738.0,17.0,20.0,46.0,54.0,2.7058823529411766,2.7,0.20795177261316117,0.08720558206358373,0.12074619054957746,0.2174490223685429,0.2558223792571093,0.5883914722913515,0.6907204239941952,2
1689,IMG_20231229_112014_1689,frontal1,IMG_20231229_112014_1689_frontal1.jpg,445.7161136940192,76.04996515091796,970.0,471.0,499.0,18.0,16.0,45.0,45.0,2.5,2.8125,0.16771569086644983,0.0814372065959772,0.08627848427047265,0.23668649899154795,0.21038799910359818,0.5917162474788699,0.5917162474788699,2
1691,IMG_20231229_113053_1691,frontal1,IMG_20231229_113053_1691_frontal1.jpg,443.1113779441158,75.56644604588948,1100.0,430.0,670.0,13.0,18.0,51.0,53.0,3.923076923076923,2.9444444444444446,0.19263477510942517,0.07530268481550256,0.11733209029392261,0.17203402674389964,0.23820096010693798,0.6749027203029909,0.7013694936482062,2
1692,IMG_20231229_113712_1692,frontal1,IMG_20231229_113712_1692_frontal1.jpg,478.9405979981797,81.72880942586085,1476.0,581.0,895.0,17.0,18.0,52.0,71.0,3.0588235294117645,3.9444444444444446,0.2209713722114757,0.08698127862795893,0.13399009358351677,0.2080049877078084,0.22024057522003243,0.6362505506356492,0.8687267133679056,2
1693,IMG_20231229_120305_1693,frontal1,IMG_20231229_120305_1693_frontal1.jpg,481.2433802740678,82.0845160728448,1804.0,960.0,844.0,24.0,17.0,60.0,61.0,2.5,3.588235294117647,0.26774048693057056,0.14247830790096883,0.12526217902960177,0.29238157387322017,0.20710361482686426,0.7309539346830504,0.7431365002611012,2
1694,IMG_20231229_122240_1694,frontal1,IMG_20231229_122240_1694_frontal1.jpg,631.0523250804656,107.68827704740282,3647.0,1868.0,1779.0,32.0,26.0,95.0,95.0,2.96875,3.6538461538461537,0.3144842545118317,0.16107940428519377,0.15340485022663797,0.29715397884872896,0.24143760781459225,0.8821758747071641,0.8821758747071641,2
1695,IMG_20231229_124502_1695,frontal1,IMG_20231229_124502_1695_frontal1.jpg,408.9830393151491,69.71245154690578,1575.0,930.0,645.0,24.0,17.0,61.0,54.0,2.5416666666666665,3.176470588235294,0.32408568376486974,0.19136487993735166,0.13272080382751808,0.34427135278482757,0.24385887488925287,0.8750230216614368,0.774610543765862,2
1696,IMG_20231229_130920_1696,frontal1,IMG_20231229_130920_1696_frontal1.jpg,539.8252755690548,92.1273866271968,2074.0,1073.0,1001.0,20.0,19.0,71.0,78.0,3.55,4.105263157894737,0.24436063700826996,0.1264218724734203,0.11793876453484968,0.21709071246026018,0.20623617683724718,0.7706720292339236,0.8466537785950148,2
1697,IMG_20231229_133113_1697,frontal1,IMG_20231229_133113_1697_frontal1.jpg,514.1374192680954,87.65269226031083,2848.0,1587.0,1261.0,32.0,24.0,74.0,69.0,2.3125,2.875,0.37068880039538515,0.20656008645627677,0.16412871393910838,0.3650772061280953,0.27380790459607146,0.8442410391712204,0.7871977257137055,2
1698,IMG_20231229_141820_1698,frontal1,IMG_20231229_141820_1698_frontal1.jpg,636.1800112349322,108.57269936144222,4233.0,2071.0,2162.0,28.0,30.0,93.0,95.0,3.3214285714285716,3.1666666666666665,0.35909304813123155,0.1756866767492985,0.18340637138193305,0.25789171831112945,0.27631255533335297,0.8565689215333943,0.8749897585556178,2
1699,IMG_20231229_143315_1699,frontal1,IMG_20231229_143315_1699_frontal1.jpg,373.8753643668416,63.792035279730186,1256.0,571.0,685.0,15.0,22.0,51.0,55.0,3.4,2.5,0.30864320662848715,0.14031470619814188,0.1683285004303453,0.23513907236576642,0.34487063946979074,0.7994728460436058,0.8621765986744768,2
1700,IMG_20231229_145448_1700,frontal1,IMG_20231229_145448_1700_frontal1.jpg,397.63858980088656,67.85339747537992,1091.0,509.0,582.0,15.0,16.0,50.0,53.0,3.3333333333333335,3.3125,0.23696355385391799,0.11055403199967392,0.12640952185424406,0.22106483327445223,0.23580248882608237,0.7368827775815074,0.7810957442363978,2
1701,IMG_20240101_092854_1701,frontal1,IMG_20240101_092854_1701_frontal1.jpg,412.1771083307983,70.29556237906695,1200.0,562.0,638.0,17.0,15.0,50.0,57.0,2.9411764705882355,3.8,0.24284290898655778,0.1137314290420379,0.12911147994451988,0.24183603380719756,0.21338473571223315,0.7112824523741105,0.810861995706486,2
1702,IMG_20240101_092950_1702,frontal1,IMG_20240101_092950_1702_frontal1.jpg,348.3103827934502,59.43720421546061,791.0,468.0,323.0,16.0,14.0,43.0,34.0,2.6875,2.4285714285714284,0.2239029096779279,0.1324735293669662,0.0914293803109617,0.26919166557699786,0.23554270737987312,0.7234526012381818,0.5720322893511205,2
1703,IMG_20240101_094011_1703,frontal1,IMG_20240101_094011_1703_frontal1.jpg,435.8688154066073,74.38827665562123,953.0,423.0,530.0,13.0,15.0,46.0,48.0,3.5384615384615383,3.2,0.1722201271307524,0.07644188224166659,0.0957782448890858,0.17475871984752642,0.20164467674714587,0.6183770086912473,0.6452629655908668,2
1704,IMG_20240101_094541_1704,frontal1,IMG_20240101_094541_1704_frontal1.jpg,472.1928054862845,80.58074239538449,1814.0,992.0,822.0,19.0,16.0,71.0,65.0,3.736842105263158,4.0625,0.27936677491707107,0.15277389234715244,0.12659288256991866,0.23578834638644733,0.19855860748332407,0.8811038207072506,0.8066443429010041,2
1705,IMG_20240101_095231_1705,frontal1,IMG_20240101_095231_1705_frontal1.jpg,479.8927347646188,81.90054933417638,1664.0,834.0,830.0,16.0,17.0,71.0,68.0,4.4375,4.0,0.24807311070171398,0.12433472014737347,0.1237383905543405,0.19535888501450308,0.20756881532790952,0.8669050522518574,0.8302752613116381,2
1706,IMG_20240101_101914_1706,frontal1,IMG_20240101_101914_1706_frontal1.jpg,463.8280270399777,79.04630316589144,2091.0,907.0,1184.0,22.0,27.0,61.0,68.0,2.772727272727273,2.5185185185185186,0.3346500586574609,0.14515906418092636,0.18949099447653453,0.2783178860854434,0.3415719511048624,0.7716995932369113,0.8602552842640978,2
1708,IMG_20240101_103943_1708,frontal1,IMG_20240101_103943_1708_frontal1.jpg,522.6671128522222,89.20184926081544,2600.0,1254.0,1346.0,25.0,27.0,69.0,72.0,2.76,2.6666666666666665,0.32675755078905083,0.15759768026518067,0.16915987052387016,0.28026324798382846,0.3026843078225347,0.7735265644353665,0.8071581541934258,2
1709,IMG_20240101_104536_1709,frontal1,IMG_20240101_104536_1709_frontal1.jpg,613.608169442611,104.63681515956176,3034.0,1825.0,1209.0,36.0,23.0,83.0,73.0,2.3055555555555554,3.1739130434782608,0.2771063968893225,0.16668397307943755,0.11042242380988494,0.3440471687245376,0.21980791335178793,0.7932198612260173,0.697651203246979,2
1710,IMG_20240101_105830_1710,frontal1,IMG_20240101_105830_1710_frontal1.jpg,399.4959396452736,68.13199373099404,1189.0,643.0,546.0,21.0,16.0,43.0,48.0,2.0476190476190474,3.0,0.25614132929414035,0.138518818112811,0.1176225111813294,0.3082252382473119,0.2348382767598567,0.6311278687921149,0.7045148302795701,2
1711,IMG_20240101_110714_1711,frontal1,IMG_20240101_110714_1711_frontal1.jpg,520.2877555267363,88.78885431635796,1741.0,859.0,882.0,18.0,22.0,65.0,59.0,3.611111111111111,2.6818181818181817,0.22084209931596482,0.10896229943274773,0.1118797998832171,0.2027281480158009,0.2477788475748678,0.7320738678348366,0.6644978184962363,2
1712,IMG_20240101_113421_1712,frontal1,IMG_20240101_113421_1712_frontal1.jpg,423.7314271075477,72.3030680061664,1233.0,646.0,587.0,20.0,17.0,47.0,49.0,2.35,2.8823529411764706,0.23585746408989236,0.12357171273485033,0.11228575135504201,0.27661343496923657,0.23512141972385112,0.650041572177706,0.6777029156746297,2
1713,IMG_20240101_115228_1713,frontal1,IMG_20240101_115228_1713_frontal1.jpg,581.2556207006043,99.17430727767713,2516.0,1578.0,938.0,28.0,20.0,71.0,65.0,2.5357142857142856,3.25,0.25580691810278583,0.16043852017734342,0.09536839792544241,0.2823311880727645,0.20166513433768893,0.7159112268987957,0.655411686597489,2
1714,IMG_20240101_120233_1714,frontal1,IMG_20240101_120233_1714_frontal1.jpg,389.6770076722305,66.3838168458959,1048.0,544.0,504.0,18.0,19.0,46.0,39.0,2.5555555555555554,2.0526315789473686,0.2378136858914289,0.12344527206577989,0.11436841382564901,0.271150422727054,0.2862143351007792,0.6929399691913602,0.5874925825752837,2
1715,IMG_20240101_122342_1715,frontal1,IMG_20240101_122342_1715_frontal1.jpg,447.69778385548005,76.31144282666004,1591.0,749.0,842.0,21.0,22.0,52.0,53.0,2.4761904761904763,2.409090909090909,0.27320638817367326,0.12861821793971168,0.1445881702339616,0.2751880874235479,0.28829228206276447,0.6814181212392615,0.694522315878478,2
1716,IMG_20240101_125022_1716,frontal1,IMG_20240101_125022_1716_frontal1.jpg,525.1095752878368,89.57703559983932,1982.0,1128.0,854.0,20.0,23.0,75.0,64.0,3.75,2.782608695652174,0.2470075783728181,0.14057747144527688,0.1064301069275412,0.2232715100033504,0.256762236503853,0.837268162512564,0.7144688320107213,2
1717,IMG_20240101_131927_1717,frontal1,IMG_20240101_131927_1717_frontal1.jpg,530.406562703765,90.51280742042076,1714.0,770.0,944.0,18.0,23.0,59.0,64.0,3.2777777777777777,2.782608695652174,0.20921400173241209,0.09398762038153868,0.1152263813508734,0.19886688428955954,0.25410768548110385,0.6518414540602229,0.7070822552517673,2
1718,IMG_20240101_140216_1718,frontal1,IMG_20240101_140216_1718_frontal1.jpg,438.47447070427233,74.83190197309986,1034.0,304.0,730.0,11.0,18.0,40.0,59.0,3.6363636363636362,3.2777777777777777,0.18464900486952301,0.05428752174113636,0.13036148312838666,0.14699613012581475,0.2405391220240605,0.53453138227569,0.7884337888566427,2
1719,IMG_20240101_145518_1719,frontal1,IMG_20240101_145518_1719_frontal1.jpg,661.5094536472154,112.77286633551105,4818.0,2742.0,2076.0,42.0,30.0,99.0,94.0,2.357142857142857,3.1333333333333333,0.37884150887920387,0.21560469434345725,0.16323681453574662,0.3724300123315622,0.2660214373796873,0.8778707433529681,0.8335338371230202,2
1720,IMG_20240102_085331_1720,frontal1,IMG_20240102_085331_1720_frontal1.jpg,591.886596738619,100.93442766548746,2902.0,1378.0,1524.0,27.0,28.0,68.0,77.0,2.5185185185185186,2.75,0.2848516625519193,0.13526036905463293,0.14959129349728637,0.2675004022362146,0.27740782454125956,0.6737047167430589,0.7628715174884638,2
1721,IMG_20240102_085409_1721,frontal1,IMG_20240102_085409_1721_frontal1.jpg,392.9903551598844,67.03414596477029,1419.0,682.0,737.0,19.0,17.0,54.0,63.0,2.8421052631578947,3.7058823529411766,0.31578408176141515,0.15177219433494374,0.16401188742647144,0.283437638035777,0.25360209718990573,0.805559602838524,0.9398195366449447,2
1722,IMG_20240102_090646_1722,frontal1,IMG_20240102_090646_1722_frontal1.jpg,349.1956294670198,59.53055158947595,193.0,,193.0,,12.0,,31.0,,2.5833333333333335,0.05445998229601248,,0.05445998229601248,,0.20157716801873896,,0.5207410173817423,1
1723,IMG_20240102_091510_1723,frontal1,IMG_20240102_091510_1723_frontal1.jpg,407.8656561881813,69.3413614956816,1625.0,760.0,865.0,22.0,29.0,52.0,51.0,2.3636363636363638,1.7586206896551724,0.33796259493280845,0.1580625059378058,0.17990008899500265,0.31727095524898374,0.41822080464638767,0.7499131669521434,0.7354917598953714,2
1724,IMG_20240102_091606_1724,frontal1,IMG_20240102_091606_1724_frontal1.jpg,445.2826012481566,75.9508900585865,1280.0,526.0,754.0,16.0,21.0,49.0,50.0,3.0625,2.380952380952381,0.2218933231287649,0.09118428747322682,0.13070903565553807,0.21066244237109039,0.27649445561205616,0.6451537297614643,0.6583201324096575,2
1725,IMG_20240102_092542_1725,frontal1,IMG_20240102_092542_1725_frontal1.jpg,405.0668899959056,69.05937668931008,1048.0,285.0,763.0,11.0,20.0,39.0,55.0,3.5454545454545454,2.75,0.21974346797017955,0.05975848127051638,0.15998498669966316,0.15928322158897684,0.28960585743450334,0.5647314219972815,0.7964161079448842,2
1726,IMG_20240102_092640_1726,frontal1,IMG_20240102_092640_1726_frontal1.jpg,525.181981951876,89.62573768235741,2383.0,1076.0,1307.0,21.0,24.0,73.0,75.0,3.4761904761904763,3.125,0.2966597018220222,0.13395125436865124,0.16270844745337099,0.23430769489927217,0.26778022274202534,0.8144981775069937,0.8368131960688291,2
1727,IMG_20240102_093640_1727,frontal1,IMG_20240102_093640_1727_frontal1.jpg,580.4056656255219,99.05581027888682,2838.0,1439.0,1399.0,26.0,26.0,74.0,81.0,2.8461538461538463,3.1153846153846154,0.28923608962550224,0.14665635411243755,0.14257973551306471,0.2624782930632566,0.2624782930632566,0.7470536033338842,0.817720836081684,2
1728,IMG_20240102_094304_1728,frontal1,IMG_20240102_094304_1728_frontal1.jpg,523.2277567132405,89.28124099250579,2253.0,1087.0,1166.0,24.0,23.0,67.0,73.0,2.7916666666666665,3.1739130434782608,0.28264464078321966,0.13636694386656004,0.14627769691665962,0.2688134677923501,0.2576129066343355,0.7504375975869773,0.8176409645350649,2
1729,IMG_20240102_095246_1729,frontal1,IMG_20240102_095246_1729_frontal1.jpg,524.0098981757412,89.40021099890492,2410.0,1348.0,1062.0,28.0,22.0,80.0,71.0,2.857142857142857,3.227272727272727,0.30153654540544655,0.16866027518943652,0.13287627021601006,0.31319836594505324,0.24608443038539898,0.8948524741287236,0.7941815707892422,2
1730,IMG_20240102_100544_1730,frontal1,IMG_20240102_100544_1730_frontal1.jpg,442.3443297613747,75.48372272751624,1187.0,537.0,650.0,15.0,18.0,49.0,53.0,3.2666666666666666,2.9444444444444446,0.20832629856182475,0.09424702807725348,0.11407927048457125,0.19871833897418548,0.23846200676902257,0.6491465739823392,0.702138131042122,2
1731,IMG_20240102_100630_1731,frontal1,IMG_20240102_100630_1731_frontal1.jpg,586.1263851391286,100.02565678829153,2638.0,1100.0,1538.0,23.0,28.0,73.0,79.0,3.1739130434782608,2.8214285714285716,0.26366468686270816,0.10994357678126572,0.15372111008144243,0.22994100452327404,0.279928179419638,0.7298127534869133,0.78979736336255,2
1732,IMG_20240102_101324_1732,frontal1,IMG_20240102_101324_1732_frontal1.jpg,574.5409107431386,98.05495334839995,2487.0,1005.0,1482.0,18.0,28.0,74.0,82.0,4.111111111111111,2.9285714285714284,0.25866442955745056,0.10452663920596615,0.15413779035148442,0.18357053249563066,0.2855541616598699,0.7546788558153704,0.8362657591467618,2
1733,IMG_20240102_102613_1733,frontal1,IMG_20240102_102613_1733_frontal1.jpg,538.4795921065378,91.85746972743934,2073.0,936.0,1137.0,23.0,25.0,67.0,75.0,2.9130434782608696,3.0,0.24568030661036944,0.11092945826691065,0.13475084834345877,0.25038791149207457,0.2721607733609506,0.7293908726073477,0.8164823200828518,2
1734,IMG_20240102_103238_1734,frontal1,IMG_20240102_103238_1734_frontal1.jpg,498.0791863140572,84.981770550623,1230.0,455.0,775.0,14.0,20.0,47.0,58.0,3.357142857142857,2.9,0.17031525972054534,0.0630027993275188,0.10731246039302654,0.16474121343071224,0.23534459061530322,0.5530597879459626,0.6824993127843794,2
1735,IMG_20240102_103723_1735,frontal1,IMG_20240102_103723_1735_frontal1.jpg,581.8772033805349,99.19195680840144,3597.0,1880.0,1717.0,30.0,26.0,87.0,88.0,2.9,3.3846153846153846,0.36558428765815415,0.1910754686675924,0.17450881899056178,0.30244387715778015,0.2621180268700761,0.8770872437575624,0.8871687063294884,2
1736,IMG_20240102_104222_1736,frontal1,IMG_20240102_104222_1736_frontal1.jpg,564.0936677705301,96.26671318550356,2790.0,1693.0,1097.0,29.0,24.0,81.0,74.0,2.793103448275862,3.0833333333333335,0.30105920827540117,0.1826857489642488,0.11837345931115235,0.3012463918251548,0.24930735875185223,0.8414123357875013,0.7686976894848777,2
1737,IMG_20240102_110207_1737,frontal1,IMG_20240102_110207_1737_frontal1.jpg,391.5576204572463,66.75306053527763,613.0,,613.0,,20.0,,48.0,,2.4,0.1375682174558965,,0.1375682174558965,,0.29961173075248604,,0.7190681538059664,1
1738,IMG_20240102_110313_1738,frontal1,IMG_20240102_110313_1738_frontal1.jpg,422.1844009539642,71.98841017973625,1149.0,638.0,511.0,18.0,14.0,51.0,48.0,2.8333333333333335,3.4285714285714284,0.22171489154424112,0.12311061862943937,0.09860427291480175,0.25004024891032745,0.1944757491524769,0.7084473719125943,0.6667739970942065,2
1739,IMG_20240102_110754_1739,frontal1,IMG_20240102_110754_1739_frontal1.jpg,445.142666872844,75.94982054329682,1855.0,853.0,1002.0,20.0,23.0,60.0,57.0,3.0,2.4782608695652173,0.3215810211092021,0.1478752619979242,0.1737057591112779,0.263331761114545,0.30283152528172674,0.7899952833436349,0.7504955191764532,2
1740,IMG_20240102_111353_1740,frontal1,IMG_20240102_111353_1740_frontal1.jpg,528.5891009281869,90.21229947046267,1472.0,517.0,955.0,16.0,22.0,43.0,64.0,2.6875,2.909090909090909,0.18087406709303286,0.06352710101025678,0.11734696608277606,0.17735940768518735,0.2438691855671326,0.476653408153941,0.7094376307407494,2
1741,IMG_20240102_112116_1741,frontal1,IMG_20240102_112116_1741_frontal1.jpg,468.25803573706736,79.9147398662527,1732.0,681.0,1051.0,16.0,21.0,59.0,66.0,3.6875,3.142857142857143,0.2712027615537501,0.10663341837072969,0.1645693431830204,0.20021337774205358,0.2627800582864453,0.7382868304238226,0.825880183185971,2
1742,IMG_20240102_112815_1742,frontal1,IMG_20240102_112815_1742_frontal1.jpg,358.0533303868305,61.09600249127307,944.0,173.0,771.0,10.0,22.0,28.0,51.0,2.8,2.3181818181818183,0.25289858748835614,0.046346880969794085,0.20655170651856206,0.16367682977995812,0.3600890255159079,0.4582951233838828,0.8347518318777865,2
1743,IMG_20240102_114435_1743,frontal1,IMG_20240102_114435_1743_frontal1.jpg,379.2608987683642,64.67307345899113,1211.0,524.0,687.0,15.0,34.0,47.0,35.0,3.1333333333333333,1.0294117647058822,0.2895323813235274,0.12528073312430085,0.16425164819922652,0.2319357840556538,0.5257211105261486,0.7267321233743819,0.5411834961298588,2
1744,IMG_20240102_115625_1744,frontal1,IMG_20240102_115625_1744_frontal1.jpg,577.8704426145881,98.61605621872481,2442.0,1373.0,1069.0,30.0,23.0,68.0,71.0,2.2666666666666666,3.0869565217391304,0.25110213105378987,0.14118068220182373,0.10992144885196617,0.3042100967155055,0.23322774081522088,0.6895428858884791,0.7199638955600296,2
1745,IMG_20240102_120159_1745,frontal1,IMG_20240102_120159_1745_frontal1.jpg,431.5319914019688,73.6358670807817,1417.0,552.0,865.0,17.0,23.0,48.0,55.0,2.823529411764706,2.391304347826087,0.2613310660137533,0.10180292762144799,0.15952813839230526,0.23086575433885057,0.3123477852819743,0.6518562475449898,0.7469186169786342,2
1746,IMG_20240102_121605_1746,frontal1,IMG_20240102_121605_1746_frontal1.jpg,464.1263564162493,79.20970040277433,947.0,428.0,519.0,14.0,13.0,44.0,53.0,3.142857142857143,4.076923076923077,0.15093613945771508,0.06821612216251537,0.08272001729519972,0.17674602894356672,0.16412131259045482,0.555487519536924,0.6691099667149312,2
1747,IMG_20240102_122259_1747,frontal1,IMG_20240102_122259_1747_frontal1.jpg,587.2553757039536,100.21983612609455,2370.0,1109.0,1261.0,20.0,20.0,73.0,79.0,3.65,3.95,0.23596140283343023,0.11041400664230976,0.12554739619112046,0.1995612921860739,0.1995612921860739,0.7283987164791698,0.7882671041349919,2
1748,IMG_20240102_122748_1748,frontal1,IMG_20240102_122748_1748_frontal1.jpg,358.4055870728241,61.10352560002749,654.0,285.0,369.0,14.0,15.0,32.0,35.0,2.2857142857142856,2.3333333333333335,0.17516414349808318,0.07633299831338487,0.09883114518469831,0.2291193488840798,0.24548501666151407,0.5237013688778966,0.5727983722101995,2
1749,IMG_20240102_124232_1749,frontal1,IMG_20240102_124232_1749_frontal1.jpg,516.5615288479149,88.08832859855026,2562.0,1202.0,1360.0,24.0,26.0,68.0,75.0,2.8333333333333335,2.8846153846153846,0.3301736311673184,0.15490581758903854,0.17526781357827986,0.2724538015629347,0.2951582850265126,0.7719524377616483,0.851418129884171,2
1750,IMG_20240102_130531_1750,frontal1,IMG_20240102_130531_1750_frontal1.jpg,470.0516572008491,80.21978106616736,1939.0,653.0,1286.0,17.0,34.0,56.0,68.0,3.2941176470588234,2.0,0.3013109150154415,0.10147293837291557,0.1998379766425259,0.2119178059832644,0.4238356119665288,0.6980821844154591,0.8476712239330576,2
1751,IMG_20240102_131726_1751,frontal1,IMG_20240102_131726_1751_frontal1.jpg,384.6773219655197,65.5491669050688,987.0,289.0,698.0,10.0,23.0,36.0,50.0,3.6,2.1739130434782608,0.22971153285402574,0.067261026337197,0.16245050651682874,0.15255724019318875,0.3508816524443341,0.5492060646954795,0.7627862009659437,2
1752,IMG_20240102_145745_1752,frontal1,IMG_20240102_145745_1752_frontal1.jpg,411.8346229531751,70.28179431973263,1188.0,465.0,723.0,15.0,23.0,47.0,52.0,3.1333333333333333,2.260869565217391,0.24050868252971241,0.0941384994750137,0.1463701830546987,0.2134265373442313,0.3272540239278214,0.6687364836785915,0.7398786627933353,2
1753,IMG_20240103_085046_1753,frontal1,IMG_20240103_085046_1753_frontal1.jpg,534.5018322270193,91.21017944515633,1985.0,834.0,1151.0,17.0,22.0,63.0,75.0,3.7058823529411766,3.409090909090909,0.238601896230928,0.10024885715697428,0.13835303907395372,0.18638270534509704,0.241201148093655,0.6907123786318302,0.8222766412283694,2
1754,IMG_20240103_085117_1754,frontal1,IMG_20240103_085117_1754_frontal1.jpg,487.31005689245535,83.15587006862098,1251.0,522.0,729.0,14.0,20.0,51.0,55.0,3.642857142857143,2.75,0.1809137124653701,0.07548917498555012,0.10542453747981999,0.16835852945134328,0.24051218493049037,0.6133060715727505,0.6614085085588486,2
1755,IMG_20240103_085151_1755,frontal1,IMG_20240103_085151_1755_frontal1.jpg,414.60304630590826,70.6440204708367,465.0,195.0,270.0,9.0,13.0,40.0,37.0,4.444444444444445,2.8461538461538463,0.0931755870031201,0.03907363325937294,0.054101953743747155,0.1273993175928511,0.18402123652300717,0.5662191893015606,0.5237527501039435,2
1756,IMG_20240103_085227_1756,frontal1,IMG_20240103_085227_1756_frontal1.jpg,422.0340776902726,71.95188277184721,1704.0,1070.0,634.0,23.0,18.0,64.0,50.0,2.782608695652174,2.7777777777777777,0.32914348648658787,0.20668047566939496,0.1224630108171929,0.3196580702819255,0.2501671854380286,0.8894833260018796,0.6949088484389685,2
1757,IMG_20240103_085755_1757,frontal1,IMG_20240103_085755_1757_frontal1.jpg,513.9593154652915,87.70566604818009,1290.0,499.0,791.0,14.0,20.0,58.0,63.0,4.142857142857143,3.15,0.16770051963613658,0.06487020100653655,0.10283031862960003,0.15962480682045402,0.2280354383149343,0.6613027711133095,0.7183116306920431,2
1758,IMG_20240103_090716_1758,frontal1,IMG_20240103_090716_1758_frontal1.jpg,489.156335156064,83.45125287867037,1653.0,771.0,882.0,19.0,22.0,54.0,56.0,2.8421052631578947,2.5454545454545454,0.2373597801525444,0.11071046007115046,0.12664932008139393,0.227677828008455,0.2636269587466321,0.6470843532871879,0.6710504404459727,2
1759,IMG_20240103_092332_1759,frontal1,IMG_20240103_092332_1759_frontal1.jpg,515.3900359538542,87.94179750161648,1823.0,884.0,939.0,20.0,23.0,59.0,59.0,2.95,2.5652173913043477,0.23571976107933437,0.11430404212514074,0.12141571895419362,0.22742314312636577,0.2615366145953206,0.670898272222779,0.670898272222779,2
1760,IMG_20240103_092837_1760,frontal1,IMG_20240103_092837_1760_frontal1.jpg,566.2230717597926,96.62935059571504,2788.0,1114.0,1674.0,26.0,28.0,59.0,75.0,2.269230769230769,2.6785714285714284,0.29858957988662993,0.11930731420147264,0.17928226568515726,0.26906938564433397,0.2897670306938981,0.6105805289621424,0.7761616893586556,2
1761,IMG_20240103_093807_1761,frontal1,IMG_20240103_093807_1761_frontal1.jpg,456.2105360957568,77.84380196264678,1632.0,772.0,860.0,17.0,19.0,64.0,62.0,3.764705882352941,3.263157894736842,0.269322152105589,0.12739993959896734,0.14192221250662165,0.2183860445068886,0.2440785203312284,0.8221592263788746,0.7964667505545349,2
1762,IMG_20240103_101851_1762,frontal1,IMG_20240103_101851_1762_frontal1.jpg,573.6841614689048,97.90578138131116,2593.0,1386.0,1207.0,23.0,23.0,80.0,78.0,3.4782608695652173,3.391304347826087,0.27051156757299266,0.14459276230473114,0.12591880526826155,0.23491973278291386,0.23491973278291386,0.8171121140275265,0.7966843111768382,2
1763,IMG_20240103_111235_1763,frontal1,IMG_20240103_111235_1763_frontal1.jpg,489.6852794943525,83.57069042008048,1391.0,732.0,659.0,21.0,19.0,54.0,52.0,2.5714285714285716,2.736842105263158,0.19916781081342574,0.10481009167176682,0.09435771914165893,0.2512842707705343,0.22735243545905484,0.6461595534099454,0.6222277180984659,2
1764,IMG_20240103_112059_1764,frontal1,IMG_20240103_112059_1764_frontal1.jpg,496.8661683372518,84.7483569945696,1741.0,786.0,955.0,15.0,19.0,68.0,69.0,4.533333333333333,3.6315789473684212,0.24240199869305365,0.10943593967417586,0.13296605901887779,0.17699458174700838,0.22419313687954395,0.8023754372531047,0.8141750760362386,2
1765,IMG_20240103_115137_1765,frontal1,IMG_20240103_115137_1765_frontal1.jpg,516.3573586040952,88.11214436855342,2272.0,1226.0,1046.0,24.0,26.0,72.0,65.0,3.0,2.5,0.29264208717743945,0.15791337978853026,0.13472870738890919,0.2723801602150705,0.2950785068996597,0.8171404806452115,0.7376962672491493,2
1766,IMG_20240103_115909_1766,frontal1,IMG_20240103_115909_1766_frontal1.jpg,485.1779627724462,82.7743948734279,2354.0,1230.0,1124.0,24.0,24.0,70.0,67.0,2.9166666666666665,2.7916666666666665,0.3435693628554738,0.17952010038752453,0.16404926246794924,0.2899447351647682,0.2899447351647682,0.845672144230574,0.809429052334978,2
1767,IMG_20240103_120001_1767,frontal1,IMG_20240103_120001_1767_frontal1.jpg,433.7050275845056,74.00124591615544,930.0,406.0,524.0,13.0,19.0,42.0,40.0,3.230769230769231,2.1052631578947367,0.16982627547844092,0.07413921273574947,0.09568706274269144,0.17567271792598196,0.2567524338918198,0.5675580117608648,0.5405314397722523,2
1768,IMG_20240103_121255_1768,frontal1,IMG_20240103_121255_1768_frontal1.jpg,373.7970429159061,63.77978298756831,679.0,249.0,430.0,10.0,15.0,34.0,42.0,3.4,2.8,0.16691820273129537,0.06121153531677842,0.10570666741451695,0.156789495535743,0.23518424330361454,0.5330842848215263,0.6585158812501206,2
1769,IMG_20240103_121855_1769,frontal1,IMG_20240103_121855_1769_frontal1.jpg,508.51901056880814,86.77517015002594,1495.0,908.0,587.0,20.0,16.0,60.0,50.0,3.0,3.125,0.1985410182182727,0.12058544785430877,0.07795557036396393,0.23048067742675604,0.18438454194140486,0.6914420322802681,0.5762016935668901,2
1770,IMG_20240103_122359_1770,frontal1,IMG_20240103_122359_1770_frontal1.jpg,459.023676578634,78.23528284541297,1570.0,798.0,772.0,18.0,16.0,61.0,60.0,3.388888888888889,3.75,0.25650411597486733,0.1303759774190727,0.12612813855579463,0.2300752211194359,0.20451130766172082,0.7796993604603106,0.766917403731453,2
1771,IMG_20240103_125032_1771,frontal1,IMG_20240103_125032_1771_frontal1.jpg,457.3486513983708,77.88363845695702,1666.0,818.0,848.0,22.0,22.0,53.0,54.0,2.409090909090909,2.4545454545454546,0.27465185267889364,0.1348530705230102,0.13979878215588346,0.2824726789331814,0.2824726789331814,0.6805023628844825,0.693342030108718,2
1772,IMG_20240103_125529_1772,frontal1,IMG_20240103_125529_1772_frontal1.jpg,427.418290726016,72.92745505710997,717.0,356.0,361.0,14.0,13.0,39.0,36.0,2.7857142857142856,2.769230769230769,0.134814634643933,0.06693725234761527,0.06787738229631773,0.19197159682915726,0.1782593399127889,0.5347780197383667,0.49364124898926154,2
1773,IMG_20240103_125931_1773,frontal1,IMG_20240103_125931_1773_frontal1.jpg,508.9602956484847,86.85976310128889,1708.0,942.0,766.0,22.0,16.0,59.0,69.0,2.6818181818181817,4.3125,0.22638653130335878,0.12485720871648945,0.10152932258686934,0.25328183285908074,0.1842049693520587,0.6792558244857165,0.7943839303307532,2
1774,IMG_20240103_133212_1774,frontal1,IMG_20240103_133212_1774_frontal1.jpg,587.4075459678569,100.24853678661785,2233.0,1263.0,970.0,22.0,19.0,88.0,69.0,4.0,3.6315789473684212,0.2221941590489023,0.12567452883061514,0.09651963021828716,0.21945457465207388,0.18952895083588198,0.8778182986082955,0.6882893477724135,2
1775,IMG_20240103_141705_1775,frontal1,IMG_20240103_141705_1775_frontal1.jpg,469.6098225629582,80.1278739636575,1641.0,883.0,758.0,19.0,20.0,59.0,53.0,3.1052631578947367,2.65,0.25558851905636726,0.13752873999193924,0.11805977906442804,0.2371209800052547,0.24960103158447863,0.7363230431742119,0.6614427336988684,2
1776,IMG_20240104_084701_1776,frontal1,IMG_20240104_084701_1776_frontal1.jpg,373.19926369744,63.69087789794382,461.0,155.0,306.0,9.0,15.0,25.0,34.0,2.7777777777777777,2.2666666666666666,0.11364398526260074,0.03821001673688311,0.07543396852571763,0.14130751996261232,0.23551253327102054,0.3925208887850342,0.5338284087476465,2
1777,IMG_20240104_084806_1777,frontal1,IMG_20240104_084806_1777_frontal1.jpg,506.62449700389067,86.4573650714797,785.0,445.0,340.0,14.0,17.0,47.0,31.0,3.357142857142857,1.8235294117647058,0.10501846487013729,0.05953276034039629,0.04548570452974099,0.16192952432017013,0.19662870810306374,0.5436205459319997,0.35855823242323387,2
1778,IMG_20240104_085242_1778,frontal1,IMG_20240104_085242_1778_frontal1.jpg,606.910048199687,103.48733615567998,2401.0,1329.0,1072.0,28.0,22.0,68.0,69.0,2.4285714285714284,3.1363636363636362,0.22419077796799627,0.12409393749248941,0.10009684047550688,0.27056450615250666,0.21258639769125523,0.6570852292275161,0.6667482473043914,2
1779,IMG_20240104_085825_1779,frontal1,IMG_20240104_085825_1779_frontal1.jpg,471.44831871217457,80.4476824139913,2481.0,1109.0,1372.0,27.0,31.0,65.0,74.0,2.4074074074074074,2.3870967741935485,0.3833537270176726,0.17135803436622285,0.21199569265144974,0.3356218500000469,0.3853436055556094,0.8079785277778907,0.9198524777779064,2
1780,IMG_20240104_090313_1780,frontal1,IMG_20240104_090313_1780_frontal1.jpg,429.80422667839457,73.33837044619092,1178.0,518.0,660.0,15.0,19.0,49.0,54.0,3.2666666666666666,2.8421052631578947,0.21901949776365806,0.09630908305736408,0.122710414706294,0.20453140571217965,0.2590731139020942,0.6681359253264535,0.7363130605638467,2
1781,IMG_20240104_090759_1781,frontal1,IMG_20240104_090759_1781_frontal1.jpg,521.0411119121645,88.920009440806,1944.0,888.0,1056.0,19.0,24.0,60.0,60.0,3.1578947368421053,2.5,0.2458653119186233,0.11230884618505015,0.13355646573357313,0.2136751909889111,0.2699055044070456,0.674763761017614,0.674763761017614,2
1782,IMG_20240104_091227_1782,frontal1,IMG_20240104_091227_1782_frontal1.jpg,488.85458933377214,83.42127706541329,1502.0,699.0,803.0,16.0,22.0,65.0,64.0,4.0625,2.909090909090909,0.21583221345691134,0.10044388628920174,0.1153883271677096,0.19179759124826018,0.26372168796635775,0.779177714446057,0.7671903649930407,2
1783,IMG_20240104_091511_1783,frontal1,IMG_20240104_091511_1783_frontal1.jpg,453.42335307054896,77.36933817087834,1467.0,665.0,802.0,16.0,19.0,60.0,61.0,3.75,3.210526315789474,0.24507124108968487,0.11109228038489463,0.13397896070479023,0.20680026969679272,0.24557532026494136,0.7755010113629727,0.7884260282190223,2
1784,IMG_20240104_091908_1784,frontal1,IMG_20240104_091908_1784_frontal1.jpg,541.8174561966626,92.45972134452128,2758.0,1479.0,1279.0,26.0,26.0,75.0,71.0,2.8846153846153846,2.730769230769231,0.32261837650427294,0.1730067363487381,0.14961164015553483,0.2812035297307397,0.2812035297307397,0.8111640280694414,0.7679019465724046,2
1785,IMG_20240104_092255_1785,frontal1,IMG_20240104_092255_1785_frontal1.jpg,439.8133933766853,75.05891882078359,903.0,459.0,444.0,14.0,14.0,43.0,43.0,3.0714285714285716,3.0714285714285716,0.16028140531298568,0.081471943564408,0.07880946174857767,0.18652013937780626,0.18652013937780626,0.5728832852318335,0.5728832852318335,2
1786,IMG_20240104_092706_1786,frontal1,IMG_20240104_092706_1786_frontal1.jpg,422.3864964681565,72.07439944851612,1255.0,570.0,685.0,15.0,18.0,48.0,54.0,3.2,3.0,0.24159150600901977,0.10972681946226395,0.13186468654675582,0.2081182793720638,0.2497419352464766,0.6659784939906043,0.7492258057394298,2
1787,IMG_20240104_094106_1787,frontal1,IMG_20240104_094106_1787_frontal1.jpg,513.7028615052902,87.60011383142846,1953.0,977.0,976.0,23.0,25.0,66.0,71.0,2.869565217391304,2.84,0.25450299779712315,0.12731665583604163,0.1271863419610815,0.26255673644739314,0.28538775700803604,0.753423678501215,0.8105012299028223,2
1788,IMG_20240104_094801_1788,frontal1,IMG_20240104_094801_1788_frontal1.jpg,619.7655742085226,105.7386542447994,3142.0,1562.0,1580.0,29.0,27.0,75.0,88.0,2.586206896551724,3.259259259259259,0.2810209018533267,0.13970548971829927,0.14131541213502744,0.27426110353987526,0.2553465446750563,0.7092959574307118,0.8322405900520352,2
1789,IMG_20240104_101505_1789,frontal1,IMG_20240104_101505_1789_frontal1.jpg,441.1486962973912,75.27791878832628,1651.0,608.0,1043.0,16.0,24.0,56.0,59.0,3.5,2.4583333333333335,0.29134788249795046,0.10729225472971161,0.18405562776823883,0.2125457273199907,0.31881859097998605,0.7439100456199674,0.7837623694924657,2
1790,IMG_20240104_102040_1790,frontal1,IMG_20240104_102040_1790_frontal1.jpg,572.2222384205223,97.64699707272437,2449.0,958.0,1491.0,17.0,28.0,76.0,82.0,4.470588235294118,2.9285714285714284,0.25684493219612403,0.10047261945442501,0.15637231274169905,0.174096495638662,0.286747169287208,0.778313745208136,0.839759567198252,2
1791,IMG_20240104_102911_1791,frontal1,IMG_20240104_102911_1791_frontal1.jpg,488.152463587459,83.30204261484002,565.0,,565.0,,18.0,,49.0,,2.7222222222222223,0.08142113393905132,,0.08142113393905132,,0.21608113600798248,,0.5882208702439523,1
1792,IMG_20240104_105430_1792,frontal1,IMG_20240104_105430_1792_frontal1.jpg,555.9867857381024,94.86573795213361,1596.0,234.0,1362.0,12.0,25.0,28.0,87.0,2.3333333333333335,3.48,0.17734302341124908,0.026001420725709448,0.15134160268553962,0.1264945623050425,0.2635303381355052,0.29515397871176585,0.9170855767115581,2
1793,IMG_20240104_105507_1793,frontal1,IMG_20240104_105507_1793_frontal1.jpg,492.8296770658961,84.03338175938332,2111.0,1035.0,1076.0,20.0,23.0,72.0,66.0,3.6,2.869565217391304,0.2989403583927327,0.14656715818876284,0.15237320020396986,0.2380006561828837,0.2737007546103163,0.8568023622583814,0.7854021654035163,2
1794,IMG_20240104_110141_1794,frontal1,IMG_20240104_110141_1794_frontal1.jpg,513.5429347101389,87.6425413894528,2441.0,1046.0,1395.0,22.0,27.0,77.0,78.0,3.5,2.888888888888889,0.31778826403775173,0.1361763720538666,0.18161189198388517,0.2510196492618772,0.3080695695486675,0.8785687724165703,0.8899787564739283,2
1795,IMG_20240104_110755_1795,frontal1,IMG_20240104_110755_1795_frontal1.jpg,478.5225934880317,81.63524270832228,1475.0,775.0,700.0,17.0,16.0,60.0,59.0,3.5294117647058822,3.6875,0.22132814481346127,0.11629105913927626,0.105037085674185,0.20824339385796842,0.1959937824545585,0.7349766842045944,0.7227270728011844,2
1796,IMG_20240104_112650_1796,frontal1,IMG_20240104_112650_1796_frontal1.jpg,451.1751961162091,76.98327153633555,976.0,393.0,583.0,13.0,18.0,45.0,53.0,3.4615384615384617,2.9444444444444446,0.1646861554485695,0.06631317529845063,0.09837298015011887,0.16886785584143554,0.2338170311650646,0.5845425779126615,0.688461258430468,2
1797,IMG_20240104_113118_1797,frontal1,IMG_20240104_113118_1797_frontal1.jpg,392.36932897993165,66.96293251523903,1082.0,446.0,636.0,16.0,18.0,42.0,57.0,2.625,3.1666666666666665,0.24130056108400427,0.09946400207344354,0.14183655901056075,0.23893816174133076,0.2688054319589971,0.6272126745709933,0.8512172012034908,2
1798,IMG_20240104_114805_1798,frontal1,IMG_20240104_114805_1798_frontal1.jpg,413.81610912036194,70.62460373111031,1101.0,358.0,743.0,11.0,22.0,45.0,47.0,4.090909090909091,2.1363636363636362,0.2207370686435238,0.07177463267427932,0.1489624359692445,0.15575308630233733,0.31150617260467467,0.6371717166913801,0.6654904596554414,2
1799,IMG_20240104_115919_1799,frontal1,IMG_20240104_115919_1799_frontal1.jpg,579.5548372108098,98.91058457037214,2983.0,1437.0,1546.0,25.0,28.0,80.0,86.0,3.2,3.0714285714285716,0.3049072255405534,0.1468828974528244,0.15802432808772898,0.25275353602033557,0.28308396034277583,0.8088113152650738,0.8694721639099543,2
1800,IMG_20240104_120448_1800,frontal1,IMG_20240104_120448_1800_frontal1.jpg,589.6484236666475,100.62937251325496,2960.0,1560.0,1400.0,25.0,26.0,79.0,77.0,3.16,2.9615384615384617,0.2923089964011061,0.15405474134652888,0.1382542550545772,0.24843640952552878,0.2583738659065499,0.785059054100671,0.7651841413386287,2
1801,IMG_20240104_122454_1801,frontal1,IMG_20240104_122454_1801_frontal1.jpg,632.7831640548187,107.9731673449295,2766.0,1380.0,1386.0,26.0,27.0,74.0,75.0,2.8461538461538463,2.7777777777777777,0.23725779669124272,0.11837156884812544,0.1188862278431173,0.24080056776458897,0.25006212806322703,0.6853554620992148,0.6946170223978528,2
1802,IMG_20240104_132044_1802,frontal1,IMG_20240104_132044_1802_frontal1.jpg,485.28321879004346,82.82111577929399,1737.0,802.0,935.0,18.0,22.0,59.0,59.0,3.2777777777777777,2.6818181818181817,0.25323146312256417,0.11692091734271529,0.13631054577984889,0.2173358790283306,0.26563274103462625,0.7123787145928614,0.7123787145928614,2
1803,IMG_20240104_134150_1803,frontal1,IMG_20240104_134150_1803_frontal1.jpg,430.9130156298335,73.54198402874624,1406.0,566.0,840.0,14.0,18.0,51.0,59.0,3.642857142857143,3.2777777777777777,0.2599648533675429,0.10465156970556846,0.15531328366197442,0.1903674504420176,0.24475815056830835,0.693481426610207,0.8022628268627885,2
1804,IMG_20240105_090605_1804,frontal1,IMG_20240105_090605_1804_frontal1.jpg,518.7672223704669,88.53235967365416,1538.0,766.0,772.0,18.0,19.0,60.0,56.0,3.3333333333333335,2.9473684210526314,0.19622405941960333,0.09772927796841102,0.09849478145119231,0.20331548900708357,0.21461079395192154,0.6777182966902786,0.6325370769109266,2
1805,IMG_20240105_091122_1805,frontal1,IMG_20240105_091122_1805_frontal1.jpg,469.96395860399934,80.18176699338686,1785.0,841.0,944.0,20.0,28.0,61.0,62.0,3.05,2.2142857142857144,0.2776431576501612,0.13081114598531401,0.14683201166484713,0.24943326581527614,0.3492065721413866,0.7607714607365923,0.7732431240273561,2
1806,IMG_20240105_092135_1806,frontal1,IMG_20240105_092135_1806_frontal1.jpg,404.7986104272182,69.04383031178718,1074.0,442.0,632.0,15.0,21.0,42.0,43.0,2.8,2.0476190476190474,0.22529654323383683,0.09271980643329225,0.13257673680054458,0.21725330029147003,0.304154620408058,0.608309240816116,0.6227927941688808,2
1807,IMG_20240105_092617_1807,frontal1,IMG_20240105_092617_1807_frontal1.jpg,493.0049224173426,84.1380066421351,1977.0,840.0,1137.0,18.0,22.0,61.0,72.0,3.388888888888889,3.272727272727273,0.27926867976101716,0.11865740566477209,0.1606112740962451,0.21393423398488098,0.2614751748704101,0.7249993485043189,0.8557369359395239,2
1808,IMG_20240105_094021_1808,frontal1,IMG_20240105_094021_1808_frontal1.jpg,610.0197865106566,104.10953077037966,3437.0,1846.0,1591.0,34.0,33.0,75.0,72.0,2.2058823529411766,2.1818181818181817,0.3171016880695519,0.17031414494512448,0.14678754312442743,0.3265791301565772,0.31697386162256025,0.7203951400512733,0.6915793344492224,2
1809,IMG_20240105_095322_1809,frontal1,IMG_20240105_095322_1809_frontal1.jpg,484.2723830169327,82.60820477257342,1128.0,514.0,614.0,13.0,17.0,52.0,58.0,4.0,3.411764705882353,0.1652961472740218,0.07532111675429717,0.08997503051972464,0.15736935617702835,0.20579069653919094,0.6294774247081134,0.7021094352513573,2
1810,IMG_20240105_101622_1810,frontal1,IMG_20240105_101622_1810_frontal1.jpg,633.513792136185,108.09344355986198,3456.0,1881.0,1575.0,30.0,26.0,79.0,77.0,2.6333333333333333,2.9615384615384617,0.2957842390890566,0.16098673429586674,0.13479750479318986,0.2775376471690075,0.24053262754647317,0.7308491375450531,0.7123466277337859,2
1811,IMG_20240105_103910_1811,frontal1,IMG_20240105_103910_1811_frontal1.jpg,483.2668936694213,82.47683083407487,1945.0,892.0,1053.0,22.0,25.0,59.0,62.0,2.6818181818181817,2.48,0.28592733467888004,0.13112965682959435,0.1547976778492857,0.2667415779379197,0.3031154294749087,0.7153524135607846,0.7517262650977736,2
1812,IMG_20240105_104231_1812,frontal1,IMG_20240105_104231_1812_frontal1.jpg,610.7222041985244,104.20102731542998,2975.0,1434.0,1541.0,25.0,28.0,76.0,78.0,3.04,2.7857142857142856,0.27399520884665773,0.13207029562558226,0.1419249132210755,0.23992085917081957,0.2687113622713179,0.7293594118792915,0.7485530806129571,2
1813,IMG_20240105_105312_1813,frontal1,IMG_20240105_105312_1813_frontal1.jpg,549.1926544750368,93.7070075805575,2020.0,969.0,1051.0,22.0,23.0,59.0,64.0,2.6818181818181817,2.782608695652174,0.23004205077222348,0.11035185504865572,0.11969019572356776,0.23477433084272983,0.2454458913355812,0.62962206907823,0.6829798715424868,2
1814,IMG_20240105_105737_1814,frontal1,IMG_20240105_105737_1814_frontal1.jpg,548.2829547748433,93.56995245493611,1713.0,882.0,831.0,20.0,20.0,65.0,61.0,3.25,3.05,0.19565211426799803,0.10073856671592192,0.0949135475520761,0.2137438298863316,0.2137438298863316,0.6946674471305777,0.6519186811533113,2
1815,IMG_20240105_110651_1815,frontal1,IMG_20240105_110651_1815_frontal1.jpg,571.867434226967,97.5984285401269,1734.0,804.0,930.0,16.0,19.0,67.0,66.0,4.1875,3.473684210526316,0.1820385816666996,0.0844054323298884,0.0976331493368112,0.16393706578402248,0.1946752656185267,0.6864864629705941,0.6762403963590927,2
1816,IMG_20240105_112031_1816,frontal1,IMG_20240105_112031_1816_frontal1.jpg,415.8503517593047,70.97008807990315,767.0,191.0,576.0,9.0,15.0,32.0,49.0,3.5555555555555554,3.2666666666666666,0.1522806337282463,0.037921252988389886,0.11435938073985641,0.12681398943548108,0.21135664905913515,0.4508941846594883,0.6904317202598415,2
1817,IMG_20240105_112136_1817,frontal1,IMG_20240105_112136_1817_frontal1.jpg,540.6117966531992,92.26284058157387,1773.0,751.0,1022.0,22.0,23.0,52.0,69.0,2.3636363636363638,3.0,0.2082836082116901,0.08822390849801424,0.12005969971367585,0.23844919429451966,0.24928779403517964,0.5636071865143192,0.7478633821055389,2
1818,IMG_20240105_113227_1818,frontal1,IMG_20240105_113227_1818_frontal1.jpg,598.9357273245928,102.21335942253467,3259.0,1773.0,1486.0,29.0,25.0,82.0,76.0,2.8275862068965516,3.04,0.31193854040571534,0.1697045204477856,0.14223401995792972,0.28372025108888516,0.2445864233524872,0.802243468596158,0.7435427269915611,2
1819,IMG_20240105_122108_1819,frontal1,IMG_20240105_122108_1819_frontal1.jpg,410.82439564450726,70.0128531326331,1225.0,448.0,777.0,17.0,24.0,45.0,54.0,2.6470588235294117,2.25,0.2499082171897507,0.09139500514368026,0.15851321204607044,0.24281255854257244,0.34279420029539637,0.6427391255538683,0.7712869506646418,2
1820,IMG_20240105_122444_1820,frontal1,IMG_20240105_122444_1820_frontal1.jpg,475.27914969193154,81.11026083394643,2137.0,869.0,1268.0,21.0,27.0,67.0,82.0,3.1904761904761907,3.037037037037037,0.3248276021082187,0.13208946477868136,0.19273813732953735,0.2589068236753967,0.33288020186836714,0.8260360564881704,1.0109695019705964,2
1821,IMG_20240105_122523_1821,frontal1,IMG_20240105_122523_1821_frontal1.jpg,607.8024932383672,103.5057178357646,3013.0,1587.0,1426.0,27.0,26.0,78.0,79.0,2.888888888888889,3.0384615384615383,0.2812356995477477,0.14813178067782132,0.1331039188699264,0.260855154329171,0.25119385231697944,0.7535815569509384,0.7632428589631299,2
1822,IMG_20240105_124938_1822,frontal1,IMG_20240105_124938_1822_frontal1.jpg,469.8115207655506,80.14786387601865,2273.0,948.0,1325.0,23.0,30.0,58.0,66.0,2.5217391304347827,2.2,0.3538470114196525,0.14757895592865403,0.2062680554909985,0.2869695945431419,0.37430816679540246,0.7236624558044448,0.8234779669498854,2
1823,IMG_20240105_134131_1823,frontal1,IMG_20240105_134131_1823_frontal1.jpg,542.1037116774502,92.49434169396392,2144.0,1012.0,1132.0,20.0,18.0,70.0,78.0,3.5,4.333333333333333,0.25060772240014956,0.11829058538663777,0.1323171370135118,0.21622944316068557,0.194606498844617,0.7568030510623995,0.8432948283266737,2
1824,IMG_20240108_090603_1824,frontal1,IMG_20240108_090603_1824_frontal1.jpg,550.5579179570952,93.9089648983185,1855.0,756.0,1099.0,19.0,23.0,52.0,68.0,2.736842105263158,2.9565217391304346,0.2103438442019743,0.08572503839174801,0.12461880581022629,0.20232360159195203,0.24491804403236297,0.5537277517253424,0.7241055214869861,2
1825,IMG_20240108_091232_1825,frontal1,IMG_20240108_091232_1825_frontal1.jpg,530.6926552228824,90.4306907917829,2325.0,1077.0,1248.0,23.0,23.0,69.0,69.0,3.0,3.0,0.28430942725041153,0.13169946371986804,0.15260996353054349,0.2543384308868945,0.2543384308868945,0.7630152926606835,0.7630152926606835,2
1826,IMG_20240108_093312_1826,frontal1,IMG_20240108_093312_1826_frontal1.jpg,481.9264174914509,82.24682774090552,1983.0,990.0,993.0,19.0,18.0,78.0,75.0,4.105263157894737,4.166666666666667,0.29314628970823176,0.14635140030819438,0.1467948894000374,0.2310119492979586,0.21885342565069762,0.9483648444863564,0.9118892735445734,2
1827,IMG_20240108_094028_1827,frontal1,IMG_20240108_094028_1827_frontal1.jpg,403.2548988315432,68.81717823845852,787.0,269.0,518.0,10.0,16.0,38.0,46.0,3.8,2.875,0.1661808631774942,0.056801336969181625,0.10937952620831258,0.14531255503311952,0.23250008805299124,0.5521877091258542,0.6684377531523499,2
1828,IMG_20240108_095512_1828,frontal1,IMG_20240108_095512_1828_frontal1.jpg,484.404356440328,82.66432719857606,1433.0,659.0,774.0,15.0,22.0,53.0,54.0,3.533333333333333,2.4545454545454546,0.20970554763320673,0.09643821067012089,0.11326733696308583,0.18145674813232357,0.26613656392740787,0.64114717673421,0.6532442932763648,2
1829,IMG_20240108_100752_1829,frontal1,IMG_20240108_100752_1829_frontal1.jpg,484.7206703550375,82.68843519279459,1972.0,913.0,1059.0,23.0,26.0,54.0,59.0,2.347826086956522,2.269230769230769,0.2884146814275747,0.13353073232422702,0.15488394910334766,0.27815256083119355,0.31443332963526227,0.653053838473237,0.7135217864800182,2
1830,IMG_20240108_101206_1830,frontal1,IMG_20240108_101206_1830_frontal1.jpg,458.28463376376544,78.13062921805034,1483.0,788.0,695.0,18.0,15.0,64.0,62.0,3.5555555555555554,4.133333333333334,0.2429397091874508,0.1290873168170676,0.11385239237038322,0.23038339995656276,0.19198616663046897,0.8191409776233343,0.7935428220726051,2
1831,IMG_20240108_105038_1831,frontal1,IMG_20240108_105038_1831_frontal1.jpg,463.3074987888605,79.04502554955391,1244.0,459.0,785.0,15.0,19.0,50.0,61.0,3.3333333333333335,3.210526315789474,0.19910001466550709,0.07346214367481331,0.1256378709906938,0.1897652622124385,0.24036933213575545,0.6325508740414617,0.7717120663305833,2
1832,IMG_20240108_105121_1832,frontal1,IMG_20240108_105121_1832_frontal1.jpg,440.86847767248383,75.14713874450808,1168.0,485.0,683.0,16.0,18.0,44.0,56.0,2.75,3.111111111111111,0.20683210129210025,0.08588490507420259,0.12094719621789767,0.21291562483035079,0.23953007793414463,0.5855179682834646,0.7452046869062277,2
1833,IMG_20240108_110142_1833,frontal1,IMG_20240108_110142_1833_frontal1.jpg,429.67960216838776,73.30975296492726,1210.0,505.0,705.0,14.0,18.0,52.0,52.0,3.7142857142857144,2.888888888888889,0.22514476753658239,0.09396537818675546,0.13117938934982692,0.19097049756391704,0.24553349686789333,0.7093189909516918,0.7093189909516918,2
1834,IMG_20240108_110228_1834,frontal1,IMG_20240108_110228_1834_frontal1.jpg,455.7765807431888,77.72358564054797,1726.0,984.0,742.0,24.0,17.0,63.0,64.0,2.625,3.764705882352941,0.2857163778702826,0.16288813199557245,0.12282824587471013,0.3087865774874819,0.21872382572029966,0.81056476590464,0.8234308732999517,2
1835,IMG_20240108_110841_1835,frontal1,IMG_20240108_110841_1835_frontal1.jpg,397.0216257295752,67.75783198543972,1219.0,487.0,732.0,15.0,22.0,46.0,50.0,3.066666666666667,2.272727272727273,0.2655123351781753,0.10607424711384035,0.159438088064335,0.22137662260538835,0.32468571315456957,0.6788883093231909,0.7379220753512945,2
1836,IMG_20240108_111447_1836,frontal1,IMG_20240108_111447_1836_frontal1.jpg,615.9489199583579,105.1171956973505,2217.0,829.0,1388.0,20.0,26.0,59.0,83.0,2.95,3.1923076923076925,0.20064029628634616,0.07502517168307667,0.12561512460326948,0.1902638276004171,0.24734297588054222,0.5612782914212304,0.7895948845417309,2
1837,IMG_20240108_112001_1837,frontal1,IMG_20240108_112001_1837_frontal1.jpg,435.46895066823714,74.29934479222759,1238.0,568.0,670.0,17.0,19.0,46.0,50.0,2.7058823529411766,2.6315789473684212,0.2242594107894338,0.1028912320907903,0.1213681786986435,0.228804171120744,0.2557223088996551,0.6191171689149544,0.6729534444727765,2
1838,IMG_20240108_114744_1838,frontal1,IMG_20240108_114744_1838_frontal1.jpg,450.5963043388285,76.89509825738,1444.0,711.0,733.0,18.0,17.0,57.0,62.0,3.1666666666666665,3.6470588235294117,0.24421361974382375,0.12024645681292152,0.12396716293090222,0.2340851420691494,0.22108041195419667,0.7412696165523065,0.8062932671270702,2
1839,IMG_20240108_115624_1839,frontal1,IMG_20240108_115624_1839_frontal1.jpg,517.2377743633409,88.27065023849389,2265.0,1191.0,1074.0,26.0,28.0,70.0,66.0,2.6923076923076925,2.357142857142857,0.2906936565243328,0.1528548101194174,0.13783884640491545,0.2945486402303818,0.31720622794041115,0.793015569851028,0.7477003944309691,2
1840,IMG_20240108_120201_1840,frontal1,IMG_20240108_120201_1840_frontal1.jpg,521.8311582373709,88.98591904532458,2313.0,1239.0,1074.0,25.0,22.0,65.0,68.0,2.6,3.090909090909091,0.29210100580057136,0.15646915096710243,0.13563185483346893,0.28094332528347954,0.247230126249462,0.7304526457370468,0.7641658447710643,2
1841,IMG_20240108_120648_1841,frontal1,IMG_20240108_120648_1841_frontal1.jpg,492.4060620577585,84.02393399324774,2278.0,1198.0,1080.0,25.0,20.0,70.0,71.0,2.8,3.55,0.3226619076526687,0.16968786890601278,0.15297403874665594,0.2975342716279986,0.2380274173023989,0.8330959605583962,0.8449973314235161,2
1842,IMG_20240108_123744_1842,frontal1,IMG_20240108_123744_1842_frontal1.jpg,534.9607723362985,91.29106727564466,2248.0,1054.0,1194.0,23.0,22.0,61.0,76.0,2.652173913043478,3.4545454545454546,0.26973651249919217,0.1264689876219522,0.14326752487723998,0.25194140770151907,0.24098743345362694,0.6681924291214202,0.8325020428398022,2
1843,IMG_20240108_125935_1843,frontal1,IMG_20240108_125935_1843_frontal1.jpg,482.3616825200504,82.22227595589123,1286.0,634.0,652.0,15.0,17.0,55.0,54.0,3.6666666666666665,3.176470588235294,0.19022254173028788,0.09378000890902218,0.0964425328212657,0.18243231320970565,0.20675662163766642,0.6689184817689208,0.6567563275549404,2
1844,IMG_20240108_133756_1844,frontal1,IMG_20240108_133756_1844_frontal1.jpg,494.8727170917065,84.44847352047351,2054.0,1127.0,927.0,22.0,18.0,72.0,72.0,3.272727272727273,4.0,0.2880161440729869,0.1580302796349836,0.12998586443800336,0.2605138859575285,0.21314772487434147,0.8525908994973659,0.8525908994973659,2
1845,IMG_20240108_135631_1845,frontal1,IMG_20240108_135631_1845_frontal1.jpg,484.1108959786823,82.6078376417177,1653.0,710.0,943.0,16.0,23.0,64.0,65.0,4.0,2.8260869565217392,0.2422313476072039,0.10404371252336042,0.1381876350838435,0.19368622223709991,0.27842394446583113,0.7747448889483997,0.7868502778382184,2
1846,IMG_20240108_135700_1846,frontal1,IMG_20240108_135700_1846_frontal1.jpg,496.9968674031216,84.75646374207653,2598.0,1559.0,1039.0,25.0,23.0,83.0,72.0,3.32,3.130434782608696,0.36165418052698095,0.21702034928466638,0.14463383124231455,0.29496275441691167,0.27136573406355874,0.9792763446641468,0.8494927327207057,2
1847,IMG_20240109_090509_1847,frontal1,IMG_20240109_090509_1847_frontal1.jpg,418.5090684172575,71.34996536015662,867.0,512.0,355.0,15.0,13.0,44.0,38.0,2.933333333333333,2.923076923076923,0.17030663352404807,0.10057323686771927,0.06973339665632879,0.21023135644542762,0.18220050891937062,0.6166786455732544,0.5325861029950834,2
1848,IMG_20240109_091449_1848,frontal1,IMG_20240109_091449_1848_frontal1.jpg,421.6705735170104,71.93592905102597,843.0,443.0,400.0,13.0,13.0,47.0,42.0,3.6153846153846154,3.230769230769231,0.16290554264833784,0.08560753901923329,0.07729800362910455,0.1807163704075994,0.1807163704075994,0.6533591853197825,0.5838528890091673,2
1849,IMG_20240109_091543_1849,frontal1,IMG_20240109_091543_1849_frontal1.jpg,472.5897819041239,80.63605137633161,1745.0,825.0,920.0,21.0,22.0,59.0,56.0,2.8095238095238093,2.5454545454545454,0.268371828713482,0.12688066400494133,0.14149116470854065,0.26042941887112225,0.27283081976974716,0.7316826530188674,0.6944784503229927,2
1850,IMG_20240109_100753_1850,frontal1,IMG_20240109_100753_1850_frontal1.jpg,500.5986793504869,85.32123506776708,1216.0,407.0,809.0,12.0,18.0,45.0,57.0,3.75,3.1666666666666665,0.16703954872413776,0.05590879632460861,0.11113075239952915,0.14064494015433443,0.21096741023150165,0.5274185255787541,0.6680634657330885,2
1851,IMG_20240109_102745_1851,frontal1,IMG_20240109_102745_1851_frontal1.jpg,604.3969578728749,103.14988314981396,2663.0,1242.0,1421.0,24.0,29.0,73.0,75.0,3.0416666666666665,2.586206896551724,0.2502843449658024,0.11673043802010008,0.13355390694570227,0.23267113124251063,0.28114428358470034,0.7077080241959699,0.7270972851328458,2
1852,IMG_20240109_103601_1852,frontal1,IMG_20240109_103601_1852_frontal1.jpg,416.2962505489714,71.03065444360678,1257.0,625.0,632.0,18.0,18.0,49.0,48.0,2.7222222222222223,2.6666666666666665,0.24914010636657724,0.12387634564766171,0.1252637607189155,0.2534117155613525,0.2534117155613525,0.6898430034725707,0.6757645748302733,2
1853,IMG_20240109_104359_1853,frontal1,IMG_20240109_104359_1853_frontal1.jpg,542.0076980321878,92.5018294774673,2830.0,1568.0,1262.0,24.0,24.0,83.0,72.0,3.4583333333333335,3.0,0.3307392910536884,0.18325060366508247,0.14748868738860593,0.25945432793679185,0.25945432793679185,0.8972795507814052,0.7783629838103756,2
1854,IMG_20240109_104711_1854,frontal1,IMG_20240109_104711_1854_frontal1.jpg,351.08194883069854,59.917324199989245,949.0,266.0,683.0,15.0,20.0,33.0,53.0,2.2,2.65,0.2643390907395362,0.07409293797335789,0.19024615276617834,0.2503449578277845,0.3337932771037127,0.550758907221126,0.8845521843248386,2
1855,IMG_20240109_110204_1855,frontal1,IMG_20240109_110204_1855_frontal1.jpg,435.34489942588846,74.29878089242874,722.0,206.0,516.0,7.0,15.0,36.0,51.0,5.142857142857143,3.4,0.13078978380586279,0.03731675272023232,0.09347303108563047,0.09421419727107959,0.20188756558088483,0.4845301573941236,0.6864177229750085,2
1856,IMG_20240109_110251_1856,frontal1,IMG_20240109_110251_1856_frontal1.jpg,663.6629985380772,113.23307418236959,3591.0,1385.0,2206.0,23.0,35.0,78.0,94.0,3.391304347826087,2.6857142857142855,0.2800714299243459,0.10801975228215513,0.1720516776421908,0.20312086522491593,0.30909696882052423,0.6888446733714539,0.830146144832265,2
1857,IMG_20240109_112800_1857,frontal1,IMG_20240109_112800_1857_frontal1.jpg,580.6933152311906,99.10430629686464,2758.0,1264.0,1494.0,26.0,26.0,68.0,78.0,2.6153846153846154,3.0,0.2808078277712683,0.12869510308298882,0.1521127246882795,0.262349851096456,0.262349851096456,0.6861457644061156,0.7870495532893679,2
1858,IMG_20240109_115157_1858,frontal1,IMG_20240109_115157_1858_frontal1.jpg,476.65896260277896,81.3497412143341,1897.0,1009.0,888.0,22.0,22.0,67.0,57.0,3.0454545454545454,2.590909090909091,0.28665200211993325,0.15246803908224177,0.13418396303769148,0.2704372462849768,0.2704372462849768,0.823604340958793,0.7006783199201672,2
1859,IMG_20240109_121721_1859,frontal1,IMG_20240109_121721_1859_frontal1.jpg,431.1429932747056,73.49530732076612,413.0,,413.0,,15.0,,36.0,,2.4,0.07645939040716898,,0.07645939040716898,,0.2040946632760286,,0.48982719186246865,1
1860,IMG_20240109_123107_1860,frontal1,IMG_20240109_123107_1860_frontal1.jpg,519.4974847616426,88.65055074215383,1727.0,793.0,934.0,18.0,23.0,62.0,61.0,3.4444444444444446,2.652173913043478,0.2197502923711524,0.1009044480893595,0.11884584428179291,0.20304442385647697,0.25944565270549835,0.6993752377278651,0.6880949919580608,2
1861,IMG_20240109_131736_1861,frontal1,IMG_20240109_131736_1861_frontal1.jpg,563.16584272413,96.06672608807021,2281.0,1093.0,1188.0,22.0,21.0,68.0,76.0,3.090909090909091,3.619047619047619,0.24716063623828313,0.11843339561965956,0.12872724061862356,0.22900749193671138,0.21859806048504268,0.7078413387134715,0.7911167903268211,2
1862,IMG_20240110_084839_1862,frontal1,IMG_20240110_084839_1862_frontal1.jpg,399.28845308496057,68.11153601134873,675.0,297.0,378.0,9.0,14.0,48.0,40.0,5.333333333333333,2.857142857142857,0.14549980930825715,0.06401991609563315,0.08147989321262401,0.1321362066845831,0.20554521039824036,0.7047264356511098,0.5872720297092582,2
1863,IMG_20240110_090842_1863,frontal1,IMG_20240110_090842_1863_frontal1.jpg,604.9358074843637,103.18011436131209,3064.0,1731.0,1333.0,35.0,26.0,80.0,77.0,2.2857142857142856,2.9615384615384617,0.2878039506644714,0.1625942031984987,0.12520974746597271,0.33921264980806637,0.25198653985742075,0.7753431995612946,0.7462678295777461,2
1864,IMG_20240110_095245_1864,frontal1,IMG_20240110_095245_1864_frontal1.jpg,532.3822711461902,90.85934748446356,2704.0,1229.0,1475.0,26.0,30.0,70.0,78.0,2.6923076923076925,2.6,0.32754234965271445,0.148871874157983,0.17867047549473145,0.2861565784901312,0.3301806674886129,0.7704215574734301,0.8584697354703936,2
1865,IMG_20240110_104305_1865,frontal1,IMG_20240110_104305_1865_frontal1.jpg,506.8365740219199,86.4189067546412,1973.0,954.0,1019.0,20.0,24.0,61.0,65.0,3.05,2.7083333333333335,0.26418584792952515,0.12774115505563458,0.13644469287389058,0.23143083789272634,0.2777170054712716,0.7058640555728153,0.7521502231513606,2
1866,IMG_20240110_105144_1866,frontal1,IMG_20240110_105144_1866_frontal1.jpg,375.1131573075535,63.9446826824131,771.0,325.0,446.0,17.0,15.0,32.0,43.0,1.8823529411764706,2.8666666666666667,0.18855823525170143,0.07948304339403756,0.10907519185766386,0.26585478708889676,0.23457775331373246,0.5004325404026292,0.6724562261660331,2
1867,IMG_20240110_112814_1867,frontal1,IMG_20240110_112814_1867_frontal1.jpg,476.6805455820852,81.11781701988629,1894.0,1012.0,882.0,22.0,21.0,64.0,55.0,2.909090909090909,2.619047619047619,0.28783756044345943,0.1537970491915422,0.1340405112519172,0.27121045422865153,0.2588827063091674,0.7889758668469863,0.6780261355716288,2
1868,IMG_20240110_124454_1868,frontal1,IMG_20240110_124454_1868_frontal1.jpg,442.3779221414015,75.49465074766812,1147.0,592.0,555.0,18.0,15.0,52.0,52.0,2.888888888888889,3.466666666666667,0.20124776097972136,0.10386981211856586,0.0973779488611555,0.2384274888582882,0.19868957404857351,0.6887905233683882,0.6887905233683882,2
1869,IMG_20240110_124951_1869,frontal1,IMG_20240110_124951_1869_frontal1.jpg,436.7997568805319,74.52143212222734,1086.0,556.0,530.0,14.0,13.0,53.0,53.0,3.7857142857142856,4.076923076923077,0.19555433172708847,0.10011805565401584,0.09543627607307265,0.18786541805903179,0.1744464596262438,0.7112047969377632,0.7112047969377632,2
1870,IMG_20240111_084305_1870,frontal1,IMG_20240111_084305_1870_frontal1.jpg,480.46396627328846,81.9165751291739,2067.0,764.0,1303.0,19.0,25.0,58.0,72.0,3.0526315789473686,2.88,0.3080327575006534,0.11385439125810314,0.19417836624255025,0.2319432907203332,0.3051885404214911,0.7080374137778592,0.8789429964138943,2
1871,IMG_20240111_085104_1871,frontal1,IMG_20240111_085104_1871_frontal1.jpg,551.6412519549413,94.13491214658025,2956.0,1440.0,1516.0,22.0,24.0,86.0,84.0,3.909090909090909,3.5,0.3335822905648727,0.1625028749707093,0.1710794155941634,0.2337071284003872,0.2549532309822406,0.9135824110196955,0.8923363084378421,2
1872,IMG_20240111_085141_1872,frontal1,IMG_20240111_085141_1872_frontal1.jpg,568.1871043259677,96.96830816520189,2961.0,1576.0,1385.0,31.0,28.0,80.0,77.0,2.5806451612903225,2.75,0.31490443024335146,0.16760870721496857,0.1472957230283829,0.31969207864476984,0.2887541355501147,0.8250118158574705,0.7940738727628154,2
1873,IMG_20240111_090249_1873,frontal1,IMG_20240111_090249_1873_frontal1.jpg,490.57698924647,83.72177674327666,2170.0,882.0,1288.0,20.0,28.0,58.0,65.0,2.9,2.3214285714285716,0.30958710363339914,0.1258321776058332,0.18375492602756593,0.23888647348380734,0.3344410628773303,0.6927707731030414,0.7763810388223739,2
1874,IMG_20240111_091540_1874,frontal1,IMG_20240111_091540_1874_frontal1.jpg,662.9323129189605,113.13972439427016,3426.0,1798.0,1628.0,25.0,23.0,91.0,90.0,3.64,3.9130434782608696,0.26764376199274287,0.14046219616548503,0.12718156582725784,0.22096571415429483,0.20328845702195125,0.8043151995216332,0.7954765709554614,2
1875,IMG_20240111_092348_1875,frontal1,IMG_20240111_092348_1875_frontal1.jpg,463.7184460663628,78.93617976799887,1737.0,1022.0,715.0,26.0,17.0,65.0,57.0,2.5,3.3529411764705883,0.27877101089454126,0.1640207099218314,0.11475030097270984,0.32938001403686545,0.21536385533179664,0.8234500350921636,0.7221023384654358,2
1876,IMG_20240111_110102_1876,frontal1,IMG_20240111_110102_1876_frontal1.jpg,484.5482080653581,82.68087541268432,1569.0,805.0,764.0,16.0,18.0,66.0,61.0,4.125,3.388888888888889,0.22951591793206488,0.11775673290969549,0.11175918502236938,0.193515125718485,0.2177045164332956,0.7982498935887505,0.737776416801724,2
1877,IMG_20240111_110139_1877,frontal1,IMG_20240111_110139_1877_frontal1.jpg,571.2259172723185,97.48732911878804,1961.0,830.0,1131.0,17.0,22.0,68.0,77.0,4.0,3.5,0.20633896580611968,0.08733367752120313,0.11900528828491655,0.17438163660515868,0.22567035325373477,0.6975265464206347,0.7898462363880716,2
1878,IMG_20240111_110641_1878,frontal1,IMG_20240111_110641_1878_frontal1.jpg,524.6501824124759,89.36916356741844,2422.0,1066.0,1356.0,26.0,28.0,64.0,72.0,2.4615384615384617,2.5714285714285716,0.30324856350561963,0.13346943381378634,0.16977912969183329,0.2909280893110976,0.31330717310425893,0.7161306813811633,0.8056470165538087,2
1879,IMG_20240111_112058_1879,frontal1,IMG_20240111_112058_1879_frontal1.jpg,409.1115197785001,69.78465583469311,420.0,,420.0,,18.0,,33.0,,1.8333333333333333,0.08624410277515131,,0.08624410277515131,,0.2579363584258215,,0.4728833237806728,1
1880,IMG_20240111_113230_1880,frontal1,IMG_20240111_113230_1880_frontal1.jpg,421.8376863991118,71.95450805625684,1276.0,715.0,561.0,16.0,16.0,61.0,48.0,3.8125,3.0,0.24645331137076923,0.13809883826810346,0.10835447310266579,0.22236271822594597,0.22236271822594597,0.847757863236419,0.6670881546778379,2
1881,IMG_20240111_115331_1881,frontal1,IMG_20240111_115331_1881_frontal1.jpg,447.6271390352405,76.35988245697712,1429.0,970.0,459.0,21.0,13.0,65.0,49.0,3.0952380952380953,3.769230769230769,0.24507653214159678,0.1663570582066822,0.07871947393491457,0.27501351919749056,0.17024646426511322,0.851232321325566,0.6416982114608113,2
1882,IMG_20240111_120108_1882,frontal1,IMG_20240111_120108_1882_frontal1.jpg,397.0607893873566,67.6884948810387,1294.0,662.0,632.0,21.0,19.0,47.0,49.0,2.238095238095238,2.5789473684210527,0.2824259263056126,0.1444868340141542,0.1379390922914584,0.31024474745534114,0.28069762865007053,0.6943572919238588,0.7239044107291293,2
1883,IMG_20240111_130014_1883,frontal1,IMG_20240111_130014_1883_frontal1.jpg,434.1560722886639,74.09429763834586,978.0,656.0,322.0,19.0,15.0,48.0,43.0,2.526315789473684,2.8666666666666667,0.17814321407143946,0.11949074481683464,0.05865246925460481,0.2564299899668253,0.2024447289211779,0.6478231325477692,0.5803415562407099,2
1884,IMG_20240111_130051_1884,frontal1,IMG_20240111_130051_1884_frontal1.jpg,544.0793315708225,92.82997303039302,2537.0,1217.0,1320.0,26.0,25.0,69.0,76.0,2.6538461538461537,3.04,0.2944042117038048,0.14122582800296826,0.15317838370083656,0.2800819514564274,0.26930956870810324,0.743294409634365,0.8187010888726338,2
1885,IMG_20240111_131608_1885,frontal1,IMG_20240111_131608_1885_frontal1.jpg,570.7754486443719,97.41220086723467,2817.0,1364.0,1453.0,26.0,28.0,76.0,74.0,2.923076923076923,2.642857142857143,0.29686577781282436,0.14374331591646874,0.15312246189635562,0.26690701748373385,0.28743832652094414,0.7801897434139913,0.759658434376781,2
1886,IMG_20240111_144200_1886,frontal1,IMG_20240111_144200_1886_frontal1.jpg,561.3527991911373,95.78550953612076,1530.0,573.0,957.0,14.0,21.0,55.0,70.0,3.9285714285714284,3.3333333333333335,0.16675996801327544,0.06245324292261885,0.10430672509065661,0.14615989482960984,0.21923984224441476,0.5741995868306101,0.7307994741480492,2
1887,IMG_20240111_150542_1887,frontal1,IMG_20240111_150542_1887_frontal1.jpg,584.3023474931465,99.72027889451816,2389.0,960.0,1429.0,19.0,25.0,68.0,79.0,3.5789473684210527,3.16,0.24024213617016452,0.09653932638064376,0.14370280978952077,0.1905329609045495,0.2507012643480914,0.6819074390268087,0.7922159953399689,2
1888,IMG_20240111_151425_1888,frontal1,IMG_20240111_151425_1888_frontal1.jpg,524.7168265473439,89.52590582605315,1579.0,756.0,823.0,22.0,20.0,51.0,60.0,2.3181818181818183,3.0,0.1970083720007586,0.09432446436515105,0.10268390763560754,0.24573892659344337,0.22339902417585764,0.569667511648437,0.6701970725275729,2
1889,IMG_20240115_094447_1889,frontal1,IMG_20240115_094447_1889_frontal1.jpg,510.77272093325934,87.16988718668976,1171.0,430.0,741.0,14.0,18.0,46.0,60.0,3.2857142857142856,3.3333333333333335,0.15410755394527043,0.05658945191841699,0.09751810202685346,0.1606059208269539,0.20649332677751217,0.52770516843142,0.6883110892583739,2
1890,IMG_20240115_100047_1890,frontal1,IMG_20240115_100047_1890_frontal1.jpg,564.0464139535513,96.26148907372705,3571.0,1771.0,1800.0,31.0,31.0,82.0,82.0,2.6451612903225805,2.6451612903225805,0.3853760306029224,0.1911232008394779,0.1942528297634445,0.32203948119124753,0.32203948119124753,0.8518463696026547,0.8518463696026547,2
1891,IMG_20240115_101421_1891,frontal1,IMG_20240115_101421_1891_frontal1.jpg,404.6937437998515,68.98063885299467,1255.0,507.0,748.0,13.0,19.0,53.0,53.0,4.076923076923077,2.789473684210526,0.2637480767364949,0.10655001984494257,0.15719805689155233,0.18845867791547175,0.27543960618415103,0.7683315330400002,0.7683315330400002,2
1892,IMG_20240115_103159_1892,frontal1,IMG_20240115_103159_1892_frontal1.jpg,403.7389604991043,68.90323496903046,1105.0,467.0,638.0,12.0,16.0,52.0,55.0,4.333333333333333,3.4375,0.23274644352150833,0.09836433404936144,0.1343821094721469,0.17415728021178642,0.23220970694904858,0.7546815475844079,0.7982208676373544,2
1893,IMG_20240115_104522_1893,frontal1,IMG_20240115_104522_1893_frontal1.jpg,373.71852036814255,63.726350788042105,949.0,470.0,479.0,15.0,17.0,44.0,43.0,2.933333333333333,2.5294117647058822,0.23368353447137416,0.11573367882143926,0.1179498556499349,0.23538143663507352,0.26676562818641664,0.6904522141295489,0.6747601183538774,2
1894,IMG_20240115_111652_1894,frontal1,IMG_20240115_111652_1894_frontal1.jpg,510.7045653549031,87.12132507159782,2300.0,1388.0,912.0,28.0,21.0,76.0,65.0,2.7142857142857144,3.0952380952380953,0.3030253012271682,0.1828691817840476,0.12015611944312062,0.3213908876728988,0.2410431657546741,0.8723466951121539,0.7460859892406579,2
1895,IMG_20240115_112011_1895,frontal1,IMG_20240115_112011_1895_frontal1.jpg,520.2017693873689,88.77860330483549,2115.0,993.0,1122.0,20.0,22.0,74.0,77.0,3.7,3.5,0.26834515296122735,0.12598900089385284,0.1423561520673745,0.22527950717276787,0.24780745789004466,0.8335341765392411,0.8673261026151563,2
1896,IMG_20240115_112327_1896,frontal1,IMG_20240115_112327_1896_frontal1.jpg,516.3060753824877,88.08041297867287,2215.0,1247.0,968.0,26.0,25.0,70.0,67.0,2.6923076923076925,2.68,0.2855058728537535,0.16073400607161656,0.12477186678213699,0.2951848103425156,0.283831548406265,0.794728335537542,0.7606685497287902,2
1897,IMG_20240115_112737_1897,frontal1,IMG_20240115_112737_1897_frontal1.jpg,356.1801941705309,60.65942076358241,501.0,,501.0,,16.0,,46.0,,2.875,0.1361573869263629,,0.1361573869263629,,0.26376776762111426,,0.7583323319107036,1
1898,IMG_20240115_120734_1898,frontal1,IMG_20240115_120734_1898_frontal1.jpg,534.4185985035954,91.17803474867353,2490.0,1360.0,1130.0,24.0,26.0,76.0,70.0,3.1666666666666665,2.6923076923076925,0.2995152176370085,0.1635906409583661,0.1359245766786424,0.2632212908092884,0.2851563983767291,0.8335340875627467,0.7677287648604246,2
1899,IMG_20240118_092856_1899,frontal1,IMG_20240118_092856_1899_frontal1.jpg,385.9769097625216,65.87149901703313,834.0,337.0,497.0,13.0,17.0,39.0,43.0,3.0,2.5294117647058822,0.1922077776474507,0.0776666919270874,0.11454108572036331,0.1973539420537317,0.2580782319164184,0.5920618261611951,0.6527861160238817,2
1900,IMG_20240118_100711_1900,frontal1,IMG_20240118_100711_1900_frontal1.jpg,413.451257762419,70.5056468119379,993.0,756.0,237.0,18.0,10.0,62.0,32.0,3.4444444444444446,3.2,0.19975674205842797,0.1520806616275645,0.04767608043086347,0.25529870037235475,0.14183261131797484,0.8793621901714441,0.4538643562175195,2
1901,IMG_20240118_102903_1901,frontal1,IMG_20240118_102903_1901_frontal1.jpg,414.2084141785457,70.53752575807316,1130.0,610.0,520.0,16.0,16.0,53.0,44.0,3.3125,2.75,0.22711091120204002,0.12259969542764992,0.1045112157743901,0.22682961768287951,0.22682961768287951,0.7513731085745383,0.6237814486279186,2
1902,IMG_20240118_104401_1902,frontal1,IMG_20240118_104401_1902_frontal1.jpg,592.0801563607562,100.98527013266717,2660.0,1335.0,1325.0,30.0,26.0,65.0,75.0,2.1666666666666665,2.8846153846153846,0.26083482403709524,0.13090770304117375,0.12992712099592152,0.29707302818112147,0.2574632910903053,0.6436582277257632,0.7426825704528037,2
1904,IMG_20240118_105925_1904,frontal1,IMG_20240118_105925_1904_frontal1.jpg,453.765239975234,77.44198481506585,1600.0,668.0,932.0,16.0,21.0,59.0,64.0,3.6875,3.0476190476190474,0.2667884550585158,0.11138417998693033,0.15540427507158544,0.20660627485476457,0.2711707357468785,0.7618606385269444,0.8264250994190583,2
1905,IMG_20240118_110614_1905,frontal1,IMG_20240118_110614_1905_frontal1.jpg,444.546326909104,75.86795473674448,788.0,175.0,613.0,10.0,18.0,26.0,49.0,2.6,2.7222222222222223,0.13690189655900353,0.030403339971859924,0.10649855658714362,0.13180795547605273,0.2372543198568949,0.3427006842377371,0.6458589818326583,2
1906,IMG_20240118_111113_1906,frontal1,IMG_20240118_111113_1906_frontal1.jpg,467.8557196721424,79.80196688182009,865.0,440.0,425.0,12.0,14.0,50.0,42.0,4.166666666666667,3.0,0.13582787814712477,0.06909163743899988,0.06673624070812488,0.150372233528667,0.17543427245011148,0.6265509730361124,0.5263028173503345,2
1907,IMG_20240118_111738_1907,frontal1,IMG_20240118_111738_1907_frontal1.jpg,559.8039368044595,95.53062629295276,2247.0,1127.0,1120.0,23.0,23.0,70.0,69.0,3.0434782608695654,3.0,0.24621687929535177,0.12349195503598641,0.12272492425936538,0.24076048585161108,0.24076048585161108,0.7327493047657729,0.7222814575548333,2
1908,IMG_20240118_111816_1908,frontal1,IMG_20240118_111816_1908_frontal1.jpg,524.9055581658608,89.58089603499079,2312.0,1386.0,926.0,27.0,21.0,71.0,69.0,2.6296296296296298,3.2857142857142856,0.2881091329087532,0.17271594213301553,0.11539319077573765,0.3014035491390224,0.23442498266368406,0.7925797032915033,0.7702535144663906,2
1909,IMG_20240118_113405_1909,frontal1,IMG_20240118_113405_1909_frontal1.jpg,551.9312293987349,94.19202217610543,2067.0,1082.0,985.0,22.0,21.0,65.0,70.0,2.9545454545454546,3.3333333333333335,0.2329765636286498,0.12195483398461494,0.11102172964403487,0.233565428278712,0.2229488179024069,0.6900796744598309,0.7431627263413563,2
1910,IMG_20240118_121841_1910,frontal1,IMG_20240118_121841_1910_frontal1.jpg,400.26756180555554,68.30163114858625,991.0,341.0,650.0,15.0,19.0,36.0,50.0,2.4,2.6315789473684212,0.21242787447075057,0.07309576709841165,0.13933210737233892,0.2196140816515548,0.27817783675863605,0.5270737959637315,0.732046938838516,2
1911,IMG_20240118_122921_1911,frontal1,IMG_20240118_122921_1911_frontal1.jpg,417.0776437964036,71.17912517096276,633.0,288.0,345.0,12.0,13.0,36.0,38.0,3.0,2.923076923076923,0.12493911290440086,0.0568443357290165,0.06809477717538436,0.1685887536714957,0.18263781647745367,0.5057662610144871,0.533864386626403,2
1912,IMG_20240118_123011_1912,frontal1,IMG_20240118_123011_1912_frontal1.jpg,370.6595917103048,63.16090640455373,685.0,314.0,371.0,15.0,16.0,34.0,33.0,2.2666666666666666,2.0625,0.17170931822603883,0.07871054879266598,0.09299876943337286,0.23748867541455265,0.25332125377552284,0.538307664272986,0.5224750859120159,2
1913,IMG_20240118_124054_1913,frontal1,IMG_20240118_124054_1913_frontal1.jpg,547.0202504475106,93.35802306066861,1873.0,626.0,1247.0,18.0,21.0,59.0,82.0,3.2777777777777777,3.9047619047619047,0.21489904437513102,0.07182424013819115,0.14307480423693986,0.19280613931062698,0.22494049586239814,0.6319756788514996,0.8783390790817451,2
1914,IMG_20240119_085957_1914,frontal1,IMG_20240119_085957_1914_frontal1.jpg,417.2101129316469,71.1947535299404,1109.0,581.0,528.0,14.0,15.0,52.0,50.0,3.7142857142857144,3.3333333333333335,0.21879407872487877,0.11462521166740718,0.10416886705747158,0.1966437034452603,0.2106896822627789,0.7303908985109668,0.7022989408759297,2
1915,IMG_20240119_091603_1915,frontal1,IMG_20240119_091603_1915_frontal1.jpg,426.1601834051253,72.50094436802358,1210.0,665.0,545.0,19.0,16.0,52.0,48.0,2.736842105263158,3.0,0.23019614330797708,0.12651275644611965,0.10368338686185745,0.2620655519127268,0.22068678055808572,0.7172320368137786,0.6620603416742571,2
1916,IMG_20240119_093129_1916,frontal1,IMG_20240119_093129_1916_frontal1.jpg,567.9125664335401,96.84075429099977,2356.0,1198.0,1158.0,21.0,23.0,70.0,78.0,3.3333333333333335,3.391304347826087,0.25122274643442705,0.12774399415468746,0.12347875227973962,0.21685085121184056,0.23750331323201584,0.7228361707061352,0.8054460187868363,2
1917,IMG_20240119_094726_1917,frontal1,IMG_20240119_094726_1917_frontal1.jpg,414.2069598741693,70.53182092138834,842.0,314.0,528.0,12.0,15.0,41.0,50.0,3.4166666666666665,3.3333333333333335,0.16925515277394182,0.06311890495370277,0.10613624782023906,0.17013597328466354,0.21266996660582943,0.5812979087226005,0.7088998886860981,2
1918,IMG_20240119_103418_1918,frontal1,IMG_20240119_103418_1918_frontal1.jpg,463.3048494369258,79.06711607577208,1162.0,391.0,771.0,11.0,17.0,45.0,61.0,4.090909090909091,3.588235294117647,0.18587215369607352,0.0625439002540144,0.12332825344205911,0.13912231210581164,0.21500720961807254,0.5691367313419567,0.7714964580413192,2
1919,IMG_20240119_104037_1919,frontal1,IMG_20240119_104037_1919_frontal1.jpg,485.5188181416365,82.84984939732269,1046.0,421.0,625.0,13.0,17.0,45.0,55.0,3.4615384615384617,3.235294117647059,0.15238711179704875,0.06133362721468214,0.0910534845823666,0.15691036368281072,0.20519047558521403,0.5431512589020372,0.6638515386580454,2
1920,IMG_20240119_104450_1920,frontal1,IMG_20240119_104450_1920_frontal1.jpg,449.2356544338057,76.66705008606817,1843.0,889.0,954.0,17.0,21.0,64.0,63.0,3.764705882352941,3.0,0.31355073901706054,0.15124612424642803,0.16230461477063254,0.22173802149574573,0.2739116736123918,0.8347784338663369,0.8217350208371754,2
1921,IMG_20240119_105225_1921,frontal1,IMG_20240119_105225_1921_frontal1.jpg,356.3959885774639,60.82356253783205,250.0,250.0,,13.0,,34.0,,2.6153846153846154,,0.06757659434322655,0.06757659434322655,,0.2137329590307053,,0.5589938928495369,,1
1922,IMG_20240119_110707_1922,frontal1,IMG_20240119_110707_1922_frontal1.jpg,543.0332702181124,92.67169483016878,2577.0,1364.0,1213.0,26.0,24.0,76.0,71.0,2.923076923076923,2.9583333333333335,0.30006836169656687,0.15882547355611845,0.14124288814044844,0.2805603161531458,0.2589787533721346,0.8200993856784262,0.7661454787258982,2
1923,IMG_20240119_111358_1923,frontal1,IMG_20240119_111358_1923_frontal1.jpg,387.3023205568982,66.09955514499948,1007.0,468.0,539.0,12.0,13.0,52.0,55.0,4.333333333333333,4.230769230769231,0.23047954994559336,0.10711462698563823,0.12336492295995513,0.18154433828905753,0.196673033146479,0.786692132585916,0.8320782171581804,2
1924,IMG_20240119_114120_1924,frontal1,IMG_20240119_114120_1924_frontal1.jpg,475.5487438342777,81.15843199977142,2179.0,1050.0,1129.0,22.0,25.0,67.0,69.0,3.0454545454545454,2.76,0.33081861165073523,0.15941236449438825,0.17140624715634697,0.27107472948789796,0.30803946532715676,0.8255457670767802,0.8501889243029527,2
1925,IMG_20240119_115327_1925,frontal1,IMG_20240119_115327_1925_frontal1.jpg,384.2545535254595,65.56757288929808,1104.0,525.0,579.0,15.0,20.0,48.0,49.0,3.2,2.45,0.2567975393428129,0.12211839506791373,0.13467914427489916,0.2287716219925581,0.3050288293234108,0.7320691903761859,0.7473206318423564,2
1926,IMG_20240119_120152_1926,frontal1,IMG_20240119_120152_1926_frontal1.jpg,514.3033479851371,87.77422728763582,1975.0,1130.0,845.0,23.0,19.0,72.0,67.0,3.130434782608696,3.526315789473684,0.2563498515010587,0.1466710542765551,0.1096787972245036,0.2620359154473566,0.21646445189129457,0.8202863440091163,0.7633220145640387,2
1927,IMG_20240119_124531_1927,frontal1,IMG_20240119_124531_1927_frontal1.jpg,517.3023645759042,88.27954806507066,2796.0,1532.0,1264.0,29.0,25.0,74.0,73.0,2.5517241379310347,2.92,0.35877069730854444,0.19657965245947429,0.16219104484907015,0.3285019082633292,0.2831913002270079,0.8382462486719434,0.8269185966628632,2
1928,IMG_20240119_132355_1928,frontal1,IMG_20240119_132355_1928_frontal1.jpg,378.2969924561468,64.53494183779418,327.0,327.0,,12.0,,35.0,,2.9166666666666665,,0.07851595305776676,0.07851595305776676,,0.18594577849254884,,0.5423418539366008,,1
1929,IMG_20240119_132902_1929,frontal1,IMG_20240119_132902_1929_frontal1.jpg,354.7186476080128,60.52723567201698,709.0,374.0,335.0,13.0,12.0,40.0,38.0,3.076923076923077,3.1666666666666665,0.19352833294604016,0.10208687802795349,0.09144145491808668,0.21477934446641472,0.19825785643053667,0.6608595214351223,0.6278165453633662,2
1930,IMG_20240120_112528_1930,frontal1,IMG_20240120_112528_1930_frontal1.jpg,369.82380659716455,63.09195404288272,741.0,218.0,523.0,10.0,16.0,33.0,46.0,3.3,2.875,0.18615309077430317,0.05476568662455882,0.13138740414974434,0.15849881576346708,0.2535981052215473,0.5230460920194414,0.7290945525119485,2
1931,IMG_20240120_112947_1931,frontal1,IMG_20240120_112947_1931_frontal1.jpg,331.9706301868405,56.64110523798231,610.0,203.0,407.0,9.0,14.0,33.0,42.0,3.6666666666666665,3.0,0.19013689467095882,0.06327506494787646,0.12686182972308235,0.15889520450184988,0.2471703181139887,0.5826157498401162,0.7415109543419661,2
1932,IMG_20240120_113254_1932,frontal1,IMG_20240120_113254_1932_frontal1.jpg,339.5462498231388,57.91909239502767,1169.0,580.0,589.0,20.0,18.0,39.0,48.0,1.95,2.6666666666666665,0.34847450965405885,0.17289582172742013,0.17557868792663872,0.3453092783911958,0.3107783505520762,0.6733530928628317,0.8287422681388699,2
1933,IMG_20240120_113627_1933,frontal1,IMG_20240120_113627_1933_frontal1.jpg,357.2266184458499,60.96623500237089,837.0,359.0,478.0,16.0,16.0,41.0,45.0,2.5625,2.8125,0.22518875840121502,0.09658633723540765,0.1286024211658074,0.2624403491437151,0.2624403491437151,0.6725033946807699,0.7381134819666987,2
1934,IMG_20240120_113916_1934,frontal1,IMG_20240120_113916_1934_frontal1.jpg,374.47402358106206,63.8905635487697,1092.0,756.0,336.0,21.0,12.0,52.0,37.0,2.4761904761904763,3.0833333333333335,0.2675156541782627,0.1852031452003357,0.08231250897792698,0.3286870366070575,0.18782116377546143,0.8138917096936662,0.5791152549743395,2
1935,IMG_20240120_114201_1935,frontal1,IMG_20240120_114201_1935_frontal1.jpg,357.9489378547692,61.075814333735345,1163.0,546.0,617.0,15.0,19.0,52.0,52.0,3.466666666666667,2.736842105263158,0.3117749242088559,0.14637068668790656,0.16540423752094935,0.24559639791351454,0.31108877069045177,0.8514008461001837,0.8514008461001837,2
1936,IMG_20240120_114514_1936,frontal1,IMG_20240120_114514_1936_frontal1.jpg,357.9335146740429,61.06383650457111,227.0,227.0,,10.0,,33.0,,3.3,,0.06087762261012904,0.06087762261012904,,0.1637630481873084,,0.5404180590181177,,1
1937,IMG_20240120_114751_1937,frontal1,IMG_20240120_114751_1937_frontal1.jpg,372.9022478127999,63.60720841933792,1085.0,413.0,672.0,13.0,18.0,41.0,49.0,3.1538461538461537,2.7222222222222223,0.2681742450274616,0.10207922875238862,0.166095016275073,0.20437935138256638,0.282986794222015,0.6445810312834785,0.7703529398265964,2
1938,IMG_20240120_115030_1938,frontal1,IMG_20240120_115030_1938_frontal1.jpg,342.3605265459737,58.41076382466793,1005.0,508.0,497.0,16.0,14.0,44.0,48.0,2.75,3.4285714285714284,0.2945644220140057,0.14889425510757698,0.14567016690642867,0.27392211558861534,0.23968185114003843,0.7532858178686922,0.821766346765846,2
1940,IMG_20240120_115616_1940,frontal1,IMG_20240120_115616_1940_frontal1.jpg,377.83503663785945,64.45495973963264,834.0,286.0,548.0,12.0,16.0,35.0,48.0,2.9166666666666665,3.0,0.20074898942289293,0.06884197958626784,0.1319070098366251,0.18617651843200722,0.24823535790934295,0.5430148454266878,0.7447060737280289,2
1941,IMG_20240120_115910_1941,frontal1,IMG_20240120_115910_1941_frontal1.jpg,347.13620106840267,59.243312052449,482.0,482.0,,19.0,,46.0,,2.4210526315789473,,0.1373309353174424,0.1373309353174424,,0.32071130633579387,,0.7764589521813957,,1
1942,IMG_20240120_120232_1942,frontal1,IMG_20240120_120232_1942_frontal1.jpg,389.2893434292389,66.19390928444213,433.0,433.0,,14.0,,43.0,,3.0714285714285716,,0.09882158959967897,0.09882158959967897,,0.21149982152950872,,0.6496065946977768,,1
1943,IMG_20240120_120542_1943,frontal1,IMG_20240120_120542_1943_frontal1.jpg,392.5942604466685,66.98603063814129,1025.0,489.0,536.0,18.0,18.0,40.0,44.0,2.2222222222222223,2.4444444444444446,0.22843117720761522,0.10897838600441351,0.11945279120320172,0.2687127424706809,0.2687127424706809,0.5971394277126242,0.6568533704838866,2
1944,IMG_20240120_120810_1944,frontal1,IMG_20240120_120810_1944_frontal1.jpg,341.2976402044044,58.247833615320346,1195.0,456.0,739.0,16.0,20.0,40.0,56.0,2.5,2.8,0.3522154077077381,0.13440186269014945,0.21781354501758868,0.27468832756368267,0.3433604094546033,0.6867208189092066,0.9614091464728892,2
1946,IMG_20240120_123909_1946,frontal1,IMG_20240120_123909_1946_frontal1.jpg,352.2994391897663,60.125767448228444,1082.0,363.0,719.0,12.0,18.0,41.0,53.0,3.4166666666666665,2.9444444444444446,0.2992995026887962,0.10041194036601941,0.19888756232277677,0.19958165208174103,0.29937247812261153,0.6819039779459486,0.8814856300276895,2
1947,IMG_20240120_124213_1947,frontal1,IMG_20240120_124213_1947_frontal1.jpg,358.6091361625108,61.202497121824074,1022.0,375.0,647.0,14.0,18.0,44.0,55.0,3.142857142857143,3.0555555555555554,0.27284287146489,0.10011357808153987,0.17272929338335014,0.22874883637726226,0.2941056467707658,0.7189249143285386,0.8986561429106732,2
1948,IMG_20240120_124507_1948,frontal1,IMG_20240120_124507_1948_frontal1.jpg,385.95534220997416,65.84547507486859,1181.0,372.0,809.0,12.0,21.0,39.0,59.0,3.25,2.8095238095238093,0.27239430704517736,0.08580074701169008,0.18659356003348732,0.1822448693149466,0.31892852130115656,0.5922958252735765,0.8960372741318208,2
1949,IMG_20240120_124809_1949,frontal1,IMG_20240120_124809_1949_frontal1.jpg,403.6046919661324,68.86698888950635,874.0,340.0,534.0,11.0,16.0,40.0,47.0,3.6363636363636362,2.9375,0.18428468458276356,0.07168969423128102,0.11259499035148254,0.15972819746263267,0.23233192358201116,0.5808298089550279,0.6824750255221578,2
1950,IMG_20240120_125045_1950,frontal1,IMG_20240120_125045_1950_frontal1.jpg,349.19882480714506,59.59644762484975,1181.0,569.0,612.0,18.0,19.0,44.0,50.0,2.4444444444444446,2.6315789473684212,0.3325133992597236,0.16020332275934188,0.17231007650038177,0.3020314249820252,0.31881094859213766,0.7382990388449504,0.8389761805056255,2
1951,IMG_20240120_125327_1951,frontal1,IMG_20240120_125327_1951_frontal1.jpg,385.72317537511066,65.82942312372161,1326.0,449.0,877.0,17.0,23.0,38.0,60.0,2.235294117647059,2.608695652173913,0.3059873169103096,0.1036110899643507,0.20237622694595894,0.25824318660744966,0.34938784070419654,0.5772494759460639,0.9114465409674692,2
1952,IMG_20240120_125543_1952,frontal1,IMG_20240120_125543_1952_frontal1.jpg,404.0952481710723,68.90688260155946,870.0,235.0,635.0,11.0,16.0,30.0,55.0,2.727272727272727,3.4375,0.18322893086268832,0.04949287212957673,0.1337360587331116,0.15963572265495368,0.23219741477084174,0.43537015269532825,0.7981786132747685,2
1953,IMG_20240120_125829_1953,frontal1,IMG_20240120_125829_1953_frontal1.jpg,352.3334275558033,60.124891861974604,964.0,300.0,664.0,13.0,17.0,39.0,55.0,3.0,3.235294117647059,0.26666647329370297,0.08298749168891172,0.18367898160479126,0.21621660509333443,0.28274479127589885,0.6486498152800033,0.914762560010261,2
1954,IMG_20240120_130120_1954,frontal1,IMG_20240120_130120_1954_frontal1.jpg,367.1973659252433,62.66788305177973,866.0,387.0,479.0,12.0,14.0,44.0,50.0,3.6666666666666665,3.5714285714285716,0.22050977363859547,0.09854189653364485,0.1219678771049506,0.19148564488902434,0.22339991903719505,0.7021140312597559,0.7978568537042681,2
1955,IMG_20240120_130355_1955,frontal1,IMG_20240120_130355_1955_frontal1.jpg,389.7222069691914,66.50956532539442,1099.0,400.0,699.0,15.0,19.0,37.0,54.0,2.466666666666667,2.8421052631578947,0.2484445494996851,0.09042567770689175,0.15801887179279334,0.2255314694452342,0.28567319463063,0.556310957964911,0.8119132900028432,2
1956,IMG_20240120_130627_1956,frontal1,IMG_20240120_130627_1956_frontal1.jpg,385.4606188803828,65.76620302760001,1360.0,545.0,815.0,15.0,20.0,54.0,62.0,3.6,3.1,0.3144368020454077,0.1260059243490788,0.18843087769632885,0.2280806753235392,0.30410756709805226,0.8210904311647411,0.942733458003962,2
1957,IMG_20240120_130905_1957,frontal1,IMG_20240120_130905_1957_frontal1.jpg,349.8639863434649,59.65645560839104,361.0,361.0,,12.0,,46.0,,3.8333333333333335,,0.10143604510203456,0.10143604510203456,,0.2011517425502585,,0.771081679775991,,1
1958,IMG_20240120_131924_1958,frontal1,IMG_20240120_131924_1958_frontal1.jpg,521.4451020283734,88.62220553410715,2042.0,887.0,1155.0,20.0,25.0,58.0,77.0,2.9,3.08,0.25999837258211783,0.11293758887381905,0.14706078370829875,0.22567707358967498,0.2820963419870937,0.6544635134100574,0.8688567333202486,2
1959,IMG_20240120_132202_1959,frontal1,IMG_20240120_132202_1959_frontal1.jpg,515.3277827321097,87.94276853056114,1112.0,451.0,661.0,14.0,17.0,44.0,53.0,3.142857142857143,3.1176470588235294,0.14378199994245716,0.05831446220687786,0.0854675377355793,0.15919444240756234,0.19330753720918284,0.5003253904237673,0.6026646748286288,2
1960,IMG_20240120_132358_1960,frontal1,IMG_20240120_132358_1960_frontal1.jpg,504.3550647298966,86.06561767046196,2267.0,1101.0,1166.0,26.0,26.0,59.0,68.0,2.269230769230769,2.6153846153846154,0.30604982837224065,0.14863734496596248,0.15741248340627817,0.3020950840038332,0.3020950840038332,0.6855234598548523,0.7900948350869484,2
1961,IMG_20240120_132558_1961,frontal1,IMG_20240120_132558_1961_frontal1.jpg,517.4638595143252,88.30248893925085,1096.0,428.0,668.0,13.0,19.0,41.0,51.0,3.1538461538461537,2.6842105263157894,0.14056094366270303,0.05489058748871979,0.08567035617398322,0.14722121829367193,0.21516947289075128,0.4643130730800422,0.5775601640751745,2
1962,IMG_20240120_132806_1962,frontal1,IMG_20240120_132806_1962_frontal1.jpg,494.5992562767976,84.41160615536798,1209.0,423.0,786.0,16.0,21.0,39.0,57.0,2.4375,2.7142857142857144,0.1696766077347739,0.059365761018866293,0.11031084671590759,0.18954739435416504,0.24878095508984163,0.4620217737382773,0.675262592386713,2
1963,IMG_20240120_133011_1963,frontal1,IMG_20240120_133011_1963_frontal1.jpg,480.4108290653519,81.97986731664,948.0,242.0,706.0,10.0,17.0,30.0,60.0,3.0,3.5294117647058822,0.14105676359547376,0.03600816117099647,0.1050486024244773,0.12198116839316028,0.20736798626837247,0.3659435051794808,0.7318870103589616,2
1964,IMG_20240120_133235_1964,frontal1,IMG_20240120_133235_1964_frontal1.jpg,478.9052014191168,81.72942939838435,1878.0,794.0,1084.0,20.0,24.0,53.0,67.0,2.65,2.7916666666666665,0.28115036664609855,0.11886762040308958,0.16228274624300895,0.2447098939417698,0.2936518727301238,0.64848121894569,0.8197781447049289,2
1965,IMG_20240120_133442_1965,frontal1,IMG_20240120_133442_1965_frontal1.jpg,463.8208449903108,79.13049680417751,1607.0,699.0,908.0,16.0,23.0,55.0,61.0,3.4375,2.652173913043478,0.256642213319258,0.11163217617309355,0.14501003714616445,0.20219764371750182,0.29065911284390883,0.6950544002789125,0.7708785166729757,2
1966,IMG_20240120_133640_1966,frontal1,IMG_20240120_133640_1966_frontal1.jpg,551.2580869063114,94.07007016315774,1324.0,441.0,883.0,15.0,17.0,42.0,71.0,2.8,4.176470588235294,0.14961841483617314,0.049835136663710235,0.0997832781724629,0.15945560552876792,0.18071635293260363,0.44647569548055016,0.7547565328361681,2
1967,IMG_20240120_133711_1967,frontal1,IMG_20240120_133711_1967_frontal1.jpg,516.8167706442612,88.20025981548167,1794.0,933.0,861.0,21.0,19.0,58.0,64.0,2.761904761904762,3.3684210526315788,0.23061242880823954,0.11993388856080685,0.11067854024743269,0.2380945367273612,0.21541886656285059,0.657594434770807,0.7256214452643388,2
1968,IMG_20240120_134044_1968,frontal1,IMG_20240120_134044_1968_frontal1.jpg,505.3637464813414,86.24873390171184,1021.0,160.0,861.0,10.0,20.0,27.0,68.0,2.7,3.4,0.1372525067501108,0.02150871800197623,0.11574378874813458,0.11594373096996294,0.23188746193992588,0.3130480736188999,0.788417370595748,2
1969,IMG_20240120_134119_1969,frontal1,IMG_20240120_134119_1969_frontal1.jpg,469.1769288961967,80.04567746744571,1608.0,517.0,1091.0,17.0,21.0,41.0,68.0,2.411764705882353,3.238095238095238,0.2509633339468257,0.08068908187220701,0.17027425207461866,0.21237873846359584,0.2623502063373831,0.5122075457063194,0.8495149538543834,2
1970,IMG_20240120_134323_1970,frontal1,IMG_20240120_134323_1970_frontal1.jpg,465.333522140556,79.19654173393208,1198.0,487.0,711.0,17.0,18.0,40.0,57.0,2.3529411764705883,3.1666666666666665,0.19100484455259303,0.0776455419842344,0.11335930256835865,0.21465583758837642,0.22728265156416327,0.505072559031474,0.7197283966198503,2
1971,IMG_20240120_134355_1971,frontal1,IMG_20240120_134355_1971_frontal1.jpg,487.8856916504682,83.2655370649773,1400.0,667.0,733.0,18.0,17.0,56.0,65.0,3.111111111111111,3.823529411764706,0.2019284261997216,0.09620447162515308,0.10572395457456853,0.2161758710083558,0.20416610039678046,0.672547154248218,0.7806350897523959,2
1972,IMG_20240123_092502_1972,frontal1,IMG_20240123_092502_1972_frontal1.jpg,365.13358169405177,62.280702980622735,657.0,389.0,268.0,16.0,12.0,37.0,31.0,2.3125,2.5833333333333335,0.1693785293350165,0.10028652650125025,0.06909200283376624,0.25690140339260537,0.19267605254445402,0.5940844953453999,0.4977464690731729,2
1973,IMG_20240123_092811_1973,frontal1,IMG_20240123_092811_1973_frontal1.jpg,375.6203939599384,64.06007290017159,622.0,259.0,363.0,11.0,15.0,31.0,35.0,2.8181818181818183,2.3333333333333335,0.1515707946715292,0.06311388395486504,0.08845691071666414,0.1717138226979841,0.2341552127699783,0.48392077305795517,0.5463621631299493,2
1974,IMG_20240123_093101_1974,frontal1,IMG_20240123_093101_1974_frontal1.jpg,363.92767113362,62.078002197772,707.0,456.0,251.0,16.0,11.0,41.0,32.0,2.5625,2.909090909090909,0.18346108173253453,0.11832850533244094,0.06513257640009358,0.25774025312583665,0.1771964240240127,0.6604593986349564,0.5154805062516733,2
1975,IMG_20240123_093343_1975,frontal1,IMG_20240123_093343_1975_frontal1.jpg,380.0687273101423,64.84768384761068,1172.0,737.0,435.0,19.0,16.0,53.0,42.0,2.789473684210526,2.625,0.27870109402511994,0.17525828182296363,0.10344281220215629,0.2929942732364844,0.2467320195675658,0.8172998148175618,0.6476715513648602,2
1976,IMG_20240123_093627_1976,frontal1,IMG_20240123_093627_1976_frontal1.jpg,413.50082751911975,70.43394367049174,458.0,458.0,,13.0,,49.0,,3.769230769230769,,0.09232120548420324,0.09232120548420324,,0.1845700996215315,,0.6956872985734649,,1
1977,IMG_20240123_093918_1977,frontal1,IMG_20240123_093918_1977_frontal1.jpg,390.56906626426206,66.58295944825205,264.0,264.0,,11.0,,38.0,,3.4545454545454546,,0.059549447675882876,0.059549447675882876,,0.1652074358237132,,0.5707165964819183,,1
1978,IMG_20240123_094022_1978,frontal1,IMG_20240123_094022_1978_frontal1.jpg,446.1478963892808,76.12163127846142,662.0,488.0,174.0,16.0,10.0,42.0,25.0,2.625,2.5,0.11424621382258393,0.08421775278764496,0.03002846103493898,0.21018992540333528,0.13136870337708456,0.5517485541837551,0.3284217584427114,2
1979,IMG_20240123_094254_1979,frontal1,IMG_20240123_094254_1979_frontal1.jpg,416.48662483603385,71.07357486314345,366.0,366.0,,12.0,,44.0,,3.6666666666666665,,0.07245440011508597,0.07245440011508597,,0.168839122319466,,0.6190767818380419,,1
1980,IMG_20240123_094542_1980,frontal1,IMG_20240123_094542_1980_frontal1.jpg,430.85636955034727,73.52551817937542,862.0,588.0,274.0,17.0,11.0,46.0,35.0,2.7058823529411766,3.1818181818181817,0.15945240644307349,0.10876799882659768,0.050684407616475795,0.2312122433265442,0.1496079221524698,0.6256331290012372,0.4760252068487675,2
1981,IMG_20240123_095020_1981,frontal1,IMG_20240123_095020_1981_frontal1.jpg,368.0094090781213,62.80662830148038,1141.0,1141.0,,26.0,,66.0,,2.5384615384615383,,0.2892508777470898,0.2892508777470898,,0.41396904599298745,,1.0508445013668144,,1
1982,IMG_20240123_095415_1982,frontal1,IMG_20240123_095415_1982_frontal1.jpg,393.1387372972782,67.09475430506821,1228.0,477.0,751.0,15.0,21.0,44.0,47.0,2.933333333333333,2.238095238095238,0.27278546953678573,0.10595982815068956,0.16682564138609615,0.2235644225150241,0.31299019152103374,0.6557889727107373,0.7005018572137421,2
1983,IMG_20240123_095542_1983,frontal1,IMG_20240123_095542_1983_frontal1.jpg,393.74729217581887,67.1954730865991,1268.0,784.0,484.0,21.0,18.0,50.0,37.0,2.380952380952381,2.0555555555555554,0.2808272335497302,0.1736345040244389,0.10719272952529135,0.3125210529128348,0.2678751882110012,0.7440977450305589,0.5506323313226137,2
1984,IMG_20240123_095914_1984,frontal1,IMG_20240123_095914_1984_frontal1.jpg,397.9432204531091,67.91521186209599,1317.0,696.0,621.0,20.0,18.0,50.0,47.0,2.5,2.611111111111111,0.2855299408280674,0.1508950940139217,0.13463484681414567,0.2944848356007582,0.2650363520406824,0.7362120890018955,0.6920393636617818,2
1985,IMG_20240123_100005_1985,frontal1,IMG_20240123_100005_1985_frontal1.jpg,374.19599546224856,63.85344903295804,951.0,522.0,429.0,15.0,14.0,49.0,44.0,3.2666666666666666,3.142857142857143,0.2332447062816741,0.12802706275397885,0.10521764352769526,0.23491291742530196,0.21925205626361519,0.7673821969226531,0.6890778911142191,2
1986,IMG_20240123_100550_1986,frontal1,IMG_20240123_100550_1986_frontal1.jpg,421.8178509690986,71.98432018195638,795.0,564.0,231.0,15.0,10.0,51.0,32.0,3.4,3.2,0.1534232977994731,0.10884369806151299,0.04457959973796011,0.20837871305979086,0.13891914203986058,0.7084876244032889,0.44454125452755383,2
1987,IMG_20240123_100634_1987,frontal1,IMG_20240123_100634_1987_frontal1.jpg,420.287470685696,71.71425831517239,695.0,695.0,,21.0,,50.0,,2.380952380952381,,0.13513684712178053,0.13513684712178053,,0.2928287971369438,,0.6972114217546281,,1
1988,IMG_20240123_101103_1988,frontal1,IMG_20240123_101103_1988_frontal1.jpg,415.36061957173297,70.88803958413769,1026.0,578.0,448.0,14.0,13.0,52.0,45.0,3.7142857142857144,3.4615384615384617,0.2041744661179797,0.11502226258888136,0.08915220352909836,0.1974945291494945,0.18338777706738774,0.7335511082695509,0.6348038436948037,2
1989,IMG_20240123_101144_1989,frontal1,IMG_20240123_101144_1989_frontal1.jpg,408.4180177023997,69.70176489997404,746.0,502.0,244.0,16.0,11.0,44.0,30.0,2.75,2.727272727272727,0.15355051510788645,0.10332755842380563,0.05022295668408082,0.22954942422133645,0.1578152291521688,0.6312609166086752,0.43040517041500587,2
1990,IMG_20240123_101611_1990,frontal1,IMG_20240123_101611_1990_frontal1.jpg,447.1534388442318,76.31065853287862,1078.0,431.0,647.0,12.0,16.0,46.0,54.0,3.8333333333333335,3.375,0.18511787577217242,0.07401280561948638,0.11110507015268604,0.1572519518335669,0.20966926911142253,0.6027991486953398,0.7076337832510511,2
1991,IMG_20240123_101648_1991,frontal1,IMG_20240123_101648_1991_frontal1.jpg,398.7159656859631,67.95861512695345,379.0,379.0,,14.0,,48.0,,3.4285714285714284,,0.08206352532345908,0.08206352532345908,,0.20600772946662624,,0.7063122153141471,,1
1992,IMG_20240123_102016_1992,frontal1,IMG_20240123_102016_1992_frontal1.jpg,420.11475446613446,71.65411505564441,292.0,292.0,,11.0,,33.0,,3.0,,0.05687227195676452,0.05687227195676452,,0.15351525856481144,,0.46054577569443433,,1
1993,IMG_20240123_102055_1993,frontal1,IMG_20240123_102055_1993_frontal1.jpg,401.5353307596898,68.5017690596072,1084.0,570.0,514.0,15.0,14.0,51.0,50.0,3.4,3.5714285714285716,0.231007301844099,0.12147062919846534,0.10953667264563366,0.21897244707574876,0.20437428393736548,0.7445063200575457,0.7299081569191624,2
1994,IMG_20240123_102436_1994,frontal1,IMG_20240123_102436_1994_frontal1.jpg,427.0809610553644,72.88748474875985,1016.0,646.0,370.0,18.0,12.0,58.0,48.0,3.2222222222222223,4.0,0.19124398333226134,0.12159804452031577,0.06964593881194557,0.24695597690118212,0.1646373179341214,0.7957470366815869,0.6585492717364856,2
1995,IMG_20240123_102520_1995,frontal1,IMG_20240123_102520_1995_frontal1.jpg,389.9139726910356,66.5374281676047,768.0,462.0,306.0,14.0,11.0,45.0,38.0,3.2142857142857144,3.4545454545454546,0.17347192561704686,0.10435420525400475,0.0691177203630421,0.21040789200229754,0.16532048657323378,0.6763110814359563,0.5711071354348076,2
1996,IMG_20240123_103203_1996,frontal1,IMG_20240123_103203_1996_frontal1.jpg,399.5484852929808,68.14909428518021,1069.0,610.0,459.0,18.0,14.0,50.0,44.0,2.7777777777777777,3.142857142857143,0.2301746696446866,0.1313438245867716,0.09883084505791502,0.2641267677700348,0.20543193048780484,0.7336854660278744,0.6456432101045295,2
1997,IMG_20240123_103244_1997,frontal1,IMG_20240123_103244_1997_frontal1.jpg,408.612755268661,69.62871607570071,824.0,478.0,346.0,16.0,12.0,46.0,40.0,2.875,3.3333333333333335,0.16996145393866144,0.09859414439645652,0.07136730954220492,0.22979024893414257,0.17234268670060693,0.6606469656856598,0.5744756223353564,2
1998,IMG_20240123_103330_1998,frontal1,IMG_20240123_103330_1998_frontal1.jpg,409.6994181449969,69.52448230517585,716.0,320.0,396.0,13.0,15.0,34.0,39.0,2.6153846153846154,2.6,0.14812811453929997,0.06620250929130725,0.08192560524799272,0.1869844919223828,0.2157513368335186,0.48903636348930885,0.5609534757671484,2
1999,IMG_20240123_103614_1999,frontal1,IMG_20240123_103614_1999_frontal1.jpg,448.2750814466883,76.49863876519645,872.0,520.0,352.0,16.0,14.0,42.0,37.0,2.625,2.642857142857143,0.1490078232172317,0.08885787623045927,0.06014994698677242,0.20915404846758273,0.18300979240913487,0.5490293772274046,0.48366873708128505,2
2000,IMG_20240123_104109_2000,frontal1,IMG_20240123_104109_2000_frontal1.jpg,440.336992325082,75.1498394081789,442.0,442.0,,14.0,,44.0,,3.142857142857143,,0.07826474158716351,0.07826474158716351,,0.18629447661170004,,0.5854969264939145,,1
2001,IMG_20240123_104843_2001,frontal1,IMG_20240123_104843_2001_frontal1.jpg,430.4936063406293,73.31977451314573,714.0,525.0,189.0,15.0,9.0,55.0,32.0,3.6666666666666665,3.5555555555555554,0.1328177046292966,0.0976600769333063,0.03515762769599027,0.20458328056247094,0.12274996833748257,0.7501386953957269,0.4364443318666047,2
2002,IMG_20240123_104925_2002,frontal1,IMG_20240123_104925_2002_frontal1.jpg,451.1064695394997,76.95429089643899,1223.0,605.0,618.0,17.0,17.0,55.0,55.0,3.235294117647059,3.235294117647059,0.20651936245793848,0.10216207218892297,0.10435729026901552,0.2209103586293544,0.2209103586293544,0.7147099838008525,0.7147099838008525,2
2003,IMG_20240123_105011_2003,frontal1,IMG_20240123_105011_2003_frontal1.jpg,491.11588623087,83.80711043409703,1105.0,558.0,547.0,15.0,14.0,51.0,51.0,3.4,3.642857142857143,0.15732601563782628,0.07944607848498376,0.07787993715284251,0.1789824266974993,0.167050264917666,0.6085402507714976,0.6085402507714976,2
2004,IMG_20240123_105103_2004,frontal1,IMG_20240123_105103_2004_frontal1.jpg,397.634173308579,67.67443518696238,347.0,347.0,,11.0,,43.0,,3.909090909090909,,0.07576701805307343,0.07576701805307343,,0.16254291549845357,,0.6353950333121366,,1
2005,IMG_20240123_105852_2005,frontal1,IMG_20240123_105852_2005_frontal1.jpg,468.5770813804244,79.92900654181057,584.0,584.0,,18.0,,47.0,,2.611111111111111,,0.0914121696630252,0.0914121696630252,,0.22519984644853888,,0.588021821282296,,1
2006,IMG_20240123_105956_2006,frontal1,IMG_20240123_105956_2006_frontal1.jpg,412.7475498610745,70.32188983151201,819.0,441.0,378.0,17.0,14.0,40.0,39.0,2.3529411764705883,2.7857142857142856,0.16561620729969487,0.08917795777675877,0.0764382495229361,0.2417454940521538,0.19908452451353842,0.5688129271815383,0.5545926040019998,2
2007,IMG_20240123_110049_2007,frontal1,IMG_20240123_110049_2007_frontal1.jpg,391.9173891849706,66.85329416058997,496.0,496.0,,15.0,,48.0,,3.2,,0.11097778512174698,0.11097778512174698,,0.22437189054541015,,0.7179900497453124,,1
2008,IMG_20240123_110154_2008,frontal1,IMG_20240123_110154_2008_frontal1.jpg,414.3324038112753,70.66620356952258,357.0,357.0,,14.0,,33.0,,2.357142857142857,,0.07148990102510185,0.07148990102510185,,0.19811450584332818,,0.46698419234498784,,1
2009,IMG_20240123_111056_2009,frontal1,IMG_20240123_111056_2009_frontal1.jpg,426.5064775756182,72.78890211103644,1072.0,500.0,572.0,13.0,16.0,54.0,48.0,4.153846153846154,3.0,0.20233194090380685,0.09437124109319349,0.10796069981061335,0.17859865478076647,0.21981372896094334,0.7418713352431838,0.65944118688283,2
2010,IMG_20240123_111133_2010,frontal1,IMG_20240123_111133_2010_frontal1.jpg,410.4082396134789,69.82511262785846,0.0,,,,,,,,,,,,,,,,0
2011,IMG_20240123_111211_2011,frontal1,IMG_20240123_111211_2011_frontal1.jpg,427.5483993067016,72.88820212552429,167.0,167.0,,9.0,,26.0,,2.888888888888889,,0.031434169830015124,0.031434169830015124,,0.12347677316145987,,0.3567106780219952,,1
2012,IMG_20240123_111736_2012,frontal1,IMG_20240123_111736_2012_frontal1.jpg,451.9101618437568,77.1259836073767,722.0,495.0,227.0,14.0,8.0,46.0,35.0,3.2857142857142856,4.375,0.12137682308302254,0.0832154119475016,0.038161411135520934,0.18152118579478282,0.10372639188273304,0.596426753325715,0.45380296448695706,2
2013,IMG_20240123_111812_2013,frontal1,IMG_20240123_111812_2013_frontal1.jpg,453.9436635018555,77.35481494017276,1544.0,991.0,553.0,22.0,16.0,60.0,52.0,2.727272727272727,3.25,0.25803142037868226,0.16561472642180966,0.09241669395687259,0.28440375711602556,0.20683909608438225,0.7756466103164334,0.6722270622742422,2
2014,IMG_20240123_111843_2014,frontal1,IMG_20240123_111843_2014_frontal1.jpg,474.337874889559,80.95047091381419,856.0,494.0,362.0,15.0,12.0,49.0,44.0,3.2666666666666666,3.6666666666666665,0.1306276174256886,0.07538556426202121,0.05524205316366737,0.185298489689703,0.14823879175176238,0.6053083996530297,0.5435422364231288,2
2015,IMG_20240123_111929_2015,frontal1,IMG_20240123_111929_2015_frontal1.jpg,445.1124612235548,75.9302050878974,441.0,441.0,,14.0,,42.0,,3.0,,0.07649084236045745,0.07649084236045745,,0.18437985231033538,,0.5531395569310061,,1
2016,IMG_20240123_112008_2016,frontal1,IMG_20240123_112008_2016_frontal1.jpg,454.8516142128072,77.62651891408773,518.0,518.0,,18.0,,40.0,,2.2222222222222223,,0.08596259901241839,0.08596259901241839,,0.23187952070762438,,0.5152878237947208,,1
2017,IMG_20240123_112830_2017,frontal1,IMG_20240123_112830_2017_frontal1.jpg,419.7077897409493,71.61829022575292,793.0,404.0,389.0,15.0,14.0,39.0,40.0,2.6,2.857142857142857,0.15460562469974892,0.07876503452547107,0.07584059017427784,0.20944370429282064,0.19548079067329927,0.5445536311613337,0.558516544780855,2
2018,IMG_20240123_112929_2018,frontal1,IMG_20240123_112929_2018_frontal1.jpg,477.1991867199383,81.44039535991313,768.0,768.0,,21.0,,50.0,,2.380952380952381,,0.11579277803147006,0.11579277803147006,,0.2578572943708558,,0.6139459389782281,,1
2019,IMG_20240123_113022_2019,frontal1,IMG_20240123_113022_2019_frontal1.jpg,449.5943727602852,76.71186405938971,509.0,158.0,351.0,8.0,14.0,26.0,42.0,3.25,3.0,0.08649534003112708,0.026849241109858698,0.059646098921268376,0.10428634603125357,0.18250110555469376,0.33893062460157414,0.5475033166640813,2
2020,IMG_20240123_113533_2020,frontal1,IMG_20240123_113533_2020_frontal1.jpg,555.7836899243028,94.85271272512914,2297.0,1608.0,689.0,27.0,16.0,86.0,58.0,3.185185185185185,3.625,0.2553062715625554,0.1787255048639918,0.07658076669856365,0.28465184836877044,0.16868257681112322,0.9066688503597873,0.6114743409403216,2
2021,IMG_20240123_113625_2021,frontal1,IMG_20240123_113625_2021_frontal1.jpg,575.212510055256,98.16942135125979,1634.0,1012.0,622.0,20.0,13.0,68.0,59.0,3.4,4.538461538461538,0.169550701118588,0.1050093693586359,0.06454133175995211,0.2037294273991699,0.13242412780946045,0.6926800531571776,0.6010018108275512,2
2022,IMG_20240123_114103_2022,frontal1,IMG_20240123_114103_2022_frontal1.jpg,589.439847302022,100.5691330986268,1908.0,1051.0,857.0,22.0,18.0,69.0,71.0,3.1363636363636362,3.9444444444444446,0.18864658914496307,0.1039138182344634,0.08473277091049966,0.21875499293033474,0.17898135785209204,0.6860952050996862,0.7059820226388075,2
2023,IMG_20240123_114148_2023,frontal1,IMG_20240123_114148_2023_frontal1.jpg,585.8825787051792,99.92970990470941,2088.0,1061.0,1027.0,21.0,21.0,70.0,65.0,3.3333333333333335,3.0952380952380953,0.2090938412135297,0.10624931299212405,0.10284452822140565,0.2101477130277382,0.2101477130277382,0.7004923767591273,0.6504572069906182,2
2024,IMG_20240123_114612_2024,frontal1,IMG_20240123_114612_2024_frontal1.jpg,564.5449708459654,96.30351638809108,1392.0,956.0,436.0,29.0,16.0,50.0,43.0,1.7241379310344827,2.6875,0.1500911015995831,0.1030798082824723,0.0470112933171108,0.30113126797087697,0.16614138922531144,0.5191918413290982,0.4465049835430245,2
2025,IMG_20240123_114912_2025,frontal1,IMG_20240123_114912_2025_frontal1.jpg,535.017960528978,91.30964787110996,1192.0,599.0,593.0,17.0,13.0,48.0,59.0,2.823529411764706,4.538461538461538,0.14296934236049616,0.07184449335061846,0.0711248490098777,0.18617966881217968,0.14237268791519622,0.5256837707638015,0.6461529682305059,2
2026,IMG_20240123_115121_2026,frontal1,IMG_20240123_115121_2026_frontal1.jpg,498.64923780327626,85.03054262636894,1305.0,1018.0,287.0,23.0,10.0,63.0,46.0,2.739130434782609,4.6,0.18049310269190813,0.14079845098878352,0.039694651703124625,0.27049104109641936,0.11760480047670407,0.7409102430032356,0.5409820821928387,2
2027,IMG_20240123_115348_2027,frontal1,IMG_20240123_115348_2027_frontal1.jpg,633.3174588659851,108.06544828927105,4088.0,2331.0,1757.0,35.0,30.0,90.0,84.0,2.5714285714285716,2.8,0.35005571178728373,0.19960368497459843,0.1504520268126853,0.323877803257814,0.27760954564955487,0.8328286369486646,0.7773067278187535,2
2028,IMG_20240123_115551_2028,frontal1,IMG_20240123_115551_2028_frontal1.jpg,626.6473190830036,106.92344885893614,3020.0,1645.0,1375.0,28.0,26.0,86.0,71.0,3.0714285714285716,2.730769230769231,0.2641563321087366,0.14388647891353368,0.12026985319520293,0.26186959267410403,0.24316462176881087,0.8043137489276052,0.6640264671379066,2
2029,IMG_20240123_120740_2029,frontal1,IMG_20240123_120740_2029_frontal1.jpg,525.9124335735368,89.7412038368784,1671.0,1054.0,617.0,22.0,17.0,67.0,60.0,3.0454545454545454,3.5294117647058822,0.20748784864809067,0.13087504038006437,0.07661280826802629,0.24514937463942604,0.18943360767592013,0.7465912773109793,0.668589203562071,2
2030,IMG_20240123_120813_2030,frontal1,IMG_20240123_120813_2030_frontal1.jpg,615.6038148414699,105.00426505365189,2984.0,1532.0,1452.0,30.0,26.0,81.0,74.0,2.7,2.8461538461538463,0.2706356097273358,0.13894562805036142,0.1316899816769744,0.285702680597512,0.24760898985117707,0.7713972376132825,0.7047332788071963,2
2031,IMG_20240123_120848_2031,frontal1,IMG_20240123_120848_2031_frontal1.jpg,579.1614294066725,98.79600127800097,2267.0,1189.0,1078.0,27.0,22.0,66.0,65.0,2.4444444444444446,2.9545454545454546,0.23225912521571684,0.12181565940956654,0.11044346580615032,0.2732904130808392,0.2226810773251282,0.6680432319753846,0.6579213648242425,2
2032,IMG_20240123_124058_2032,frontal1,IMG_20240123_124058_2032_frontal1.jpg,666.483864371224,113.73373079016864,2925.0,1823.0,1102.0,30.0,21.0,85.0,79.0,2.8333333333333335,3.761904761904762,0.22612433333245127,0.14093150757779782,0.08519282575465344,0.26377399028040377,0.18464179319628263,0.7473596391278107,0.6946048410717299,2
2033,IMG_20240123_124232_2033,frontal1,IMG_20240123_124232_2033_frontal1.jpg,605.6946008527013,103.36606131738296,2374.0,1171.0,1203.0,23.0,23.0,77.0,76.0,3.347826086956522,3.3043478260869565,0.22219013781929725,0.10959757851154046,0.11259255930775677,0.2225101711999944,0.2225101711999944,0.744925355756503,0.735251000486938,2
2034,IMG_20240123_124444_2034,frontal1,IMG_20240123_124444_2034_frontal1.jpg,618.91047503949,105.61791221571423,2435.0,1477.0,958.0,31.0,23.0,72.0,65.0,2.3225806451612905,2.8260869565217392,0.2182849576088544,0.13240529050853306,0.08587966710032137,0.29351081980001215,0.21776609210968642,0.6817025492129314,0.6154259124838964,2
2035,IMG_20240123_124825_2035,frontal1,IMG_20240123_124825_2035_frontal1.jpg,572.5916853786276,97.71590194328606,1800.0,976.0,824.0,20.0,17.0,68.0,68.0,3.4,4.0,0.1885133082694665,0.10221610492833294,0.08629720334113354,0.20467497717626273,0.17397373059982332,0.6958949223992933,0.6958949223992933,2
2036,IMG_20240123_124903_2036,frontal1,IMG_20240123_124903_2036_frontal1.jpg,626.4865566500279,106.89385044983173,3136.0,1868.0,1268.0,28.0,23.0,91.0,71.0,3.25,3.0869565217391304,0.27445466159822074,0.16348255990608304,0.11097210169213774,0.26194210314410166,0.21516672758265493,0.8513118352183303,0.6642103329725435,2
2037,IMG_20240123_125236_2037,frontal1,IMG_20240123_125236_2037_frontal1.jpg,507.9518422536297,86.65624213844684,1155.0,911.0,244.0,21.0,9.0,64.0,43.0,3.0476190476190474,4.777777777777778,0.15380918839052762,0.12131616504222567,0.03249302334830194,0.24233684131431904,0.1038586462775653,0.7385503735293533,0.4962135322150342,2
2038,IMG_20240123_125532_2038,frontal1,IMG_20240123_125532_2038_frontal1.jpg,510.338899017452,87.09779229366741,638.0,638.0,,16.0,,58.0,,3.625,,0.08410201185373332,0.08410201185373332,,0.18370155636153027,,0.6659181418105472,,1
2039,IMG_20240123_125828_2039,frontal1,IMG_20240123_125828_2039_frontal1.jpg,547.3139226598174,93.40807857687085,2275.0,1600.0,675.0,28.0,19.0,80.0,62.0,2.857142857142857,3.263157894736842,0.260742919351526,0.18337963558788642,0.07736328376363959,0.29975993968184667,0.20340853049839597,0.8564569705195619,0.6637541521526605,2
2040,IMG_20240123_130058_2040,frontal1,IMG_20240123_130058_2040_frontal1.jpg,567.1733202386324,96.78918105108934,2789.0,1582.0,1207.0,30.0,24.0,80.0,77.0,2.6666666666666665,3.2083333333333335,0.2977110015631934,0.1688701342678279,0.12884086729536554,0.3099519974672041,0.24796159797376324,0.8265386599125442,0.7955434601658238,2
2041,IMG_20240123_130140_2041,frontal1,IMG_20240123_130140_2041_frontal1.jpg,510.9392631000774,87.1590180094863,1636.0,928.0,708.0,21.0,21.0,66.0,59.0,3.142857142857143,2.8095238095238093,0.2153568262021265,0.12215839530291772,0.09319843089920879,0.24093892381525434,0.24093892381525434,0.757236617705085,0.6769236431000002,2
2042,IMG_20240123_130612_2042,frontal1,IMG_20240123_130612_2042_frontal1.jpg,502.7999093411855,85.79648761770038,2159.0,1306.0,853.0,25.0,17.0,69.0,63.0,2.76,3.7058823529411766,0.29330105468372347,0.177420647251942,0.11588040743178143,0.2913872198521369,0.19814330949945308,0.8042287267918978,0.734295794027385,2
2043,IMG_20240123_130651_2043,frontal1,IMG_20240123_130651_2043_frontal1.jpg,510.0803586015624,87.02329186836701,1213.0,649.0,564.0,17.0,17.0,54.0,56.0,3.176470588235294,3.2941176470588234,0.1601731755378112,0.08569859103383304,0.07447458450397818,0.19534999923600344,0.19534999923600344,0.6205235269849521,0.6435058798362466,2
2044,IMG_20240123_131016_2044,frontal1,IMG_20240123_131016_2044_frontal1.jpg,521.7405777521583,88.87244157041472,1832.0,1064.0,768.0,23.0,18.0,70.0,63.0,3.0434782608695654,3.5,0.23194832793922465,0.1347123476677593,0.09723598027146536,0.2587978859765748,0.20253747598166727,0.7876457399287061,0.7088811659358355,2
2045,IMG_20240123_131052_2045,frontal1,IMG_20240123_131052_2045_frontal1.jpg,510.6054130401282,87.14239677306063,1248.0,711.0,537.0,15.0,15.0,62.0,60.0,4.133333333333334,4.0,0.16434465500899398,0.09362904624310474,0.07071560876588924,0.17213205690295094,0.17213205690295094,0.7114791685321972,0.6885282276118038,2
2046,IMG_20240123_131444_2046,frontal1,IMG_20240123_131444_2046_frontal1.jpg,549.044317027623,93.70160258267464,1984.0,956.0,1028.0,19.0,20.0,66.0,74.0,3.473684210526316,3.7,0.22596835830193818,0.10888394684307101,0.11708441145886715,0.2027713451670792,0.21344352122850443,0.7043636200540646,0.7897410285454664,2
2047,IMG_20240123_131526_2047,frontal1,IMG_20240123_131526_2047_frontal1.jpg,487.96965560655536,83.23408039632301,1268.0,882.0,386.0,19.0,14.0,65.0,45.0,3.4210526315789473,3.2142857142857144,0.18302772530626668,0.12731108337549465,0.05571664193077204,0.2282718798541487,0.16820033252410957,0.7809301152905087,0.5406439259703522,2
2048,IMG_20240123_131838_2048,frontal1,IMG_20240123_131838_2048_frontal1.jpg,544.742159606721,92.90463033161251,1345.0,898.0,447.0,20.0,13.0,61.0,51.0,3.05,3.923076923076923,0.15582874217552753,0.10404030518485034,0.05178843699067718,0.2152745232246474,0.13992844009602082,0.6565872958351746,0.5489500342228509,2
2050,IMG_20240123_131908_2050,frontal1,IMG_20240123_131908_2050_frontal1.jpg,563.7526097032954,96.1361923918736,2030.0,1089.0,941.0,28.0,20.0,60.0,63.0,2.142857142857143,3.15,0.2196454460192365,0.11782950281524558,0.1018159432039909,0.2912534738828167,0.20803819563058334,0.62411458689175,0.6553203162363376,2
2051,IMG_20240123_132322_2051,frontal1,IMG_20240123_132322_2051_frontal1.jpg,444.45333832112567,75.85198494973166,1462.0,899.0,563.0,22.0,18.0,57.0,49.0,2.590909090909091,2.7222222222222223,0.2541051530076238,0.156252074250242,0.0978530787573818,0.2900385535669206,0.23730427110020774,0.7514635251506578,0.6459949602172322,2
2052,IMG_20240123_132651_2052,frontal1,IMG_20240123_132651_2052_frontal1.jpg,481.3547692353829,82.13956616415943,1083.0,439.0,644.0,16.0,20.0,46.0,52.0,2.875,2.6,0.16051796572406912,0.06506683929165867,0.09545112643241044,0.1947904127959882,0.24348801599498524,0.5600224367884661,0.6330688415869616,2
2053,IMG_20240123_132722_2053,frontal1,IMG_20240123_132722_2053_frontal1.jpg,560.9028802004622,95.6465423705659,2520.0,1623.0,897.0,31.0,19.0,79.0,64.0,2.5483870967741935,3.3684210526315788,0.2754621869032379,0.17741076561268063,0.09805142129055731,0.3241099911369079,0.1986480590839113,0.8259577193488944,0.6691303042826486,2
2054,IMG_20240124_093734_2054,frontal1,IMG_20240124_093734_2054_frontal1.jpg,577.9871860550585,98.61992347853551,2288.0,873.0,1415.0,20.0,27.0,61.0,83.0,3.05,3.074074074074074,0.23524841048457296,0.08976042935010148,0.14548798113447148,0.20279877832548684,0.27377835073940726,0.6185362738927349,0.8416149300507705,2
2055,IMG_20240124_093949_2055,frontal1,IMG_20240124_093949_2055_frontal1.jpg,515.5121196316749,87.946440800715,2109.0,1039.0,1070.0,23.0,25.0,65.0,70.0,2.8260869565217392,2.8,0.2726716858726775,0.13433185472817066,0.13833983114450685,0.26152280627384994,0.28426391986288035,0.739086191643489,0.7959389756160651,2
2056,IMG_20240124_094220_2056,frontal1,IMG_20240124_094220_2056_frontal1.jpg,518.4977954348341,88.48017963041431,1724.0,770.0,954.0,22.0,22.0,57.0,73.0,2.590909090909091,3.3181818181818183,0.22021417473269303,0.09835551887713088,0.12185865585556216,0.2486432565111756,0.2486432565111756,0.6442120736880459,0.8250435329689009,2
2057,IMG_20240124_094443_2057,frontal1,IMG_20240124_094443_2057_frontal1.jpg,558.173976395087,95.25158398486099,2563.0,1239.0,1324.0,27.0,26.0,73.0,82.0,2.7037037037037037,3.1538461538461537,0.28249072497044636,0.1365610644706918,0.1459296604997546,0.2834598530591502,0.2729613399828854,0.766391454567332,0.8608780722537155,2
2058,IMG_20240124_094520_2058,frontal1,IMG_20240124_094520_2058_frontal1.jpg,621.9927936998306,106.15340585906893,2263.0,662.0,1601.0,19.0,26.0,58.0,81.0,3.0526315789473686,3.1153846153846154,0.20082449725581042,0.05874759928561489,0.14207689797019551,0.1789862496284361,0.24492855212312306,0.5463790778131207,0.7630466431528065,2
2059,IMG_20240124_094909_2059,frontal1,IMG_20240124_094909_2059_frontal1.jpg,581.3121043946861,99.21035998673804,2874.0,1332.0,1542.0,25.0,26.0,76.0,89.0,3.04,3.423076923076923,0.29199318333279084,0.13532878225444586,0.15666440107834498,0.2519898123879591,0.2620694048834774,0.7660490296593956,0.8970837321011342,2
2060,IMG_20240124_094945_2060,frontal1,IMG_20240124_094945_2060_frontal1.jpg,573.1239213650065,97.7570235048648,2238.0,967.0,1271.0,17.0,24.0,68.0,84.0,4.0,3.5,0.23418773308862761,0.10118835473489853,0.13299937835372908,0.17390054842610883,0.2455066566015654,0.6956021937044353,0.8592732981054789,2
2061,IMG_20240124_095312_2061,frontal1,IMG_20240124_095312_2061_frontal1.jpg,549.8237227364583,93.81923895955063,2503.0,1269.0,1234.0,27.0,22.0,70.0,88.0,2.5925925925925926,4.0,0.28436558688544467,0.14417096674296015,0.14019462014248452,0.28778745489121715,0.23449348176321397,0.7461156237920444,0.9379739270528559,2
2062,IMG_20240124_095658_2062,frontal1,IMG_20240124_095658_2062_frontal1.jpg,505.5613210689278,86.28163329536707,1577.0,665.0,912.0,16.0,19.0,56.0,72.0,3.5,3.789473684210526,0.2118336639955258,0.08932744867281209,0.12250621532271373,0.1854392341557485,0.22020909055995133,0.6490373195451197,0.8344765537008683,2
2063,IMG_20240124_095739_2063,frontal1,IMG_20240124_095739_2063_frontal1.jpg,543.4648470561917,92.72050254678264,2120.0,1285.0,835.0,24.0,18.0,76.0,76.0,3.1666666666666665,4.222222222222222,0.24659502311718726,0.14946915316301207,0.09712586995417516,0.25884242795050283,0.19413182096287712,0.8196676885099257,0.8196676885099257,2
2064,IMG_20240124_100112_2064,frontal1,IMG_20240124_100112_2064_frontal1.jpg,503.3863345882556,85.87951328228782,2097.0,939.0,1158.0,20.0,23.0,65.0,78.0,3.25,3.391304347826087,0.2843277718004451,0.12731701369605053,0.15701075810439458,0.23288441254038744,0.2678170744214456,0.7568743407562593,0.908249208907511,2
2065,IMG_20240124_100146_2065,frontal1,IMG_20240124_100146_2065_frontal1.jpg,470.8974848222399,80.35434068839966,1381.0,612.0,769.0,17.0,17.0,47.0,62.0,2.764705882352941,3.6470588235294117,0.21388237329984608,0.09478349924656466,0.11909887405328141,0.2115629330582536,0.2115629330582536,0.5849092855139952,0.7715824617418661,2
2066,IMG_20240124_100635_2066,frontal1,IMG_20240124_100635_2066_frontal1.jpg,548.0548996299401,93.52625665657669,1692.0,982.0,710.0,23.0,18.0,61.0,63.0,2.652173913043478,3.5,0.19343419665970416,0.11226500066183775,0.0811691959978664,0.24592024552479144,0.1924593225846194,0.652223259870099,0.6736076290461679,2
2067,IMG_20240124_100708_2067,frontal1,IMG_20240124_100708_2067_frontal1.jpg,480.1722060379529,81.94900122510303,1900.0,721.0,1179.0,21.0,23.0,62.0,78.0,2.9523809523809526,3.391304347826087,0.28292170798301747,0.10736134287145031,0.17556036511156714,0.2562569364611996,0.2806623589813139,0.7565680981235419,0.9518114782844559,2
2068,IMG_20240124_100745_2068,frontal1,IMG_20240124_100745_2068_frontal1.jpg,513.1162851437872,87.51994538930819,2746.0,1568.0,1178.0,31.0,20.0,76.0,78.0,2.4516129032258065,3.9,0.35849776866084254,0.2047066646978154,0.15379110396302711,0.3542049742159356,0.22851933820382941,0.8683734851745518,0.8912254189949348,2
2069,IMG_20240124_101600_2069,frontal1,IMG_20240124_101600_2069_frontal1.jpg,440.1035255697448,75.10005716364026,694.0,242.0,452.0,10.0,14.0,34.0,46.0,3.4,3.2857142857142856,0.12304923989521949,0.04290766002109959,0.08014157987411989,0.1331556909232488,0.18641796729254834,0.45272934913904594,0.6125161782469445,2
2070,IMG_20240124_101654_2070,frontal1,IMG_20240124_101654_2070_frontal1.jpg,414.60435942580256,70.73165851493582,526.0,208.0,318.0,10.0,13.0,32.0,43.0,3.2,3.3076923076923075,0.10513760049191687,0.041575324909351154,0.0635622755825657,0.1413794078911409,0.18379323025848315,0.4524141052516509,0.6079314539319058,2
2071,IMG_20240124_102047_2071,frontal1,IMG_20240124_102047_2071_frontal1.jpg,535.1125100278537,91.179193847766,1352.0,476.0,876.0,13.0,23.0,51.0,65.0,3.923076923076923,2.8260869565217392,0.1626242083295701,0.0572552686130735,0.1053689397164966,0.14257638668866687,0.2522505302953337,0.5593381323940008,0.7128819334433343,2
2072,IMG_20240124_102220_2072,frontal1,IMG_20240124_102220_2072_frontal1.jpg,471.2249600538168,80.40994447314854,0.0,,,,,,,,,,,,,,,,0
2073,IMG_20240124_102259_2073,frontal1,IMG_20240124_102259_2073_frontal1.jpg,463.81344076303054,79.10168670739912,770.0,356.0,414.0,12.0,11.0,42.0,48.0,3.5,4.363636363636363,0.12306065910571003,0.05689557745666593,0.0661650816490441,0.15170346549484548,0.13906151003694167,0.5309621292319592,0.6068138619793819,2
2074,IMG_20240124_102508_2074,frontal1,IMG_20240124_102508_2074_frontal1.jpg,439.16784501028286,74.90041743106084,1057.0,481.0,576.0,15.0,16.0,52.0,56.0,3.466666666666667,3.5,0.18841111128133303,0.08573864193597085,0.10267246934536219,0.20026590657930796,0.21361696701792848,0.6942551428082676,0.7476593845627497,2
2075,IMG_20240124_102718_2075,frontal1,IMG_20240124_102718_2075_frontal1.jpg,470.45071613730767,80.27303331693935,1206.0,459.0,747.0,12.0,19.0,52.0,60.0,4.333333333333333,3.1578947368421053,0.18715781203078782,0.07123170457888194,0.1159261074519059,0.1494898037877901,0.23669218933066766,0.6477891497470905,0.7474490189389504,2
2076,IMG_20240124_102749_2076,frontal1,IMG_20240124_102749_2076_frontal1.jpg,471.592411841688,80.48505262813251,1555.0,539.0,1016.0,19.0,26.0,47.0,65.0,2.473684210526316,2.5,0.24004901520352934,0.08320670044675389,0.15684231475677543,0.23606867833939635,0.3230413493065424,0.5839593622079805,0.8076033732663559,2
2077,IMG_20240124_103005_2077,frontal1,IMG_20240124_103005_2077_frontal1.jpg,443.79368848230416,75.68727870163488,928.0,482.0,446.0,14.0,15.0,48.0,46.0,3.4285714285714284,3.066666666666667,0.1619952180903978,0.08413975767195231,0.0778554604184455,0.18497163909392336,0.1981838990292036,0.6341884768934516,0.6077639570228911,2
2078,IMG_20240124_103034_2078,frontal1,IMG_20240124_103034_2078_frontal1.jpg,465.010121316564,79.36133240357422,823.0,311.0,512.0,13.0,16.0,32.0,46.0,2.4615384615384617,2.875,0.1306718181900082,0.04937902242660091,0.08129279576340728,0.16380773364402984,0.20160951833111362,0.40321903666222725,0.5796273652019517,2
2079,IMG_20240124_103249_2079,frontal1,IMG_20240124_103249_2079_frontal1.jpg,442.9119903786569,75.54707859057733,848.0,397.0,451.0,12.0,14.0,47.0,52.0,3.9166666666666665,3.7142857142857144,0.14858005084714918,0.06955929267254508,0.0790207581746041,0.1588413506369088,0.1853149090763936,0.6221286233278929,0.6883125194266049,2
2080,IMG_20240124_103325_2080,frontal1,IMG_20240124_103325_2080_frontal1.jpg,426.4440861622218,72.77570955951894,1134.0,589.0,545.0,15.0,14.0,54.0,51.0,3.6,3.642857142857143,0.21411158064306263,0.1112096305103738,0.10290195013268884,0.20611272759535773,0.19237187908900055,0.7420058193432878,0.7007832738242163,2
2081,IMG_20240124_103529_2081,frontal1,IMG_20240124_103529_2081_frontal1.jpg,450.43107356784833,76.8586029542076,959.0,418.0,541.0,14.0,16.0,42.0,51.0,3.0,3.1875,0.16234302532980524,0.07076056787055118,0.09158245745925404,0.18215267337530464,0.20817448385749102,0.5464580201259139,0.6635561672957526,2
2082,IMG_20240124_103604_2082,frontal1,IMG_20240124_103604_2082_frontal1.jpg,427.7519407699637,72.9871554822276,520.0,,520.0,,16.0,,46.0,,2.875,0.09761363083090348,,0.09761363083090348,,0.21921665386584363,,0.6302478798643004,1
2083,IMG_20240124_103825_2083,frontal1,IMG_20240124_103825_2083_frontal1.jpg,435.2577529225617,74.28152282139885,1322.0,498.0,824.0,15.0,18.0,46.0,57.0,3.066666666666667,3.1666666666666665,0.23959064581813597,0.09025426748671082,0.14933637833142516,0.2019344707844201,0.2423213649413041,0.6192657104055549,0.7673509889807963,2
2084,IMG_20240124_103915_2084,frontal1,IMG_20240124_103915_2084_frontal1.jpg,439.19562892029154,74.94383901427075,694.0,234.0,460.0,10.0,13.0,31.0,46.0,3.1,3.5384615384615383,0.1235627593298857,0.0416623713014312,0.0819003880284545,0.13343324990458266,0.17346322487595744,0.4136430747042062,0.6137929495610802,2
2085,IMG_20240124_104145_2085,frontal1,IMG_20240124_104145_2085_frontal1.jpg,435.28703733997565,74.2882927790633,839.0,218.0,621.0,9.0,14.0,40.0,59.0,4.444444444444445,4.214285714285714,0.15202716783614167,0.039501695576017744,0.11252547226012394,0.12114964099076017,0.18845499709673805,0.538442848847823,0.794203202050539,2
2086,IMG_20240124_104220_2086,frontal1,IMG_20240124_104220_2086_frontal1.jpg,448.5780555770948,76.47161620101653,1624.0,647.0,977.0,17.0,20.0,52.0,63.0,3.0588235294117645,3.15,0.2777061432161434,0.11063785385519999,0.16706828936094342,0.22230470394810384,0.2615349458212986,0.6799908591353764,0.8238350793370907,2
2087,IMG_20240124_104425_2087,frontal1,IMG_20240124_104425_2087_frontal1.jpg,454.1607689542623,77.48738327940876,1471.0,739.0,732.0,18.0,19.0,56.0,57.0,3.111111111111111,3.0,0.2449913113798028,0.12307857179447604,0.12191273958532674,0.23229588144813842,0.2452012081952572,0.7226982978386528,0.7356036245857717,2
2088,IMG_20240124_104459_2088,frontal1,IMG_20240124_104459_2088_frontal1.jpg,456.8265290467371,77.96505938919479,1159.0,383.0,776.0,11.0,17.0,49.0,63.0,4.454545454545454,3.7058823529411766,0.19067045716789774,0.06300844270518105,0.1276620144627167,0.14108884269668745,0.218046393258517,0.6284866629216078,0.80805428089921,2
2089,IMG_20240124_104717_2089,frontal1,IMG_20240124_104717_2089_frontal1.jpg,516.6668206208824,88.17608463300736,2050.0,1140.0,910.0,25.0,22.0,63.0,58.0,2.52,2.6363636363636362,0.26366485214423424,0.14662338119240345,0.11704147095183082,0.28352358923682164,0.24950075852840303,0.7144794448767905,0.6577747270294262,2
2091,IMG_20240124_105009_2091,frontal1,IMG_20240124_105009_2091_frontal1.jpg,456.1217392887793,77.8421446934313,1192.0,428.0,764.0,14.0,18.0,46.0,57.0,3.2857142857142856,3.1666666666666665,0.1967191636521284,0.07063406211670382,0.1260851015354246,0.179851159743051,0.2312372053839227,0.5909395248700247,0.7322511503824218,2
2092,IMG_20240124_105041_2092,frontal1,IMG_20240124_105041_2092_frontal1.jpg,423.1164075066554,72.19339214256823,581.0,,581.0,,15.0,,55.0,,3.6666666666666665,0.11147596371020145,,0.11147596371020145,,0.2077752486041638,,0.7618425782152674,1
2093,IMG_20240124_105350_2093,frontal1,IMG_20240124_105350_2093_frontal1.jpg,470.88879288222216,80.34918789343999,511.0,163.0,348.0,9.0,11.0,27.0,45.0,3.0,4.090909090909091,0.07915127534003223,0.02524786277969717,0.05390341256033506,0.11201108854934418,0.13690244156030956,0.33603326564803254,0.5600554427467209,2
2094,IMG_20240124_105431_2094,frontal1,IMG_20240124_105431_2094_frontal1.jpg,473.7003538142988,80.84037599469174,1246.0,552.0,694.0,17.0,18.0,45.0,56.0,2.6470588235294117,3.111111111111111,0.19066079200722055,0.0844660972616258,0.10619469474559476,0.21029095660213504,0.22266101287284887,0.5566525321821222,0.6927231511599743,2
2095,IMG_20240124_105509_2095,frontal1,IMG_20240124_105509_2095_frontal1.jpg,467.1168897777473,79.71660988515406,796.0,302.0,494.0,11.0,14.0,35.0,50.0,3.1818181818181817,3.5714285714285716,0.12526087048444057,0.04752359659083047,0.0777372738936101,0.1379888083029052,0.17562211965824298,0.4390552991456074,0.6272218559222963,2
2096,IMG_20240124_105751_2096,frontal1,IMG_20240124_105751_2096_frontal1.jpg,455.64475353919727,77.75383041920763,758.0,544.0,214.0,17.0,14.0,51.0,42.0,3.0,3.0,0.1253792361125459,0.08998193198578493,0.03539730412676098,0.2186387462629811,0.18005543809892563,0.6559162387889433,0.5401663142967769,2
2097,IMG_20240124_105828_2097,frontal1,IMG_20240124_105828_2097_frontal1.jpg,445.1607735391462,75.95424863319873,602.0,363.0,239.0,14.0,12.0,36.0,30.0,2.5714285714285716,2.5,0.10434997454605734,0.06292199461830368,0.04142797992775366,0.18432148631486509,0.1579898454127415,0.4739695362382245,0.39497461353185376,2
2098,IMG_20240124_105857_2098,frontal1,IMG_20240124_105857_2098_frontal1.jpg,437.05521122623344,74.55720165380271,859.0,350.0,509.0,12.0,14.0,42.0,49.0,3.5,3.5,0.1545304129524987,0.06296349771056407,0.09156691524193462,0.160950246707495,0.18777528782541084,0.5633258634762325,0.6572135073889379,2
2099,IMG_20240124_110101_2099,frontal1,IMG_20240124_110101_2099_frontal1.jpg,446.3782218715024,76.18156345091761,591.0,,591.0,,14.0,,54.0,,3.857142857142857,0.10183280772545585,,0.10183280772545585,,0.18377149753588273,,0.7088329190669763,1
2100,IMG_20240124_110133_2100,frontal1,IMG_20240124_110133_2100_frontal1.jpg,470.943162560609,80.37429902268859,740.0,229.0,511.0,9.0,16.0,36.0,47.0,4.0,2.9375,0.1145505880910847,0.035448763071430266,0.07910182501965445,0.11197609322178251,0.1990686101720578,0.44790437288713003,0.5847640423804198,2
2101,IMG_20240124_110530_2101,frontal1,IMG_20240124_110530_2101_frontal1.jpg,408.9929045437709,69.79285671831815,1267.0,513.0,754.0,15.0,17.0,48.0,60.0,3.2,3.5294117647058822,0.26010857208639837,0.10531625689054647,0.15479231519585193,0.21492170839975136,0.24357793618638487,0.6877494668792044,0.8596868335990054,2
2102,IMG_20240124_110608_2102,frontal1,IMG_20240124_110608_2102_frontal1.jpg,505.719616121608,86.28411048999638,1215.0,694.0,521.0,17.0,13.0,56.0,54.0,3.2941176470588234,4.153846153846154,0.16319792229545194,0.09321757866094127,0.06998034363451067,0.19702352963319877,0.15066505207244613,0.6490186858505372,0.6258394470701608,2
2103,IMG_20240124_110903_2103,frontal1,IMG_20240124_110903_2103_frontal1.jpg,469.1364034643405,80.0633570697293,999.0,445.0,554.0,12.0,14.0,47.0,54.0,3.9166666666666665,3.857142857142857,0.15584680233388937,0.06942124828686763,0.08642555404702174,0.1498812995007052,0.17486151608415604,0.5870350897110953,0.6744658477531733,2
2104,IMG_20240124_110936_2104,frontal1,IMG_20240124_110936_2104_frontal1.jpg,490.3599567258257,83.67978003314234,889.0,,889.0,,17.0,,74.0,,4.352941176470588,0.12695818384836777,,0.12695818384836777,,0.20315540974494622,,0.8843235483015306,1
2105,IMG_20240124_111008_2105,frontal1,IMG_20240124_111008_2105_frontal1.jpg,515.9508556745783,88.04834567124314,2059.0,830.0,1229.0,23.0,27.0,51.0,71.0,2.217391304347826,2.6296296296296298,0.26559136174123826,0.10706208365479736,0.1585292780864409,0.26122012656408,0.3066497137926157,0.5792272371638296,0.8063751733065079,2
2106,IMG_20240124_111259_2106,frontal1,IMG_20240124_111259_2106_frontal1.jpg,452.4952217393386,77.21488809010927,1033.0,305.0,728.0,12.0,18.0,36.0,60.0,3.0,3.3333333333333335,0.17325996759149653,0.051156137575417655,0.12210383001607887,0.15541044346261407,0.23311566519392113,0.46623133038784226,0.7770522173130704,2
2107,IMG_20240124_111335_2107,frontal1,IMG_20240124_111335_2107_frontal1.jpg,484.4872854344432,82.65780108601457,1206.0,433.0,773.0,14.0,17.0,40.0,72.0,2.857142857142857,4.235294117647059,0.17651418521470413,0.06337532520561101,0.11313886000909311,0.16937300310507236,0.2056672180561593,0.48392286601449247,0.8710611588260865,2
2108,IMG_20240124_111409_2108,frontal1,IMG_20240124_111409_2108_frontal1.jpg,479.0068912706235,81.66317513253233,526.0,250.0,276.0,10.0,9.0,41.0,43.0,4.1,4.777777777777778,0.07887388281385714,0.03748758688871537,0.041386295925141765,0.12245421493556743,0.11020879344201069,0.5020622812358265,0.52655312422294,2
2109,IMG_20240124_111441_2109,frontal1,IMG_20240124_111441_2109_frontal1.jpg,487.60148236362784,83.1748075540655,994.0,241.0,753.0,8.0,17.0,41.0,63.0,5.125,3.7058823529411766,0.14368213578685546,0.0348364132038553,0.10884572258300017,0.09618296976280732,0.20438881074596557,0.49293772003438757,0.7574408868821078,2
2110,IMG_20240124_111738_2110,frontal1,IMG_20240124_111738_2110_frontal1.jpg,484.501619212073,82.5590919899464,902.0,,902.0,,20.0,,63.0,,3.15,0.1323356094925557,,0.1323356094925557,,0.24225072633351508,,0.7630897879505725,1
2111,IMG_20240124_111807_2111,frontal1,IMG_20240124_111807_2111_frontal1.jpg,456.8002169258073,77.767065104783,1385.0,435.0,950.0,13.0,20.0,47.0,63.0,3.6153846153846154,3.15,0.22901206090982906,0.07192797580922429,0.1570840851006048,0.16716588162976007,0.2571782794304001,0.6043689566614403,0.8101115802057604,2
2112,IMG_20240124_111833_2112,frontal1,IMG_20240124_111833_2112_frontal1.jpg,543.0503313403954,92.67719109596398,1822.0,828.0,994.0,22.0,20.0,54.0,65.0,2.4545454545454546,3.25,0.21213027140237461,0.09640168206430635,0.11572858933806825,0.23738311163552392,0.2158028287595672,0.5826676376508314,0.7013591934685934,2
2113,IMG_20240124_111858_2113,frontal1,IMG_20240124_111858_2113_frontal1.jpg,503.3349412886542,85.89235686216398,1220.0,,1220.0,,25.0,,71.0,,2.84,0.1653677399531782,,0.1653677399531782,,0.29106198634319497,,0.8266160412146737,1
2114,IMG_20240124_112134_2114,frontal1,IMG_20240124_112134_2114_frontal1.jpg,488.88563420458166,83.32385835408805,899.0,,899.0,,18.0,,68.0,,3.7777777777777777,0.12948544325135664,,0.12948544325135664,,0.2160245619388901,,0.8160927895469182,1
2115,IMG_20240124_112159_2115,frontal1,IMG_20240124_112159_2115_frontal1.jpg,459.7522356761627,78.45842904184599,1150.0,598.0,552.0,16.0,14.0,50.0,51.0,3.125,3.642857142857143,0.18681795947892052,0.09714533892903868,0.08967262054988186,0.20392965033070395,0.17843844403936596,0.6372801572834499,0.6500257604291189,2
2116,IMG_20240124_112225_2116,frontal1,IMG_20240124_112225_2116_frontal1.jpg,489.7085145793463,83.57541768552854,1284.0,333.0,951.0,15.0,21.0,37.0,68.0,2.466666666666667,3.238095238095238,0.18382641271830658,0.04767460703675708,0.1361518056815495,0.17947861243650498,0.251270057411107,0.4427139106767123,0.8136363763788226,2
2117,IMG_20240124_112451_2117,frontal1,IMG_20240124_112451_2117_frontal1.jpg,454.2075573891897,77.50284749612483,1587.0,593.0,994.0,15.0,21.0,52.0,66.0,3.466666666666667,3.142857142857143,0.2642053507067397,0.09872323438506403,0.16548211632167564,0.1935412760253745,0.2709577864355243,0.6709430902212983,0.8515816145116478,2
2118,IMG_20240124_112521_2118,frontal1,IMG_20240124_112521_2118_frontal1.jpg,509.81086616392014,86.92599961892468,2020.0,982.0,1038.0,28.0,24.0,53.0,67.0,1.8928571428571428,2.7916666666666665,0.26733263691774467,0.1299607175511016,0.13737191936664306,0.32211306309676435,0.27609691122579805,0.609714012290304,0.7707705438386862,2
2119,IMG_20240124_112743_2119,frontal1,IMG_20240124_112743_2119_frontal1.jpg,466.80618507834913,79.64270754798119,1377.0,480.0,897.0,16.0,20.0,43.0,59.0,2.6875,2.95,0.21709104457411002,0.07567443819576819,0.1414166063783418,0.20089723833611145,0.2511215479201393,0.5399113280282996,0.7408085663644111,2
2120,IMG_20240124_112818_2120,frontal1,IMG_20240124_112818_2120_frontal1.jpg,460.70112752419794,78.44561616462298,1236.0,393.0,843.0,14.0,17.0,44.0,69.0,3.142857142857143,4.0588235294117645,0.20085429064730898,0.06386386425921718,0.1369904263880918,0.17846758919733813,0.21671064402533916,0.5608981374773484,0.8795902610440236,2
2121,IMG_20240124_112851_2121,frontal1,IMG_20240124_112851_2121_frontal1.jpg,452.56912386736906,77.20576859918208,1125.0,248.0,877.0,10.0,21.0,37.0,60.0,3.7,2.857142857142857,0.18873525003539018,0.0416056373411349,0.14712961269425529,0.12952400036214315,0.27200040076050064,0.4792388013399297,0.777144002172859,2
2122,IMG_20240124_113156_2122,frontal1,IMG_20240124_113156_2122_frontal1.jpg,481.74889574427255,82.19111903340996,1918.0,731.0,1187.0,20.0,23.0,55.0,73.0,2.75,3.1739130434782608,0.2839218499006607,0.10821004811125287,0.17571180178940787,0.24333529261075248,0.27983558650236534,0.6691720546795693,0.8881738180292466,2
2123,IMG_20240124_113228_2123,frontal1,IMG_20240124_113228_2123_frontal1.jpg,440.8124278016149,75.22386693125205,707.0,,707.0,,15.0,,62.0,,4.133333333333334,0.12494189945229314,,0.12494189945229314,,0.19940479813020875,,0.8242064989381962,1
2124,IMG_20240124_113311_2124,frontal1,IMG_20240124_113311_2124_frontal1.jpg,465.73829230812873,79.48582418195295,1028.0,,1028.0,,20.0,,68.0,,3.4,0.16270981494641737,,0.16270981494641737,,0.2516171934534831,,0.8554984577418425,1
2125,IMG_20240124_113337_2125,frontal1,IMG_20240124_113337_2125_frontal1.jpg,476.4700242286821,81.30203159468613,1242.0,462.0,780.0,14.0,18.0,46.0,60.0,3.2857142857142856,3.3333333333333335,0.18789654733990716,0.06989388475928913,0.11800266258061802,0.17219741899924473,0.2213966815704575,0.5657915195689469,0.7379889385681917,2
2126,IMG_20240124_113639_2126,frontal1,IMG_20240124_113639_2126_frontal1.jpg,411.83191857760687,70.28596718027812,1525.0,694.0,831.0,20.0,23.0,48.0,56.0,2.4,2.4347826086956523,0.308697130791218,0.1404824975535117,0.16821463323770636,0.28455182168442716,0.3272345949370912,0.6829243720426252,0.796745100716396,2
2127,IMG_20240124_113717_2127,frontal1,IMG_20240124_113717_2127_frontal1.jpg,438.2714043005892,74.72002170646246,966.0,325.0,641.0,11.0,16.0,42.0,53.0,3.8181818181818183,3.3125,0.17302272501608146,0.0582115793273566,0.11481114568872486,0.14721623132302464,0.21413270010621765,0.5620983377788213,0.709314569101846,2
2128,IMG_20240124_113748_2128,frontal1,IMG_20240124_113748_2128_frontal1.jpg,438.7102080423895,74.86483398629093,971.0,365.0,606.0,13.0,19.0,40.0,48.0,3.076923076923077,2.526315789473684,0.17324611249453598,0.06512340994902742,0.10812270254550854,0.17364628100799007,0.2537907183962932,0.534296249255354,0.6411554991064249,2
2129,IMG_20240124_114349_2129,frontal1,IMG_20240124_114349_2129_frontal1.jpg,647.9180430807937,110.54304143440723,3267.0,1782.0,1485.0,31.0,33.0,85.0,76.0,2.7419354838709675,2.303030303030303,0.26735377192568305,0.14582933014128166,0.12152444178440137,0.2804337532036734,0.298526253410362,0.7689312587842658,0.6875150078541671,2
2130,IMG_20240124_114436_2130,frontal1,IMG_20240124_114436_2130_frontal1.jpg,493.2734626264314,84.1661725233789,2211.0,1153.0,1058.0,23.0,23.0,69.0,68.0,3.0,2.9565217391304346,0.3121142422348897,0.16276242482895878,0.14935181740593095,0.2732689310971254,0.2732689310971254,0.8198067932913763,0.8079255354175882,2
2131,IMG_20240124_114706_2131,frontal1,IMG_20240124_114706_2131_frontal1.jpg,477.10544095512034,81.29973665724116,2090.0,949.0,1141.0,20.0,25.0,65.0,70.0,3.25,2.8,0.3162044724799174,0.1435780116667185,0.17262646081319893,0.24600325686563773,0.3075040710820472,0.7995105848133226,0.8610113990297321,2
2132,IMG_20240124_114738_2132,frontal1,IMG_20240124_114738_2132_frontal1.jpg,557.377125524267,95.1129290825527,2840.0,1257.0,1583.0,25.0,28.0,70.0,77.0,2.8,2.75,0.31393463156930385,0.13894923657838554,0.1749853949909183,0.26284544321310305,0.2943868963986754,0.7359672409966884,0.8095639650963573,2
2133,IMG_20240124_114937_2133,frontal1,IMG_20240124_114937_2133_frontal1.jpg,504.074670394774,85.99550858944559,1876.0,924.0,952.0,22.0,20.0,57.0,70.0,2.590909090909091,3.5,0.25367711819813915,0.12494544627669539,0.12873167192144375,0.25582731424999217,0.23257028568181107,0.6628253141931616,0.8139959998863388,2
2134,IMG_20240124_115021_2134,frontal1,IMG_20240124_115021_2134_frontal1.jpg,524.1924718779584,89.45750534289233,2178.0,1168.0,1010.0,25.0,21.0,66.0,64.0,2.64,3.0476190476190474,0.2721600081781496,0.14595173992290117,0.12620826825524845,0.27946229781586823,0.2347483301653293,0.7377804662338922,0.7154234824086226,2
2135,IMG_20240124_115319_2135,frontal1,IMG_20240124_115319_2135_frontal1.jpg,533.6501194269916,90.89719428662352,2302.0,1155.0,1147.0,23.0,25.0,67.0,69.0,2.9130434782608696,2.76,0.27861491591100024,0.13979158465560612,0.13882333125539414,0.2530331126335403,0.2750359919929785,0.7370964585411824,0.7590993379006208,2
2136,IMG_20240124_115409_2136,frontal1,IMG_20240124_115409_2136_frontal1.jpg,459.7966314026521,78.45398157519487,1697.0,916.0,781.0,23.0,25.0,60.0,56.0,2.608695652173913,2.24,0.27570958469638934,0.148821437585087,0.12688814711130234,0.2931654906252968,0.31865814198401826,0.7647795407616438,0.7137942380442008,2
2137,IMG_20240124_115455_2137,frontal1,IMG_20240124_115455_2137_frontal1.jpg,508.6494463879503,86.75371454949688,2441.0,1299.0,1142.0,26.0,23.0,71.0,66.0,2.730769230769231,2.869565217391304,0.32433335993124096,0.17259690067623187,0.1517364592550091,0.29969898274690976,0.2651183308914971,0.8184087605780997,0.7607743408190787,2
2138,IMG_20240124_115744_2138,frontal1,IMG_20240124_115744_2138_frontal1.jpg,497.0679876218389,84.83263394434849,2073.0,980.0,1093.0,21.0,22.0,61.0,64.0,2.9047619047619047,2.909090909090909,0.2880536609096025,0.13617587442904508,0.15187778648055741,0.247546245160516,0.259334161596731,0.7190629026091179,0.7544266519177629,2
2139,IMG_20240124_115826_2139,frontal1,IMG_20240124_115826_2139_frontal1.jpg,488.5852456600533,83.38503857170394,1900.0,994.0,906.0,26.0,20.0,71.0,73.0,2.730769230769231,3.65,0.27326079844834655,0.14295854403034552,0.13030225441800106,0.31180653562499994,0.23985118124999996,0.8514716934374998,0.8754568115624999,2
2140,IMG_20240124_115859_2140,frontal1,IMG_20240124_115859_2140_frontal1.jpg,486.22485296212426,82.97871056114937,2140.0,1107.0,1033.0,25.0,23.0,64.0,63.0,2.56,2.739130434782609,0.31079957023879734,0.16077342254876106,0.1500261476900363,0.3012820979132568,0.27717953008019625,0.7712821706579374,0.7592308867414072,2
2141,IMG_20240124_120118_2141,frontal1,IMG_20240124_120118_2141_frontal1.jpg,546.5327718321183,93.26914827914364,2131.0,1039.0,1092.0,23.0,25.0,70.0,72.0,3.0434782608695654,2.88,0.24496691221506067,0.11943717587585548,0.1255297363392052,0.24659815624308795,0.26804147417726953,0.7505161276963547,0.7719594456305362,2
2142,IMG_20240124_120200_2142,frontal1,IMG_20240124_120200_2142_frontal1.jpg,502.61791145459966,85.75194343639308,1441.0,727.0,714.0,20.0,21.0,62.0,62.0,3.1,2.9523809523809526,0.19596388370511955,0.09886588719890486,0.09709799650621469,0.2332308656635298,0.2448924089467063,0.7230156835569423,0.7230156835569423,2
2143,IMG_20240124_120450_2143,frontal1,IMG_20240124_120450_2143_frontal1.jpg,533.1443585051705,90.97486692577061,1446.0,1142.0,304.0,23.0,18.0,66.0,41.0,2.869565217391304,2.2777777777777777,0.17471308605791463,0.13798225745376108,0.03673082860415356,0.25281707769648576,0.19785684341464102,0.7254750925203504,0.45067392111112675,2
2144,IMG_20240124_120535_2144,frontal1,IMG_20240124_120535_2144_frontal1.jpg,481.684560929547,82.20702031837006,1687.0,963.0,724.0,20.0,18.0,64.0,55.0,3.2,3.0555555555555554,0.2496302826939297,0.14249790292486916,0.10713237976906052,0.2432882243212844,0.21895940188915597,0.7785223178281101,0.6690426168835322,2
2145,IMG_20240124_120606_2145,frontal1,IMG_20240124_120606_2145_frontal1.jpg,461.0177091498465,78.67894853053853,1287.0,617.0,670.0,14.0,19.0,56.0,51.0,4.0,2.6842105263157894,0.20790333320332274,0.0996708287385005,0.10823250446482226,0.17793832100547233,0.24148772136456956,0.7117532840218893,0.648203883662792,2
2146,IMG_20240124_120842_2146,frontal1,IMG_20240124_120842_2146_frontal1.jpg,441.236724748859,75.25443307247183,1604.0,975.0,629.0,20.0,17.0,64.0,58.0,3.2,3.411764705882353,0.28323060970543734,0.172163244677557,0.11106736502788037,0.26576507434106267,0.22590031318990328,0.8504482378914006,0.7707187155890818,2
2147,IMG_20240124_120917_2147,frontal1,IMG_20240124_120917_2147_frontal1.jpg,485.5377901160386,82.84617824996948,2024.0,960.0,1064.0,21.0,24.0,66.0,68.0,3.142857142857143,2.8333333333333335,0.2948937378776371,0.13987054760994647,0.15502319026769065,0.25348181948281645,0.2896935079803617,0.7966571469459945,0.8207982726110248,2
2148,IMG_20240124_120949_2148,frontal1,IMG_20240124_120949_2148_frontal1.jpg,565.9397718502472,96.58340822670465,2008.0,363.0,1645.0,17.0,31.0,28.0,77.0,1.6470588235294117,2.4838709677419355,0.21525767994016515,0.038913614451334635,0.1763440654888305,0.17601366851847766,0.3209661014160475,0.2899048657951397,0.7972383809366341,2
2149,IMG_20240124_121143_2149,frontal1,IMG_20240124_121143_2149_frontal1.jpg,517.2878779589789,88.21207821241853,2129.0,1256.0,873.0,24.0,21.0,69.0,65.0,2.875,3.0952380952380953,0.27360218018622035,0.16141114998304026,0.11219103020318007,0.2720715857323637,0.23806263751581824,0.7822058089805456,0.7368605446918183,2
2150,IMG_20240124_121220_2150,frontal1,IMG_20240124_121220_2150_frontal1.jpg,466.5090485239916,79.61696094620702,1871.0,1217.0,654.0,23.0,20.0,75.0,60.0,3.260869565217391,3.0,0.2951634617552234,0.1919903436430288,0.10317311811219461,0.28888316919732576,0.25120275582376156,0.9420103343391057,0.7536082674712846,2
2151,IMG_20240124_124134_2151,frontal1,IMG_20240124_124134_2151_frontal1.jpg,467.3835183301052,79.76470326221857,1781.0,997.0,784.0,23.0,18.0,61.0,61.0,2.652173913043478,3.388888888888889,0.2799254671767045,0.1567016792673635,0.123223787909341,0.2883480920676126,0.22566372422682723,0.7647492876575812,0.7647492876575812,2
2152,IMG_20240124_124323_2152,frontal1,IMG_20240124_124323_2152_frontal1.jpg,634.3821019844104,108.19882873330724,2587.0,1379.0,1208.0,22.0,22.0,80.0,76.0,3.6363636363636362,3.4545454545454546,0.22097915559435022,0.11779290899289098,0.10318624660145925,0.2033293729475249,0.2033293729475249,0.7393795379909996,0.7024105610914496,2
2153,IMG_20240124_124454_2153,frontal1,IMG_20240124_124454_2153_frontal1.jpg,606.9701001775616,103.58773696807893,2217.0,1128.0,1089.0,22.0,20.0,71.0,73.0,3.227272727272727,3.65,0.2066088890203716,0.10512170808073035,0.10148718093964126,0.21238035161227056,0.19307304692024596,0.6854093165668732,0.7047166212588978,2
2154,IMG_20240124_124626_2154,frontal1,IMG_20240124_124626_2154_frontal1.jpg,602.2365604819252,102.78156008716029,2754.0,1668.0,1086.0,26.0,23.0,86.0,77.0,3.3076923076923075,3.347826086956522,0.2606954942662153,0.15789400306319795,0.10280149120301736,0.2529636636956241,0.22377554865382135,0.8367259645316798,0.7491616194062715,2
2155,IMG_20240124_124754_2155,frontal1,IMG_20240124_124754_2155_frontal1.jpg,533.336855268115,91.02207063079727,1816.0,1119.0,697.0,22.0,17.0,70.0,61.0,3.1818181818181817,3.588235294117647,0.2191908507918253,0.1350630848216148,0.08412776597021047,0.2416996212845581,0.18676788917443127,0.7690442495417757,0.6701671317435475,2
2156,IMG_20240124_124927_2156,frontal1,IMG_20240124_124927_2156_frontal1.jpg,563.7844398581154,96.19779030402746,2057.0,999.0,1058.0,20.0,24.0,61.0,62.0,3.05,2.5833333333333335,0.222281899398024,0.10795314414128633,0.11432875525673766,0.207904983438717,0.2494859801264604,0.6341101994880868,0.6445054486600227,2
2157,IMG_20240124_125106_2157,frontal1,IMG_20240124_125106_2157_frontal1.jpg,581.5191028917968,99.24249521641141,2825.0,1326.0,1499.0,24.0,27.0,79.0,85.0,3.2916666666666665,3.1481481481481484,0.2868290285877476,0.13463196173711622,0.1521970668506314,0.24183188812075734,0.272060874135852,0.7960299650641596,0.8564879370943489,2
2158,IMG_20240124_125301_2158,frontal1,IMG_20240124_125301_2158_frontal1.jpg,648.8769038527311,110.74134239263374,3580.0,2052.0,1528.0,32.0,25.0,86.0,79.0,2.6875,3.16,0.29191973714468983,0.16732382698907922,0.12459591015561064,0.28896164078040437,0.22575128185969093,0.7765844095973368,0.7133740506766234,2
2159,IMG_20240124_125346_2159,frontal1,IMG_20240124_125346_2159_frontal1.jpg,624.5108071429469,106.58244918631222,3289.0,1743.0,1546.0,30.0,26.0,78.0,78.0,2.6,3.0,0.289529274377729,0.15343555039233253,0.1360937239853965,0.28147223327133614,0.24394260216849128,0.7318278065054739,0.7318278065054739,2
2160,IMG_20240124_125442_2160,frontal1,IMG_20240124_125442_2160_frontal1.jpg,512.00617779739,87.37348846485388,1794.0,1126.0,668.0,23.0,16.0,68.0,59.0,2.9565217391304346,3.6875,0.23499741629487617,0.14749559127537937,0.08750182501949681,0.2632377441270619,0.1831219089579561,0.7782681130713135,0.6752620392824632,2
2161,IMG_20240124_125648_2161,frontal1,IMG_20240124_125648_2161_frontal1.jpg,643.4880621529062,109.82078006892007,3666.0,2001.0,1665.0,39.0,36.0,85.0,78.0,2.1794871794871793,2.1666666666666665,0.3039648827344861,0.165912092294519,0.13805279043996707,0.35512404824956467,0.3278068137688289,0.7739883102875127,0.7102480964991293,2
2162,IMG_20240124_125730_2162,frontal1,IMG_20240124_125730_2162_frontal1.jpg,618.7197459799929,105.59270568811266,2812.0,1850.0,962.0,29.0,20.0,93.0,64.0,3.206896551724138,3.2,0.25220139226271177,0.16592196859388933,0.08627942366882245,0.2746401828707448,0.1894070226694792,0.8807426554130783,0.6061024725423334,2
